{
  "main": {
    "ccp-IN": {
      "identity": {
        "version": {
          "_number": "$Revision: 13633 $",
          "_cldrVersion": "32"
        },
        "language": "ccp",
        "territory": "IN"
      },
      "dates": {
        "timeZoneNames": {
          "hourFormat": "+HH:mm;-HH:mm",
          "gmtFormat": "GMT {0}",
          "gmtZeroFormat": "GMT",
          "regionFormat": "{0} 𑄃𑄧𑄇𑄴𑄖𑄧",
          "regionFormat-type-daylight": "{0} 𑄘𑄨𑄝𑄪𑄌𑄴𑄎𑄳𑄠 𑄃𑄧𑄇𑄴𑄖𑄧𑄖𑄴",
          "regionFormat-type-standard": "{0} 𑄟𑄚𑄧𑄇𑄴 𑄃𑄧𑄇𑄴𑄖𑄧𑄖𑄴",
          "fallbackFormat": "{1} ({0})",
          "zone": {
            "America": {
              "Adak": {
                "exemplarCity": "𑄃𑄓𑄇𑄴"
              },
              "Anchorage": {
                "exemplarCity": "𑄃𑄬𑄚𑄴𑄇𑄮𑄢𑄬𑄌𑄴"
              },
              "Anguilla": {
                "exemplarCity": "𑄃𑄳𑄃𑄋𑄴𑄉𑄪𑄃𑄨𑄣"
              },
              "Antigua": {
                "exemplarCity": "𑄃𑄳𑄃𑄚𑄴𑄑𑄨𑄉𑄪𑄠𑄉"
              },
              "Araguaina": {
                "exemplarCity": "𑄃𑄢𑄉𑄪𑄠𑄭𑄚"
              },
              "Argentina": {
                "Rio_Gallegos": {
                  "exemplarCity": "𑄢𑄨𑄃𑄮 𑄉𑄠𑄬𑄉𑄮𑄌𑄴"
                },
                "San_Juan": {
                  "exemplarCity": "𑄥𑄚𑄴 𑄦𑄪𑄠𑄚𑄴"
                },
                "Ushuaia": {
                  "exemplarCity": "𑄅𑄥𑄪𑄠𑄭𑄠"
                },
                "La_Rioja": {
                  "exemplarCity": "𑄣 𑄢𑄨𑄃𑄮𑄦"
                },
                "San_Luis": {
                  "exemplarCity": "𑄥𑄚𑄴 𑄣𑄭𑄪𑄌𑄴"
                },
                "Salta": {
                  "exemplarCity": "𑄥𑄳𑄠𑄣𑄴𑄑"
                },
                "Tucuman": {
                  "exemplarCity": "𑄑𑄪𑄇𑄪𑄟𑄚𑄴"
                }
              },
              "Aruba": {
                "exemplarCity": "𑄃𑄬𑄢𑄪𑄝"
              },
              "Asuncion": {
                "exemplarCity": "𑄃𑄥𑄪𑄚𑄴𑄥𑄨𑄠𑄧𑄚𑄴"
              },
              "Bahia": {
                "exemplarCity": "𑄝𑄦𑄨𑄠"
              },
              "Bahia_Banderas": {
                "exemplarCity": "𑄝𑄦𑄨𑄠 𑄝𑄚𑄴𑄓𑄬𑄢𑄌𑄴"
              },
              "Barbados": {
                "exemplarCity": "𑄝𑄢𑄴𑄝𑄓𑄮𑄎𑄴"
              },
              "Belem": {
                "exemplarCity": "𑄝𑄬𑄣𑄬𑄟𑄴"
              },
              "Belize": {
                "exemplarCity": "𑄝𑄬𑄣𑄨𑄎𑄴"
              },
              "Blanc-Sablon": {
                "exemplarCity": "𑄝𑄳𑄣𑄁𑄇𑄴-𑄥𑄝𑄳𑄣𑄮𑄚𑄴"
              },
              "Boa_Vista": {
                "exemplarCity": "𑄝𑄱 𑄞𑄨𑄌𑄴𑄖"
              },
              "Bogota": {
                "exemplarCity": "𑄝𑄮𑄉𑄮𑄑"
              },
              "Boise": {
                "exemplarCity": "𑄝𑄧𑄠𑄧𑄎𑄨"
              },
              "Buenos_Aires": {
                "exemplarCity": "𑄝𑄪𑄠𑄬𑄚𑄮𑄌𑄴 𑄃𑄠𑄬𑄢𑄬𑄌𑄴"
              },
              "Cambridge_Bay": {
                "exemplarCity": "𑄇𑄬𑄟𑄴𑄝𑄳𑄢𑄨𑄎𑄴 𑄝𑄬"
              },
              "Campo_Grande": {
                "exemplarCity": "𑄇𑄟𑄴𑄛𑄮 𑄉𑄳𑄢𑄚𑄴𑄓𑄬"
              },
              "Cancun": {
                "exemplarCity": "𑄇𑄳𑄠𑄚𑄴𑄇𑄪𑄚𑄴"
              },
              "Caracas": {
                "exemplarCity": "𑄇𑄳𑄠𑄢𑄇𑄌𑄴"
              },
              "Catamarca": {
                "exemplarCity": "𑄇𑄳𑄠𑄑𑄟𑄢𑄴𑄇"
              },
              "Cayenne": {
                "exemplarCity": "𑄇𑄦𑄬𑄚𑄴"
              },
              "Cayman": {
                "exemplarCity": "𑄇𑄟𑄬𑄚𑄴"
              },
              "Chicago": {
                "exemplarCity": "𑄥𑄨𑄇𑄉𑄮"
              },
              "Chihuahua": {
                "exemplarCity": "𑄌𑄨𑄦𑄪𑄠𑄦𑄪𑄠"
              },
              "Coral_Harbour": {
                "exemplarCity": "𑄇𑄮𑄢𑄣𑄴 𑄦𑄢𑄴𑄝𑄢𑄴"
              },
              "Cordoba": {
                "exemplarCity": "𑄇𑄧𑄢𑄴𑄓𑄮𑄝"
              },
              "Costa_Rica": {
                "exemplarCity": "𑄇𑄮𑄌𑄴𑄑𑄢𑄨𑄇"
              },
              "Creston": {
                "exemplarCity": "𑄇𑄳𑄢𑄨𑄌𑄴𑄑𑄚𑄴"
              },
              "Cuiaba": {
                "exemplarCity": "𑄇𑄭𑄪𑄠𑄝"
              },
              "Curacao": {
                "exemplarCity": "𑄇𑄪𑄢𑄥𑄃𑄮"
              },
              "Danmarkshavn": {
                "exemplarCity": "𑄓𑄚𑄴𑄟𑄢𑄴𑄇𑄴𑄥𑄳𑄠𑄞𑄧𑄚𑄴"
              },
              "Dawson": {
                "exemplarCity": "𑄓𑄧𑄥𑄮𑄚𑄴"
              },
              "Dawson_Creek": {
                "exemplarCity": "𑄓𑄧𑄥𑄮𑄚𑄴 𑄇𑄳𑄢𑄨𑄇𑄴"
              },
              "Denver": {
                "exemplarCity": "𑄓𑄬𑄚𑄴𑄞𑄢𑄴"
              },
              "Detroit": {
                "exemplarCity": "𑄓𑄬𑄑𑄳𑄢𑄮𑄃𑄨𑄑𑄴"
              },
              "Dominica": {
                "exemplarCity": "𑄓𑄮𑄟𑄨𑄚𑄨𑄇"
              },
              "Edmonton": {
                "exemplarCity": "𑄃𑄬𑄓𑄴𑄟𑄧𑄚𑄴𑄑𑄮𑄚𑄴"
              },
              "Eirunepe": {
                "exemplarCity": "𑄃𑄭𑄢𑄪𑄚𑄬𑄛𑄬"
              },
              "El_Salvador": {
                "exemplarCity": "𑄃𑄬𑄣𑄴 𑄥𑄣𑄴𑄞𑄘𑄮𑄢𑄴"
              },
              "Fort_Nelson": {
                "exemplarCity": "𑄜𑄮𑄢𑄴𑄑𑄴 𑄚𑄬𑄣𑄴𑄥𑄧𑄚𑄴"
              },
              "Fortaleza": {
                "exemplarCity": "𑄜𑄢𑄴𑄑𑄣𑄬𑄎"
              },
              "Glace_Bay": {
                "exemplarCity": "𑄉𑄳𑄣𑄌𑄴 𑄝𑄬"
              },
              "Godthab": {
                "exemplarCity": "𑄚𑄪𑄇𑄴"
              },
              "Goose_Bay": {
                "exemplarCity": "𑄉𑄪𑄌𑄴 𑄝𑄬"
              },
              "Grand_Turk": {
                "exemplarCity": "𑄉𑄳𑄢𑄳𑄠𑄚𑄴𑄓𑄴 𑄖𑄪𑄢𑄴𑄇𑄴"
              },
              "Grenada": {
                "exemplarCity": "𑄉𑄳𑄢𑄬𑄚𑄓"
              },
              "Guadeloupe": {
                "exemplarCity": "𑄉𑄱𑄘𑄬𑄣𑄮𑄛𑄴"
              },
              "Guatemala": {
                "exemplarCity": "𑄉𑄱𑄖𑄬𑄟𑄣"
              },
              "Guayaquil": {
                "exemplarCity": "𑄉𑄮𑄠𑄃𑄨𑄠𑄇𑄨𑄣𑄴"
              },
              "Guyana": {
                "exemplarCity": "𑄉𑄠𑄚"
              },
              "Halifax": {
                "exemplarCity": "𑄦𑄳𑄠𑄣𑄨𑄜𑄳𑄠𑄇𑄴𑄥𑄴"
              },
              "Havana": {
                "exemplarCity": "𑄦𑄞𑄚"
              },
              "Hermosillo": {
                "exemplarCity": "𑄦𑄢𑄴𑄟𑄮𑄥𑄨𑄣𑄳𑄣𑄮"
              },
              "Indiana": {
                "Vincennes": {
                  "exemplarCity": "𑄞𑄨𑄚𑄴𑄥𑄬𑄚𑄴𑄚𑄬𑄌𑄴, 𑄃𑄨𑄚𑄴𑄓𑄨𑄠𑄚"
                },
                "Petersburg": {
                  "exemplarCity": "𑄛𑄨𑄑𑄢𑄴𑄥𑄴𑄝𑄢𑄴𑄉𑄴, 𑄃𑄨𑄚𑄴𑄓𑄨𑄠𑄚"
                },
                "Tell_City": {
                  "exemplarCity": "𑄑𑄬𑄣𑄴𑄥𑄨𑄑𑄨, 𑄃𑄨𑄚𑄴𑄓𑄨𑄠𑄚"
                },
                "Knox": {
                  "exemplarCity": "𑄚𑄧𑄇𑄴𑄥𑄴, 𑄃𑄨𑄚𑄴𑄓𑄨𑄠𑄚"
                },
                "Winamac": {
                  "exemplarCity": "𑄃𑄪𑄃𑄨𑄚𑄟𑄳𑄠𑄇𑄴, 𑄃𑄨𑄚𑄴𑄓𑄨𑄠𑄚"
                },
                "Marengo": {
                  "exemplarCity": "𑄟𑄢𑄬𑄋𑄴𑄉𑄮, 𑄃𑄨𑄚𑄴𑄓𑄨𑄠𑄚"
                },
                "Vevay": {
                  "exemplarCity": "𑄞𑄬𑄞𑄬𑄠𑄴, 𑄃𑄨𑄚𑄴𑄓𑄨𑄠𑄚"
                }
              },
              "Indianapolis": {
                "exemplarCity": "𑄃𑄨𑄚𑄴𑄓𑄨𑄠𑄚𑄛𑄮𑄣𑄨𑄌𑄴"
              },
              "Inuvik": {
                "exemplarCity": "𑄃𑄨𑄚𑄪𑄞𑄳𑄠𑄇𑄴"
              },
              "Iqaluit": {
                "exemplarCity": "𑄃𑄨𑄇𑄱𑄣𑄪𑄃𑄨𑄑𑄴"
              },
              "Jamaica": {
                "exemplarCity": "𑄎𑄟𑄭𑄇"
              },
              "Jujuy": {
                "exemplarCity": "𑄦𑄪𑄦𑄪𑄃𑄨"
              },
              "Juneau": {
                "exemplarCity": "𑄎𑄪𑄚𑄮"
              },
              "Kentucky": {
                "Monticello": {
                  "exemplarCity": "𑄟𑄧𑄚𑄴𑄑𑄨𑄌𑄬𑄣𑄮, 𑄇𑄬𑄚𑄴𑄑𑄇𑄨"
                }
              },
              "Kralendijk": {
                "exemplarCity": "𑄇𑄳𑄢𑄬𑄣𑄬𑄚𑄴𑄓𑄎𑄨𑄇𑄴"
              },
              "La_Paz": {
                "exemplarCity": "𑄣 𑄛𑄎𑄴"
              },
              "Lima": {
                "exemplarCity": "𑄣𑄨𑄟"
              },
              "Los_Angeles": {
                "exemplarCity": "𑄣𑄧𑄌𑄴 𑄃𑄳𑄠𑄚𑄴𑄎𑄬𑄣𑄧𑄌𑄴"
              },
              "Louisville": {
                "exemplarCity": "𑄣𑄭𑄪𑄥𑄴𑄞𑄨𑄣𑄴"
              },
              "Lower_Princes": {
                "exemplarCity": "𑄣𑄮𑄠𑄢𑄴 𑄛𑄳𑄢𑄨𑄚𑄴𑄥𑄬𑄌𑄴 𑄇𑄮𑄠𑄢𑄴𑄑𑄢𑄴"
              },
              "Maceio": {
                "exemplarCity": "𑄟𑄥𑄬𑄠𑄮"
              },
              "Managua": {
                "exemplarCity": "𑄟𑄚𑄉𑄱"
              },
              "Manaus": {
                "exemplarCity": "𑄟𑄚𑄃𑄪𑄌𑄴"
              },
              "Marigot": {
                "exemplarCity": "𑄟𑄢𑄨𑄉𑄮"
              },
              "Martinique": {
                "exemplarCity": "𑄟𑄢𑄴𑄑𑄨𑄚𑄨𑄇𑄴"
              },
              "Matamoros": {
                "exemplarCity": "𑄟𑄖𑄟𑄮𑄢𑄮𑄌𑄴"
              },
              "Mazatlan": {
                "exemplarCity": "𑄟𑄎𑄖𑄴𑄣𑄚𑄴"
              },
              "Mendoza": {
                "exemplarCity": "𑄟𑄬𑄚𑄴𑄓𑄮𑄎"
              },
              "Menominee": {
                "exemplarCity": "𑄟𑄬𑄚𑄮𑄟𑄨𑄚𑄨"
              },
              "Merida": {
                "exemplarCity": "𑄟𑄬𑄢𑄨𑄓"
              },
              "Metlakatla": {
                "exemplarCity": "𑄇𑄳𑄠𑄇𑄴𑄤𑄢𑄨"
              },
              "Mexico_City": {
                "exemplarCity": "𑄟𑄬𑄇𑄴𑄥𑄨𑄇𑄮 𑄥𑄧𑄦𑄧𑄢𑄴"
              },
              "Miquelon": {
                "exemplarCity": "𑄟𑄨𑄣𑄪𑄣𑄧𑄚𑄴"
              },
              "Moncton": {
                "exemplarCity": "𑄟𑄧𑄋𑄴𑄑𑄮𑄚𑄴"
              },
              "Monterrey": {
                "exemplarCity": "𑄟𑄧𑄚𑄴𑄑𑄬𑄢𑄨"
              },
              "Montevideo": {
                "exemplarCity": "𑄟𑄧𑄚𑄴𑄑𑄬𑄞𑄨𑄓𑄨𑄃𑄮"
              },
              "Montserrat": {
                "exemplarCity": "𑄟𑄧𑄚𑄴𑄖𑄴𑄥𑄬𑄢𑄖𑄴"
              },
              "Nassau": {
                "exemplarCity": "𑄚𑄥𑄃𑄪"
              },
              "New_York": {
                "exemplarCity": "𑄚𑄨𑄅𑄪𑄃𑄨𑄠𑄧𑄢𑄴𑄇𑄴"
              },
              "Nipigon": {
                "exemplarCity": "𑄚𑄨𑄛𑄨𑄉𑄮𑄚𑄴"
              },
              "Nome": {
                "exemplarCity": "𑄚𑄮𑄟𑄴"
              },
              "Noronha": {
                "exemplarCity": "𑄚𑄧𑄢𑄮𑄢𑄴𑄦"
              },
              "North_Dakota": {
                "Beulah": {
                  "exemplarCity": "𑄝𑄬𑄃𑄪𑄣, 𑄃𑄪𑄖𑄴𑄖𑄮𑄢𑄴 𑄓𑄇𑄮𑄑"
                },
                "New_Salem": {
                  "exemplarCity": "𑄚𑄨𑄃𑄪 𑄥𑄣𑄬𑄟𑄴, 𑄃𑄪𑄖𑄴𑄖𑄮𑄢𑄴 𑄓𑄇𑄮𑄑"
                },
                "Center": {
                  "exemplarCity": "𑄟𑄧𑄖𑄴𑄙𑄳𑄠, 𑄃𑄪𑄖𑄴𑄖𑄮𑄢𑄴 𑄓𑄇𑄮𑄑"
                }
              },
              "Ojinaga": {
                "exemplarCity": "𑄃𑄮𑄎𑄨𑄋𑄴𑄉"
              },
              "Panama": {
                "exemplarCity": "𑄛𑄚𑄟"
              },
              "Pangnirtung": {
                "exemplarCity": "𑄛𑄳𑄠𑄋𑄴𑄉𑄧𑄚𑄨𑄢𑄴𑄑𑄪𑄁"
              },
              "Paramaribo": {
                "exemplarCity": "𑄛𑄳𑄠𑄢𑄟𑄬𑄢𑄨𑄝𑄮"
              },
              "Phoenix": {
                "exemplarCity": "𑄜𑄮𑄚𑄨𑄇𑄴𑄥𑄴"
              },
              "Port-au-Prince": {
                "exemplarCity": "𑄛𑄮𑄢𑄴𑄑𑄴-𑄦𑄧-𑄛𑄳𑄢𑄨𑄚𑄴𑄥𑄴"
              },
              "Port_of_Spain": {
                "exemplarCity": "𑄛𑄮𑄢𑄴𑄑𑄴 𑄃𑄧𑄜𑄴 𑄥𑄳𑄛𑄬𑄚𑄴"
              },
              "Porto_Velho": {
                "exemplarCity": "𑄛𑄮𑄢𑄴𑄖𑄮 𑄞𑄬𑄣𑄴𑄦𑄮"
              },
              "Puerto_Rico": {
                "exemplarCity": "𑄛𑄪𑄠𑄬𑄢𑄴𑄖𑄮 𑄢𑄨𑄇𑄮"
              },
              "Punta_Arenas": {
                "exemplarCity": "Punta Arenas"
              },
              "Rainy_River": {
                "exemplarCity": "𑄣𑄬𑄭𑄚𑄨 𑄢𑄨𑄞𑄢𑄴"
              },
              "Rankin_Inlet": {
                "exemplarCity": "𑄢𑄳𑄠𑄋𑄴𑄇𑄨𑄚𑄴 𑄃𑄨𑄚𑄴𑄣𑄬𑄑𑄴"
              },
              "Recife": {
                "exemplarCity": "𑄢𑄬𑄥𑄨𑄜𑄬"
              },
              "Regina": {
                "exemplarCity": "𑄢𑄬𑄎𑄨𑄚"
              },
              "Resolute": {
                "exemplarCity": "𑄢𑄬𑄥𑄮𑄣𑄪𑄑𑄴"
              },
              "Rio_Branco": {
                "exemplarCity": "𑄢𑄨𑄃𑄮 𑄝𑄳𑄢𑄋𑄴𑄇𑄮"
              },
              "Santa_Isabel": {
                "exemplarCity": "𑄥𑄚𑄴𑄖 𑄃𑄨𑄥𑄝𑄬𑄣𑄴"
              },
              "Santarem": {
                "exemplarCity": "𑄥𑄬𑄚𑄴𑄑𑄪𑄢𑄬𑄟𑄴"
              },
              "Santiago": {
                "exemplarCity": "𑄥𑄚𑄴𑄑𑄨𑄠𑄉𑄮"
              },
              "Santo_Domingo": {
                "exemplarCity": "𑄥𑄳𑄠𑄚𑄴𑄑𑄮 𑄓𑄮𑄟𑄨𑄁𑄉𑄮"
              },
              "Sao_Paulo": {
                "exemplarCity": "𑄥𑄃𑄮 𑄛𑄃𑄪𑄣𑄮"
              },
              "Scoresbysund": {
                "exemplarCity": "𑄃𑄨𑄑𑄴𑄇𑄪𑄠𑄮𑄢𑄴𑄑𑄪𑄢𑄴𑄟𑄨𑄑𑄴"
              },
              "Sitka": {
                "exemplarCity": "𑄥𑄨𑄑𑄴𑄇"
              },
              "St_Barthelemy": {
                "exemplarCity": "𑄥𑄬𑄚𑄴𑄑𑄴. 𑄝𑄢𑄴𑄗𑄬𑄣𑄬𑄟𑄨"
              },
              "St_Johns": {
                "exemplarCity": "𑄥𑄬𑄚𑄴𑄑𑄴 𑄎𑄧𑄚𑄴𑄥𑄴"
              },
              "St_Kitts": {
                "exemplarCity": "𑄥𑄬𑄚𑄴𑄑𑄴. 𑄇𑄨𑄑𑄴𑄥𑄴"
              },
              "St_Lucia": {
                "exemplarCity": "𑄥𑄬𑄚𑄴𑄑𑄴. 𑄣𑄪𑄥𑄨𑄠"
              },
              "St_Thomas": {
                "exemplarCity": "𑄥𑄬𑄚𑄴𑄑𑄴 𑄗𑄧𑄟𑄌𑄴"
              },
              "St_Vincent": {
                "exemplarCity": "𑄥𑄬𑄚𑄴𑄑𑄴 𑄞𑄨𑄚𑄴𑄥𑄬𑄚𑄴𑄑𑄴"
              },
              "Swift_Current": {
                "exemplarCity": "𑄥𑄭𑄪𑄜𑄴𑄑𑄴 𑄇𑄢𑄬𑄚𑄳𑄑𑄴"
              },
              "Tegucigalpa": {
                "exemplarCity": "𑄖𑄬𑄉𑄪𑄥𑄨𑄉𑄣𑄴𑄛"
              },
              "Thule": {
                "exemplarCity": "𑄗𑄪𑄣𑄨"
              },
              "Thunder_Bay": {
                "exemplarCity": "𑄐𑄚𑄴𑄓𑄢𑄴 𑄝𑄬"
              },
              "Tijuana": {
                "exemplarCity": "𑄖𑄨𑄎𑄪𑄠𑄚"
              },
              "Toronto": {
                "exemplarCity": "𑄑𑄮𑄢𑄧𑄚𑄴𑄑𑄮"
              },
              "Tortola": {
                "exemplarCity": "𑄑𑄧𑄢𑄴𑄑𑄮𑄣"
              },
              "Vancouver": {
                "exemplarCity": "𑄞𑄳𑄠𑄚𑄴𑄇𑄪𑄞𑄢𑄴"
              },
              "Whitehorse": {
                "exemplarCity": "𑄦𑄠𑄭𑄑𑄴𑄦𑄧𑄢𑄴𑄥𑄴"
              },
              "Winnipeg": {
                "exemplarCity": "𑄃𑄪𑄃𑄨𑄚𑄨𑄛𑄬𑄉𑄴"
              },
              "Yakutat": {
                "exemplarCity": "𑄃𑄨𑄠𑄇𑄪𑄑𑄑𑄴"
              },
              "Yellowknife": {
                "exemplarCity": "𑄃𑄨𑄠𑄬𑄣𑄮𑄚𑄭𑄜𑄴"
              }
            },
            "Atlantic": {
              "Azores": {
                "exemplarCity": "𑄃𑄎𑄮𑄢𑄬𑄌𑄴"
              },
              "Bermuda": {
                "exemplarCity": "𑄝𑄢𑄴𑄟𑄪𑄓"
              },
              "Canary": {
                "exemplarCity": "𑄇𑄚𑄬𑄢𑄨"
              },
              "Cape_Verde": {
                "exemplarCity": "𑄇𑄬𑄛𑄴 𑄞𑄢𑄴𑄓𑄬"
              },
              "Faeroe": {
                "exemplarCity": "𑄜𑄳𑄠𑄢𑄮"
              },
              "Madeira": {
                "exemplarCity": "𑄟𑄓𑄬𑄭𑄢"
              },
              "Reykjavik": {
                "exemplarCity": "𑄢𑄨𑄇𑄴𑄎𑄞𑄨𑄇𑄴"
              },
              "South_Georgia": {
                "exemplarCity": "𑄘𑄧𑄉𑄨𑄚𑄴 𑄎𑄧𑄢𑄴𑄎𑄨𑄠"
              },
              "St_Helena": {
                "exemplarCity": "𑄥𑄬𑄚𑄴𑄑𑄴 𑄦𑄬𑄣𑄬𑄚"
              },
              "Stanley": {
                "exemplarCity": "𑄥𑄳𑄑𑄚𑄴𑄣𑄨"
              }
            },
            "Europe": {
              "Amsterdam": {
                "exemplarCity": "𑄃𑄟𑄧𑄌𑄴𑄑𑄢𑄴𑄓𑄟𑄴"
              },
              "Andorra": {
                "exemplarCity": "𑄃𑄳𑄃𑄚𑄴𑄓𑄮𑄢"
              },
              "Astrakhan": {
                "exemplarCity": "𑄃𑄌𑄴𑄑𑄳𑄢𑄈𑄚𑄴"
              },
              "Athens": {
                "exemplarCity": "𑄃𑄬𑄗𑄬𑄚𑄴𑄌𑄴"
              },
              "Belgrade": {
                "exemplarCity": "𑄝𑄬𑄣𑄴𑄉𑄳𑄢𑄬𑄓𑄴"
              },
              "Berlin": {
                "exemplarCity": "𑄝𑄢𑄴𑄣𑄨𑄚𑄴"
              },
              "Bratislava": {
                "exemplarCity": "𑄝𑄳𑄢𑄖𑄨𑄥𑄳𑄣𑄞"
              },
              "Brussels": {
                "exemplarCity": "𑄝𑄳𑄢𑄥𑄬𑄣𑄴𑄥𑄴"
              },
              "Bucharest": {
                "exemplarCity": "𑄝𑄪𑄈𑄢𑄬𑄌𑄴𑄑𑄴"
              },
              "Budapest": {
                "exemplarCity": "𑄝𑄪𑄓𑄛𑄬𑄌𑄴𑄑𑄴"
              },
              "Busingen": {
                "exemplarCity": "𑄝𑄪𑄥𑄨𑄚𑄴𑄉𑄬𑄚𑄴"
              },
              "Chisinau": {
                "exemplarCity": "𑄇𑄨𑄥𑄨𑄚𑄦𑄪"
              },
              "Copenhagen": {
                "exemplarCity": "𑄎𑄮𑄛𑄬𑄚𑄴𑄦𑄬𑄉𑄬𑄚𑄴"
              },
              "Dublin": {
                "long": {
                  "daylight": "𑄃𑄭𑄢𑄨𑄌𑄴 𑄟𑄚𑄧𑄇𑄴 𑄃𑄧𑄇𑄴𑄖𑄧"
                },
                "exemplarCity": "𑄓𑄛𑄴𑄣𑄨𑄚𑄴"
              },
              "Gibraltar": {
                "exemplarCity": "𑄎𑄨𑄝𑄳𑄢𑄣𑄴𑄑𑄢𑄴"
              },
              "Guernsey": {
                "exemplarCity": "𑄉𑄬𑄢𑄬𑄚𑄴𑄎𑄨"
              },
              "Helsinki": {
                "exemplarCity": "𑄦𑄬𑄣𑄴𑄥𑄨𑄁𑄇𑄨"
              },
              "Isle_of_Man": {
                "exemplarCity": "𑄃𑄭𑄣𑄴 𑄃𑄧𑄜𑄴 𑄟𑄳𑄠𑄚𑄴"
              },
              "Istanbul": {
                "exemplarCity": "𑄃𑄨𑄌𑄴𑄖𑄚𑄴𑄝𑄪𑄣𑄴"
              },
              "Jersey": {
                "exemplarCity": "𑄎𑄢𑄴𑄥𑄨"
              },
              "Kaliningrad": {
                "exemplarCity": "𑄇𑄣𑄨𑄚𑄨𑄋𑄴𑄉𑄳𑄢𑄓𑄴"
              },
              "Kiev": {
                "exemplarCity": "𑄇𑄨𑄠𑄬𑄞𑄴"
              },
              "Kirov": {
                "exemplarCity": "𑄇𑄨𑄢𑄬𑄞𑄴"
              },
              "Lisbon": {
                "exemplarCity": "𑄣𑄨𑄌𑄴𑄝𑄧𑄚𑄴"
              },
              "Ljubljana": {
                "exemplarCity": "𑄣𑄪𑄝𑄴𑄣𑄨𑄠𑄚"
              },
              "London": {
                "long": {
                  "daylight": "𑄝𑄳𑄢𑄨𑄑𑄨𑄌𑄴 𑄉𑄧𑄢𑄧𑄟𑄧 𑄃𑄧𑄇𑄴𑄖𑄧"
                },
                "exemplarCity": "𑄣𑄧𑄚𑄴𑄓𑄧𑄚𑄴"
              },
              "Luxembourg": {
                "exemplarCity": "𑄣𑄪𑄇𑄴𑄥𑄬𑄟𑄴𑄝𑄢𑄴𑄉𑄴"
              },
              "Madrid": {
                "exemplarCity": "𑄟𑄓𑄳𑄢𑄨𑄓𑄴"
              },
              "Malta": {
                "exemplarCity": "𑄟𑄧𑄣𑄴𑄑"
              },
              "Mariehamn": {
                "exemplarCity": "𑄟𑄧𑄢𑄨𑄠𑄬𑄦𑄟𑄬𑄚𑄴"
              },
              "Minsk": {
                "exemplarCity": "𑄟𑄨𑄚𑄴𑄥𑄳𑄇𑄴"
              },
              "Monaco": {
                "exemplarCity": "𑄟𑄮𑄚𑄇𑄮"
              },
              "Moscow": {
                "exemplarCity": "𑄟𑄧𑄌𑄴𑄇𑄮"
              },
              "Oslo": {
                "exemplarCity": "𑄃𑄧𑄥𑄴𑄣𑄮"
              },
              "Paris": {
                "exemplarCity": "𑄛𑄳𑄠𑄢𑄨𑄌𑄴"
              },
              "Podgorica": {
                "exemplarCity": "𑄛𑄧𑄓𑄴𑄉𑄧𑄢𑄨𑄇"
              },
              "Prague": {
                "exemplarCity": "𑄛𑄳𑄢𑄉𑄴"
              },
              "Riga": {
                "exemplarCity": "𑄢𑄨𑄉"
              },
              "Rome": {
                "exemplarCity": "𑄢𑄮𑄟𑄴"
              },
              "Samara": {
                "exemplarCity": "𑄥𑄟𑄢"
              },
              "San_Marino": {
                "exemplarCity": "𑄥𑄚𑄴 𑄟𑄬𑄢𑄨𑄚𑄮"
              },
              "Sarajevo": {
                "exemplarCity": "𑄥𑄢𑄎𑄨𑄞𑄮"
              },
              "Saratov": {
                "exemplarCity": "Saratov"
              },
              "Simferopol": {
                "exemplarCity": "𑄥𑄨𑄟𑄴𑄜𑄬𑄢𑄮𑄛𑄮𑄣𑄴"
              },
              "Skopje": {
                "exemplarCity": "𑄥𑄳𑄇𑄧𑄛𑄴𑄡𑄬"
              },
              "Sofia": {
                "exemplarCity": "𑄥𑄮𑄜𑄨𑄠"
              },
              "Stockholm": {
                "exemplarCity": "𑄥𑄳𑄑𑄧𑄇𑄴𑄦𑄮𑄟𑄴"
              },
              "Tallinn": {
                "exemplarCity": "𑄦𑄣𑄨𑄚𑄴"
              },
              "Tirane": {
                "exemplarCity": "𑄖𑄨𑄢𑄚"
              },
              "Ulyanovsk": {
                "exemplarCity": "𑄅𑄪𑄣𑄨𑄠𑄚𑄮𑄞𑄴𑄥𑄴𑄇𑄴"
              },
              "Uzhgorod": {
                "exemplarCity": "𑄅𑄪𑄏𑄴𑄉𑄮𑄢𑄮𑄓𑄴"
              },
              "Vaduz": {
                "exemplarCity": "𑄞𑄘𑄪𑄎𑄴"
              },
              "Vatican": {
                "exemplarCity": "𑄞𑄑𑄨𑄇𑄚𑄴"
              },
              "Vienna": {
                "exemplarCity": "𑄞𑄨𑄠𑄬𑄚"
              },
              "Vilnius": {
                "exemplarCity": "𑄞𑄨𑄣𑄴𑄚𑄨𑄠𑄌𑄴"
              },
              "Volgograd": {
                "exemplarCity": "𑄞𑄮𑄣𑄴𑄉𑄮𑄉𑄳𑄢𑄖𑄴"
              },
              "Warsaw": {
                "exemplarCity": "𑄤𑄢𑄴𑄥𑄧"
              },
              "Zagreb": {
                "exemplarCity": "𑄎𑄉𑄳𑄢𑄬𑄛𑄴"
              },
              "Zaporozhye": {
                "exemplarCity": "𑄎𑄬𑄛𑄮𑄢𑄮𑄎𑄭𑄠𑄭"
              },
              "Zurich": {
                "exemplarCity": "𑄎𑄪𑄢𑄨𑄈𑄴"
              }
            },
            "Africa": {
              "Abidjan": {
                "exemplarCity": "𑄃𑄝𑄨𑄘𑄴𑄎𑄚𑄴"
              },
              "Accra": {
                "exemplarCity": "𑄃𑄇𑄳𑄢"
              },
              "Addis_Ababa": {
                "exemplarCity": "𑄃𑄓𑄳𑄓𑄨𑄌𑄴 𑄃𑄝𑄝"
              },
              "Algiers": {
                "exemplarCity": "𑄃𑄣𑄴𑄎𑄨𑄠𑄢𑄴𑄥𑄴"
              },
              "Asmera": {
                "exemplarCity": "𑄃𑄳𑄠𑄥𑄴𑄟𑄬𑄢"
              },
              "Bamako": {
                "exemplarCity": "𑄝𑄟𑄳𑄠𑄇𑄮"
              },
              "Bangui": {
                "exemplarCity": "𑄝𑄋𑄴𑄉𑄭𑄪"
              },
              "Banjul": {
                "exemplarCity": "𑄝𑄚𑄎𑄪𑄣𑄴"
              },
              "Bissau": {
                "exemplarCity": "𑄝𑄥𑄃𑄪"
              },
              "Blantyre": {
                "exemplarCity": "𑄝𑄳𑄣𑄳𑄠𑄚𑄴𑄑𑄠𑄬𑄢𑄴"
              },
              "Brazzaville": {
                "exemplarCity": "𑄝𑄳𑄢𑄎𑄴𑄞𑄨𑄣𑄴"
              },
              "Bujumbura": {
                "exemplarCity": "𑄝𑄪𑄎𑄪𑄟𑄴𑄝𑄪𑄢𑄴𑄦𑄪"
              },
              "Cairo": {
                "exemplarCity": "𑄇𑄠𑄴𑄢𑄮"
              },
              "Casablanca": {
                "exemplarCity": "𑄇𑄥𑄝𑄳𑄣𑄁𑄇"
              },
              "Ceuta": {
                "exemplarCity": "𑄥𑄬𑄃𑄪𑄑"
              },
              "Conakry": {
                "exemplarCity": "𑄇𑄧𑄚𑄇𑄳𑄢𑄨"
              },
              "Dakar": {
                "exemplarCity": "𑄓𑄇𑄢𑄴"
              },
              "Dar_es_Salaam": {
                "exemplarCity": "𑄘𑄢𑄴 𑄃𑄬𑄌𑄴 𑄥𑄣𑄟𑄴"
              },
              "Djibouti": {
                "exemplarCity": "𑄎𑄨𑄝𑄪𑄑𑄨"
              },
              "Douala": {
                "exemplarCity": "𑄓𑄮𑄠𑄣"
              },
              "El_Aaiun": {
                "exemplarCity": "𑄃𑄬𑄣𑄴 𑄃𑄦𑄴𑄃𑄨𑄃𑄪𑄚𑄴"
              },
              "Freetown": {
                "exemplarCity": "𑄜𑄳𑄢𑄨𑄑𑄅𑄪𑄚𑄴"
              },
              "Gaborone": {
                "exemplarCity": "𑄉𑄳𑄠𑄝𑄪𑄢𑄧𑄚𑄨"
              },
              "Harare": {
                "exemplarCity": "𑄦𑄢𑄢𑄬"
              },
              "Johannesburg": {
                "exemplarCity": "𑄎𑄮𑄦𑄚𑄬𑄥𑄴𑄝𑄢𑄴𑄉𑄴"
              },
              "Juba": {
                "exemplarCity": "𑄎𑄪𑄝"
              },
              "Kampala": {
                "exemplarCity": "𑄇𑄟𑄴𑄛𑄣"
              },
              "Khartoum": {
                "exemplarCity": "𑄈𑄢𑄴𑄖𑄪𑄟𑄴"
              },
              "Kigali": {
                "exemplarCity": "𑄇𑄨𑄉𑄣𑄨"
              },
              "Kinshasa": {
                "exemplarCity": "𑄇𑄨𑄚𑄴𑄥𑄥"
              },
              "Lagos": {
                "exemplarCity": "𑄣𑄉𑄮𑄌𑄴"
              },
              "Libreville": {
                "exemplarCity": "𑄣𑄨𑄝𑄳𑄢𑄪𑄞𑄨𑄣𑄴"
              },
              "Lome": {
                "exemplarCity": "𑄣𑄮𑄟𑄬"
              },
              "Luanda": {
                "exemplarCity": "𑄣𑄮𑄠𑄚𑄴𑄓"
              },
              "Lubumbashi": {
                "exemplarCity": "𑄣𑄪𑄝𑄪𑄟𑄴𑄝𑄥𑄨"
              },
              "Lusaka": {
                "exemplarCity": "𑄣𑄪𑄥𑄇"
              },
              "Malabo": {
                "exemplarCity": "𑄟𑄣𑄝𑄮"
              },
              "Maputo": {
                "exemplarCity": "𑄟𑄛𑄪𑄖𑄮"
              },
              "Maseru": {
                "exemplarCity": "𑄟𑄦𑄴𑄥𑄬𑄢𑄪"
              },
              "Mbabane": {
                "exemplarCity": "𑄃𑄧𑄟𑄴𑄝𑄝𑄚𑄴"
              },
              "Mogadishu": {
                "exemplarCity": "𑄟𑄮𑄉𑄘𑄨𑄥𑄪"
              },
              "Monrovia": {
                "exemplarCity": "𑄟𑄧𑄚𑄴𑄢𑄮𑄞𑄨𑄠"
              },
              "Nairobi": {
                "exemplarCity": "𑄚𑄭𑄢𑄮𑄝𑄨"
              },
              "Ndjamena": {
                "exemplarCity": "𑄃𑄬𑄚𑄴𑄎𑄧𑄟𑄬𑄚"
              },
              "Niamey": {
                "exemplarCity": "𑄚𑄨𑄠𑄟𑄬"
              },
              "Nouakchott": {
                "exemplarCity": "𑄚𑄮𑄠𑄇𑄴𑄥𑄧𑄑𑄴"
              },
              "Ouagadougou": {
                "exemplarCity": "𑄤𑄦𑄪𑄉𑄪𑄓𑄮𑄉𑄪"
              },
              "Porto-Novo": {
                "exemplarCity": "𑄛𑄮𑄢𑄴𑄑𑄮-𑄚𑄮𑄞𑄮"
              },
              "Sao_Tome": {
                "exemplarCity": "𑄥𑄃𑄮 𑄑𑄮𑄟𑄴"
              },
              "Tripoli": {
                "exemplarCity": "𑄖𑄳𑄢𑄨𑄛𑄮𑄣𑄨"
              },
              "Tunis": {
                "exemplarCity": "𑄑𑄨𑄅𑄪𑄚𑄨𑄌𑄴"
              },
              "Windhoek": {
                "exemplarCity": "𑄃𑄪𑄃𑄨𑄚𑄴𑄙𑄮𑄇𑄴"
              }
            },
            "Asia": {
              "Aden": {
                "exemplarCity": "𑄃𑄦𑄴𑄘𑄬𑄚𑄴"
              },
              "Almaty": {
                "exemplarCity": "𑄃𑄣𑄴𑄟𑄑𑄨"
              },
              "Amman": {
                "exemplarCity": "𑄃𑄟𑄳𑄦𑄴𑄚𑄴"
              },
              "Anadyr": {
                "exemplarCity": "𑄃𑄳𑄠𑄚𑄓𑄨𑄢𑄴"
              },
              "Aqtau": {
                "exemplarCity": "𑄃𑄇𑄴𑄑𑄃𑄪"
              },
              "Aqtobe": {
                "exemplarCity": "𑄃𑄇𑄴𑄑𑄮𑄝𑄬"
              },
              "Ashgabat": {
                "exemplarCity": "𑄃𑄌𑄴𑄉𑄪𑄝𑄖𑄴"
              },
              "Atyrau": {
                "exemplarCity": "Atyrau"
              },
              "Baghdad": {
                "exemplarCity": "𑄝𑄇𑄴𑄘𑄖𑄴"
              },
              "Bahrain": {
                "exemplarCity": "𑄝𑄦𑄧𑄢𑄨𑄚𑄴"
              },
              "Baku": {
                "exemplarCity": "𑄝𑄇𑄪"
              },
              "Bangkok": {
                "exemplarCity": "𑄝𑄳𑄠𑄁𑄇𑄧𑄇𑄴"
              },
              "Barnaul": {
                "exemplarCity": "𑄝𑄢𑄴𑄚𑄯𑄣𑄴"
              },
              "Beirut": {
                "exemplarCity": "𑄝𑄬𑄭𑄢𑄪𑄑𑄴"
              },
              "Bishkek": {
                "exemplarCity": "𑄝𑄨𑄥𑄴𑄇𑄬𑄇𑄴"
              },
              "Brunei": {
                "exemplarCity": "𑄝𑄳𑄢𑄪𑄚𑄬𑄭"
              },
              "Calcutta": {
                "exemplarCity": "𑄇𑄧𑄣𑄴𑄉𑄘"
              },
              "Chita": {
                "exemplarCity": "𑄌𑄨𑄖"
              },
              "Choibalsan": {
                "exemplarCity": "𑄌𑄰𑄱𑄝𑄣𑄴𑄥𑄳𑄠𑄚𑄴"
              },
              "Colombo": {
                "exemplarCity": "𑄇𑄧𑄣𑄧𑄟𑄳𑄝𑄧𑄧𑄱𑄱"
              },
              "Damascus": {
                "exemplarCity": "𑄘𑄟𑄌𑄴𑄇𑄌𑄴"
              },
              "Dhaka": {
                "exemplarCity": "𑄔𑄇"
              },
              "Dili": {
                "exemplarCity": "𑄘𑄨𑄣𑄨"
              },
              "Dubai": {
                "exemplarCity": "𑄘𑄪𑄝𑄭"
              },
              "Dushanbe": {
                "exemplarCity": "𑄘𑄪𑄥𑄚𑄴𑄝𑄬"
              },
              "Famagusta": {
                "exemplarCity": "Famagusta"
              },
              "Gaza": {
                "exemplarCity": "𑄉𑄎"
              },
              "Hebron": {
                "exemplarCity": "𑄦𑄬𑄝𑄳𑄢𑄮𑄚𑄴"
              },
              "Hong_Kong": {
                "exemplarCity": "𑄦𑄧𑄁 𑄇𑄧𑄁"
              },
              "Hovd": {
                "exemplarCity": "𑄦𑄮𑄞𑄴𑄓𑄴"
              },
              "Irkutsk": {
                "exemplarCity": "𑄃𑄨𑄢𑄴𑄇𑄪𑄑𑄴𑄥𑄴𑄇𑄴"
              },
              "Jakarta": {
                "exemplarCity": "𑄎𑄇𑄢𑄴𑄖"
              },
              "Jayapura": {
                "exemplarCity": "𑄎𑄧𑄠𑄛𑄪𑄢"
              },
              "Jerusalem": {
                "exemplarCity": "𑄎𑄬𑄢𑄪𑄎𑄣𑄬𑄟𑄴"
              },
              "Kabul": {
                "exemplarCity": "𑄇𑄝𑄪𑄣𑄴"
              },
              "Kamchatka": {
                "exemplarCity": "𑄇𑄟𑄴𑄌𑄑𑄴𑄇"
              },
              "Karachi": {
                "exemplarCity": "𑄇𑄧𑄢𑄌𑄨"
              },
              "Katmandu": {
                "exemplarCity": "𑄇𑄖𑄴𑄟𑄪𑄚𑄴𑄓𑄪"
              },
              "Khandyga": {
                "exemplarCity": "𑄈𑄚𑄴𑄘𑄨𑄠𑄉"
              },
              "Krasnoyarsk": {
                "exemplarCity": "𑄇𑄳𑄢𑄌𑄴𑄚𑄮𑄠𑄢𑄴𑄥𑄴𑄇𑄴"
              },
              "Kuala_Lumpur": {
                "exemplarCity": "𑄇𑄪𑄠𑄣𑄣𑄟𑄴𑄛𑄪𑄢𑄴"
              },
              "Kuching": {
                "exemplarCity": "𑄇𑄪𑄌𑄨𑄁"
              },
              "Kuwait": {
                "exemplarCity": "𑄇𑄪𑄠𑄬𑄖𑄴"
              },
              "Macau": {
                "exemplarCity": "𑄟𑄳𑄠𑄇𑄃𑄮"
              },
              "Magadan": {
                "exemplarCity": "𑄟𑄳𑄠𑄉𑄓𑄚𑄴"
              },
              "Makassar": {
                "exemplarCity": "𑄟𑄇𑄥𑄴𑄥𑄢𑄴"
              },
              "Manila": {
                "exemplarCity": "𑄟𑄳𑄠𑄚𑄨𑄣"
              },
              "Muscat": {
                "exemplarCity": "𑄟𑄥𑄴𑄇𑄖𑄴"
              },
              "Nicosia": {
                "exemplarCity": "𑄚𑄨𑄇𑄮𑄥𑄨𑄠"
              },
              "Novokuznetsk": {
                "exemplarCity": "𑄚𑄮𑄞𑄮𑄇𑄪𑄎𑄴𑄚𑄬𑄑𑄴𑄥𑄴𑄇𑄴"
              },
              "Novosibirsk": {
                "exemplarCity": "𑄚𑄧𑄞𑄮𑄥𑄨𑄝𑄨𑄢𑄴𑄥𑄴𑄇𑄴"
              },
              "Omsk": {
                "exemplarCity": "𑄃𑄮𑄟𑄧𑄥𑄴𑄇𑄴"
              },
              "Oral": {
                "exemplarCity": "𑄃𑄮𑄢𑄣𑄴"
              },
              "Phnom_Penh": {
                "exemplarCity": "𑄚𑄧𑄟𑄴 𑄛𑄬𑄚𑄴"
              },
              "Pontianak": {
                "exemplarCity": "𑄛𑄧𑄚𑄴𑄖𑄨𑄠𑄚𑄳𑄠𑄇𑄴"
              },
              "Pyongyang": {
                "exemplarCity": "𑄛𑄨𑄠𑄧𑄁 𑄃𑄨𑄠𑄧𑄁"
              },
              "Qatar": {
                "exemplarCity": "𑄇𑄖𑄢𑄴"
              },
              "Qyzylorda": {
                "exemplarCity": "𑄇𑄨𑄎𑄨𑄣𑄧𑄢𑄴𑄓"
              },
              "Rangoon": {
                "exemplarCity": "𑄢𑄬𑄋𑄴𑄉𑄪𑄚𑄴"
              },
              "Riyadh": {
                "exemplarCity": "𑄢𑄨𑄠𑄙𑄴"
              },
              "Saigon": {
                "exemplarCity": "𑄦𑄮 𑄌𑄨 𑄟𑄨𑄚𑄴 𑄥𑄧𑄦𑄧𑄢𑄴"
              },
              "Sakhalin": {
                "exemplarCity": "𑄥𑄈𑄣𑄨𑄚𑄴"
              },
              "Samarkand": {
                "exemplarCity": "𑄥𑄧𑄟𑄧𑄢𑄴𑄈𑄧𑄚𑄴𑄘𑄧"
              },
              "Seoul": {
                "exemplarCity": "𑄥𑄨𑄃𑄮𑄣𑄴"
              },
              "Shanghai": {
                "exemplarCity": "𑄥𑄁𑄊𑄭"
              },
              "Singapore": {
                "exemplarCity": "𑄥𑄨𑄋𑄴𑄉𑄛𑄪𑄢𑄴"
              },
              "Srednekolymsk": {
                "exemplarCity": "𑄥𑄳𑄢𑄬𑄓𑄴𑄚𑄬𑄇𑄮𑄣𑄧𑄠𑄴𑄟𑄧𑄥𑄴𑄇𑄴"
              },
              "Taipei": {
                "exemplarCity": "𑄖𑄭𑄛𑄳𑄆𑄬"
              },
              "Tashkent": {
                "exemplarCity": "𑄖𑄌𑄴𑄈𑄧𑄚𑄴𑄘𑄧"
              },
              "Tbilisi": {
                "exemplarCity": "𑄖𑄪𑄝𑄪𑄣𑄨𑄥𑄨"
              },
              "Tehran": {
                "exemplarCity": "𑄖𑄬𑄦𑄬𑄢𑄚𑄴"
              },
              "Thimphu": {
                "exemplarCity": "𑄗𑄨𑄟𑄴𑄜𑄪"
              },
              "Tokyo": {
                "exemplarCity": "𑄑𑄮𑄇𑄨𑄃𑄮"
              },
              "Tomsk": {
                "exemplarCity": "𑄖𑄮𑄟𑄧𑄌𑄴𑄇𑄴"
              },
              "Ulaanbaatar": {
                "exemplarCity": "𑄃𑄪𑄣𑄚𑄴𑄝𑄖𑄢𑄴"
              },
              "Urumqi": {
                "exemplarCity": "𑄃𑄪𑄢𑄪𑄟𑄴𑄇𑄨"
              },
              "Ust-Nera": {
                "exemplarCity": "𑄅𑄪𑄌𑄴𑄖𑄧 𑄚𑄬𑄢"
              },
              "Vientiane": {
                "exemplarCity": "𑄞𑄨𑄠𑄬𑄚𑄴𑄖𑄨𑄠𑄬𑄚𑄴"
              },
              "Vladivostok": {
                "exemplarCity": "𑄞𑄳𑄣𑄘𑄨𑄞𑄧𑄌𑄴𑄑𑄧𑄇𑄴"
              },
              "Yakutsk": {
                "exemplarCity": "𑄠𑄇𑄪𑄖𑄴𑄥𑄴𑄇𑄴"
              },
              "Yekaterinburg": {
                "exemplarCity": "𑄃𑄨𑄠𑄬𑄇𑄑𑄬𑄢𑄨𑄚𑄴𑄝𑄢𑄴𑄉𑄴"
              },
              "Yerevan": {
                "exemplarCity": "𑄃𑄨𑄠𑄬𑄢𑄞𑄚𑄴"
              }
            },
            "Indian": {
              "Antananarivo": {
                "exemplarCity": "𑄃𑄚𑄴𑄖𑄚𑄚𑄢𑄨𑄞𑄮"
              },
              "Chagos": {
                "exemplarCity": "𑄍𑄉𑄮𑄌𑄴"
              },
              "Christmas": {
                "exemplarCity": "𑄡𑄪𑄥𑄪𑄢𑄴 𑄎𑄧𑄚𑄧𑄟𑄴𑄘𑄨𑄚𑄴"
              },
              "Cocos": {
                "exemplarCity": "𑄇𑄮𑄇𑄮𑄌𑄴"
              },
              "Comoro": {
                "exemplarCity": "𑄇𑄮𑄟𑄮𑄢𑄮"
              },
              "Kerguelen": {
                "exemplarCity": "𑄇𑄢𑄴𑄉𑄪𑄣𑄬𑄚𑄴"
              },
              "Mahe": {
                "exemplarCity": "𑄟𑄦𑄬"
              },
              "Maldives": {
                "exemplarCity": "𑄟𑄣𑄴𑄘𑄨𑄛𑄴"
              },
              "Mauritius": {
                "exemplarCity": "𑄟𑄧𑄢𑄨𑄥𑄥𑄴"
              },
              "Mayotte": {
                "exemplarCity": "𑄟𑄠𑄮𑄖𑄮"
              },
              "Reunion": {
                "exemplarCity": "𑄢𑄨𑄃𑄨𑄅𑄪𑄚𑄨𑄠𑄧𑄚𑄴"
              }
            },
            "Australia": {
              "Adelaide": {
                "exemplarCity": "𑄃𑄳𑄠𑄓𑄬𑄣𑄬𑄭𑄓𑄴"
              },
              "Brisbane": {
                "exemplarCity": "𑄝𑄳𑄢𑄨𑄥𑄴𑄝𑄬𑄚𑄴"
              },
              "Broken_Hill": {
                "exemplarCity": "𑄝𑄳𑄢𑄮𑄇𑄬𑄚𑄴 𑄦𑄨𑄣𑄴"
              },
              "Currie": {
                "exemplarCity": "𑄇𑄨𑄃𑄪𑄢𑄨"
              },
              "Darwin": {
                "exemplarCity": "𑄓𑄢𑄴𑄃𑄪𑄃𑄨𑄚𑄴"
              },
              "Eucla": {
                "exemplarCity": "𑄃𑄨𑄃𑄪𑄇𑄳𑄣"
              },
              "Hobart": {
                "exemplarCity": "𑄦𑄮𑄝𑄢𑄴𑄑𑄴"
              },
              "Lindeman": {
                "exemplarCity": "𑄣𑄨𑄚𑄴𑄓𑄬𑄟𑄳𑄠𑄚𑄴"
              },
              "Lord_Howe": {
                "exemplarCity": "𑄣𑄧𑄢𑄴𑄓𑄴 𑄦𑄃𑄮"
              },
              "Melbourne": {
                "exemplarCity": "𑄟𑄬𑄣𑄴𑄝𑄢𑄴𑄚𑄴"
              },
              "Perth": {
                "exemplarCity": "𑄛𑄢𑄴𑄗𑄧"
              },
              "Sydney": {
                "exemplarCity": "𑄥𑄨𑄓𑄴𑄚𑄨"
              }
            },
            "Pacific": {
              "Apia": {
                "exemplarCity": "𑄃𑄛𑄨𑄠"
              },
              "Auckland": {
                "exemplarCity": "𑄃𑄧𑄇𑄴𑄣𑄳𑄠𑄚𑄴𑄓𑄴"
              },
              "Bougainville": {
                "exemplarCity": "𑄝𑄪𑄉𑄬𑄚𑄴𑄞𑄨𑄣𑄬"
              },
              "Chatham": {
                "exemplarCity": "𑄌𑄳𑄠𑄗𑄟𑄴"
              },
              "Easter": {
                "exemplarCity": "𑄃𑄨𑄌𑄴𑄑𑄢𑄴"
              },
              "Efate": {
                "exemplarCity": "𑄃𑄨𑄜𑄖𑄬"
              },
              "Enderbury": {
                "exemplarCity": "𑄃𑄬𑄚𑄴𑄓𑄢𑄴𑄝𑄢𑄨"
              },
              "Fakaofo": {
                "exemplarCity": "𑄜𑄳𑄠𑄇𑄃𑄮𑄜𑄮"
              },
              "Fiji": {
                "exemplarCity": "𑄜𑄨𑄎𑄨"
              },
              "Funafuti": {
                "exemplarCity": "𑄜𑄪𑄚𑄜𑄪𑄑𑄨"
              },
              "Galapagos": {
                "exemplarCity": "𑄉𑄳𑄠𑄣𑄛𑄳𑄠𑄉𑄮𑄌𑄴"
              },
              "Gambier": {
                "exemplarCity": "𑄉𑄟𑄴𑄝𑄨𑄠𑄬𑄢𑄴"
              },
              "Guadalcanal": {
                "exemplarCity": "𑄉𑄮𑄠𑄘𑄣𑄘𑄇𑄚𑄣𑄴"
              },
              "Guam": {
                "exemplarCity": "𑄉𑄱𑄟𑄴"
              },
              "Honolulu": {
                "exemplarCity": "𑄦𑄧𑄚𑄮𑄣𑄪𑄣𑄪"
              },
              "Johnston": {
                "exemplarCity": "𑄎𑄧𑄚𑄴𑄥𑄳𑄑𑄧𑄚𑄴"
              },
              "Kiritimati": {
                "exemplarCity": "𑄇𑄨𑄢𑄨𑄖𑄨𑄟𑄖𑄨"
              },
              "Kosrae": {
                "exemplarCity": "𑄇𑄮𑄌𑄴𑄢𑄠𑄴"
              },
              "Kwajalein": {
                "exemplarCity": "𑄇𑄱𑄎𑄣𑄬𑄭𑄚𑄴"
              },
              "Majuro": {
                "exemplarCity": "𑄟𑄎𑄪𑄢𑄮"
              },
              "Marquesas": {
                "exemplarCity": "𑄟𑄢𑄴𑄇𑄬𑄥𑄥𑄴"
              },
              "Midway": {
                "exemplarCity": "𑄟𑄨𑄓𑄴𑄃𑄮𑄠𑄬"
              },
              "Nauru": {
                "exemplarCity": "𑄚𑄃𑄪𑄢𑄪"
              },
              "Niue": {
                "exemplarCity": "𑄚𑄨𑄃𑄪𑄠𑄨"
              },
              "Norfolk": {
                "exemplarCity": "𑄚𑄧𑄢𑄴𑄜𑄮𑄇𑄴"
              },
              "Noumea": {
                "exemplarCity": "𑄚𑄪𑄟𑄨𑄠"
              },
              "Pago_Pago": {
                "exemplarCity": "𑄛𑄳𑄠𑄉𑄮 𑄜𑄳𑄠𑄉𑄮"
              },
              "Palau": {
                "exemplarCity": "𑄛𑄣𑄅𑄪"
              },
              "Pitcairn": {
                "exemplarCity": "𑄛𑄨𑄖𑄴𑄇𑄬𑄠𑄢𑄴𑄚𑄴"
              },
              "Ponape": {
                "exemplarCity": "𑄛𑄮𑄚𑄛𑄬"
              },
              "Port_Moresby": {
                "exemplarCity": "𑄛𑄮𑄢𑄴𑄑𑄴 𑄟𑄯𑄢𑄬𑄎𑄴𑄝𑄨"
              },
              "Rarotonga": {
                "exemplarCity": "𑄢𑄢𑄧𑄑𑄮𑄁𑄉"
              },
              "Saipan": {
                "exemplarCity": "𑄥𑄭𑄛𑄚𑄴"
              },
              "Tahiti": {
                "exemplarCity": "𑄖𑄦𑄨𑄖𑄨"
              },
              "Tarawa": {
                "exemplarCity": "𑄑𑄢𑄤"
              },
              "Tongatapu": {
                "exemplarCity": "𑄑𑄮𑄁𑄉𑄑𑄛𑄪"
              },
              "Truk": {
                "exemplarCity": "𑄑𑄳𑄢𑄪𑄇𑄴"
              },
              "Wake": {
                "exemplarCity": "𑄃𑄮𑄠𑄬𑄇𑄴"
              },
              "Wallis": {
                "exemplarCity": "𑄃𑄮𑄣𑄨𑄌𑄴"
              }
            },
            "Arctic": {
              "Longyearbyen": {
                "exemplarCity": "𑄣𑄧𑄁𑄉𑄨𑄠𑄢𑄴𑄝𑄨𑄠𑄬𑄚𑄴"
              }
            },
            "Antarctica": {
              "Casey": {
                "exemplarCity": "𑄇𑄳𑄆𑄬𑄥𑄨"
              },
              "Davis": {
                "exemplarCity": "𑄓𑄬𑄞𑄨𑄥𑄴"
              },
              "DumontDUrville": {
                "exemplarCity": "𑄓𑄪𑄟𑄧𑄚𑄴𑄑𑄴 𑄓𑄨𑄃𑄪𑄢𑄧𑄞𑄨𑄣𑄴"
              },
              "Macquarie": {
                "exemplarCity": "𑄟𑄳𑄠𑄇𑄴𑄅𑄠𑄳𑄠𑄢𑄨"
              },
              "Mawson": {
                "exemplarCity": "𑄟𑄧𑄥𑄮𑄚𑄴"
              },
              "McMurdo": {
                "exemplarCity": "𑄟𑄳𑄠𑄇𑄴𑄟𑄪𑄢𑄴𑄓𑄮"
              },
              "Palmer": {
                "exemplarCity": "𑄛𑄣𑄴𑄟𑄢𑄴"
              },
              "Rothera": {
                "exemplarCity": "𑄢𑄧𑄗𑄬𑄢"
              },
              "Syowa": {
                "exemplarCity": "𑄥𑄨𑄤"
              },
              "Troll": {
                "exemplarCity": "𑄑𑄳𑄢𑄧𑄣𑄴"
              },
              "Vostok": {
                "exemplarCity": "𑄞𑄧𑄌𑄴𑄑𑄮𑄇𑄴"
              }
            },
            "Etc": {
              "UTC": {
                "long": {
                  "standard": "𑄘𑄇𑄴𑄘𑄨𑄠 𑄛𑄨𑄖𑄴𑄗𑄨𑄟𑄨𑄢𑄴 𑄃𑄧𑄇𑄴𑄖𑄧"
                },
                "short": {
                  "standard": "UTC"
                }
              },
              "Unknown": {
                "exemplarCity": "𑄃𑄧𑄌𑄨𑄚𑄴 𑄥𑄧𑄦𑄧𑄢𑄴"
              }
            }
          },
          "metazone": {
            "Afghanistan": {
              "long": {
                "standard": "𑄃𑄛𑄴𑄉𑄚𑄨𑄌𑄴𑄖𑄚𑄴 𑄃𑄧𑄇𑄴𑄖𑄧"
              }
            },
            "Africa_Central": {
              "long": {
                "standard": "𑄟𑄧𑄖𑄴𑄙𑄳𑄠 𑄃𑄜𑄳𑄢𑄨𑄇 𑄃𑄧𑄇𑄴𑄖𑄧"
              }
            },
            "Africa_Eastern": {
              "long": {
                "standard": "𑄛𑄪𑄉𑄬𑄘𑄨 𑄃𑄜𑄳𑄢𑄨𑄇 𑄃𑄧𑄇𑄴𑄖𑄧"
              }
            },
            "Africa_Southern": {
              "long": {
                "standard": "𑄘𑄧𑄉𑄨𑄚𑄴 𑄃𑄜𑄳𑄢𑄨𑄇 𑄟𑄚𑄧𑄇𑄴 𑄃𑄧𑄇𑄴𑄖𑄧"
              }
            },
            "Africa_Western": {
              "long": {
                "generic": "𑄛𑄧𑄏𑄨𑄟𑄬𑄘𑄨 𑄃𑄜𑄳𑄢𑄨𑄇 𑄃𑄧𑄇𑄴𑄖𑄧",
                "standard": "𑄛𑄧𑄏𑄨𑄟𑄬𑄘𑄨 𑄃𑄜𑄳𑄢𑄨𑄇 𑄟𑄚𑄧𑄇𑄴 𑄃𑄧𑄇𑄴𑄖𑄧",
                "daylight": "𑄛𑄧𑄏𑄨𑄟𑄬𑄘𑄨 𑄃𑄜𑄳𑄢𑄨𑄇 𑄉𑄧𑄢𑄧𑄟𑄴𑄇𑄣𑄧𑄢𑄴 𑄃𑄧𑄇𑄴𑄖𑄧"
              }
            },
            "Alaska": {
              "long": {
                "generic": "𑄃𑄣𑄌𑄴𑄇 𑄃𑄧𑄇𑄴𑄖𑄧",
                "standard": "𑄃𑄣𑄌𑄴𑄇 𑄟𑄚𑄧𑄇𑄴 𑄃𑄧𑄇𑄴𑄖𑄧",
                "daylight": "𑄃𑄣𑄌𑄴𑄇 𑄘𑄨𑄚𑄮𑄃𑄣𑄮 𑄃𑄧𑄇𑄴𑄖𑄧"
              }
            },
            "Amazon": {
              "long": {
                "generic": "𑄃𑄳𑄠𑄟𑄎𑄧𑄚𑄴 𑄃𑄧𑄇𑄴𑄖𑄧",
                "standard": "𑄃𑄳𑄠𑄟𑄎𑄧𑄚𑄴 𑄟𑄚𑄧𑄇𑄴 𑄃𑄧𑄇𑄴𑄖𑄧",
                "daylight": "𑄃𑄳𑄠𑄟𑄎𑄧𑄚𑄴 𑄉𑄧𑄢𑄧𑄟𑄴𑄇𑄣𑄧 𑄃𑄧𑄇𑄴𑄖𑄧"
              }
            },
            "America_Central": {
              "long": {
                "generic": "𑄃𑄏𑄧𑄣𑄴 𑄉𑄢𑄳𑄦 𑄃𑄧𑄇𑄴𑄖𑄧",
                "standard": "𑄃𑄏𑄧𑄣𑄴 𑄉𑄧𑄢𑄳𑄦 𑄟𑄚𑄧𑄇𑄴 𑄃𑄧𑄇𑄴𑄖𑄧",
                "daylight": "𑄃𑄏𑄧𑄣𑄴 𑄉𑄧𑄢𑄳𑄦 𑄘𑄨𑄚𑄮𑄃𑄣𑄮 𑄃𑄧𑄇𑄴𑄖𑄧"
              }
            },
            "America_Eastern": {
              "long": {
                "generic": "𑄛𑄪𑄉𑄮 𑄞𑄨𑄘𑄬𑄢𑄴 𑄃𑄧𑄇𑄴𑄖𑄧",
                "standard": "𑄛𑄪𑄉𑄮 𑄞𑄨𑄘𑄬𑄢𑄴 𑄛𑄳𑄢𑄧𑄟𑄚𑄴 𑄃𑄧𑄇𑄴𑄖𑄧",
                "daylight": "𑄛𑄪𑄉𑄮 𑄞𑄨𑄘𑄬𑄢𑄴 𑄘𑄨𑄚𑄮𑄃𑄣𑄮𑄢𑄴 𑄃𑄧𑄇𑄴𑄖𑄧"
              }
            },
            "America_Mountain": {
              "long": {
                "generic": "𑄦𑄨𑄣𑄧𑄧𑄱 𑄞𑄨𑄘𑄬𑄢𑄴 𑄃𑄧𑄇𑄴𑄖𑄧",
                "standard": "𑄦𑄨𑄣𑄧𑄧𑄱 𑄞𑄨𑄘𑄬𑄢𑄴 𑄛𑄳𑄢𑄧𑄟𑄚𑄴 𑄃𑄧𑄇𑄴𑄖𑄧",
                "daylight": "𑄦𑄨𑄣𑄧𑄧𑄱 𑄞𑄨𑄘𑄬𑄢𑄴 𑄘𑄨𑄚𑄮𑄢𑄴 𑄃𑄧𑄇𑄴𑄖𑄧"
              }
            },
            "America_Pacific": {
              "long": {
                "generic": "𑄛𑄳𑄢𑄧𑄥𑄚𑄴𑄖𑄧 𑄟𑄧𑄦𑄥𑄉𑄧𑄢𑄧𑄢𑄴 𑄞𑄨𑄘𑄬𑄢𑄴 𑄃𑄧𑄇𑄴𑄖𑄧",
                "standard": "𑄛𑄳𑄢𑄧𑄥𑄚𑄴𑄖𑄧 𑄟𑄧𑄦𑄥𑄉𑄧𑄢𑄧𑄢𑄴 𑄞𑄨𑄘𑄬𑄢𑄴 𑄟𑄚𑄧𑄇𑄴 𑄃𑄧𑄇𑄴𑄖𑄧",
                "daylight": "𑄛𑄳𑄢𑄧𑄥𑄚𑄴𑄖𑄧 𑄟𑄧𑄦𑄥𑄉𑄧𑄢𑄧𑄢𑄴 𑄞𑄨𑄘𑄬𑄢𑄴 𑄘𑄨𑄚𑄮𑄢𑄴 𑄃𑄧𑄇𑄴𑄖𑄧"
              }
            },
            "Anadyr": {
              "long": {
                "generic": "𑄃𑄧𑄚𑄴𑄘𑄠𑄢𑄴 𑄃𑄧𑄇𑄴𑄖𑄧",
                "standard": "𑄃𑄧𑄚𑄴𑄘𑄠𑄢𑄴 𑄟𑄚𑄧𑄇𑄴 𑄃𑄧𑄇𑄴𑄖𑄧",
                "daylight": "𑄃𑄧𑄚𑄴𑄘𑄠𑄢𑄴 𑄉𑄧𑄢𑄧𑄟𑄴𑄇𑄣𑄧𑄢𑄴 𑄃𑄧𑄇𑄴𑄖𑄧"
              }
            },
            "Apia": {
              "long": {
                "generic": "𑄃𑄧𑄛𑄨𑄠 𑄃𑄧𑄇𑄴𑄖𑄧",
                "standard": "𑄃𑄧𑄛𑄨𑄠 𑄟𑄚𑄧𑄇𑄴 𑄃𑄧𑄇𑄴𑄖𑄧",
                "daylight": "𑄃𑄧𑄛𑄨𑄠 𑄘𑄨𑄚𑄮𑄢𑄴 𑄃𑄧𑄇𑄴𑄖𑄧"
              }
            },
            "Arabian": {
              "long": {
                "generic": "𑄃𑄢𑄧𑄝𑄨 𑄃𑄧𑄇𑄴𑄖𑄧",
                "standard": "𑄃𑄢𑄧𑄝𑄨 𑄟𑄚𑄧𑄇𑄴 𑄃𑄧𑄇𑄴𑄖𑄧",
                "daylight": "𑄃𑄢𑄧𑄝𑄨 𑄘𑄨𑄚𑄮𑄃𑄣𑄮𑄢𑄴 𑄃𑄧𑄇𑄴𑄖𑄧"
              }
            },
            "Argentina": {
              "long": {
                "generic": "𑄃𑄢𑄴𑄎𑄬𑄚𑄴𑄑𑄨𑄚 𑄃𑄧𑄇𑄴𑄖𑄧",
                "standard": "𑄃𑄢𑄴𑄎𑄬𑄚𑄴𑄑𑄨𑄚 𑄟𑄚𑄧𑄇𑄴 𑄃𑄧𑄇𑄴𑄖𑄧",
                "daylight": "𑄃𑄢𑄴𑄎𑄬𑄚𑄴𑄑𑄨𑄚 𑄉𑄧𑄢𑄧𑄟𑄴𑄇𑄣𑄧𑄢𑄴 𑄃𑄧𑄇𑄴𑄖𑄧"
              }
            },
            "Argentina_Western": {
              "long": {
                "generic": "𑄛𑄧𑄏𑄨𑄟𑄬𑄘𑄨 𑄃𑄢𑄴𑄎𑄬𑄚𑄴𑄑𑄨𑄚 𑄃𑄧𑄇𑄴𑄖𑄧",
                "standard": "𑄛𑄧𑄏𑄨𑄟𑄬𑄘𑄨 𑄃𑄢𑄴𑄎𑄬𑄚𑄴𑄑𑄨𑄚 𑄛𑄳𑄢𑄧𑄟𑄚𑄴 𑄃𑄧𑄇𑄴𑄖𑄧",
                "daylight": "𑄛𑄧𑄏𑄨𑄟𑄬𑄘𑄨 𑄃𑄢𑄴𑄎𑄬𑄚𑄴𑄑𑄨𑄚 𑄉𑄧𑄢𑄧𑄟𑄴𑄇𑄣𑄧𑄢𑄴 𑄃𑄧𑄇𑄴𑄖𑄧"
              }
            },
            "Armenia": {
              "long": {
                "generic": "𑄃𑄢𑄴𑄟𑄬𑄚𑄨𑄠 𑄃𑄧𑄇𑄴𑄖𑄧",
                "standard": "𑄃𑄢𑄴𑄟𑄬𑄚𑄨𑄠 𑄟𑄚𑄧𑄇𑄴 𑄃𑄧𑄇𑄴𑄖𑄧",
                "daylight": "𑄃𑄢𑄴𑄟𑄬𑄚𑄨𑄠 𑄉𑄧𑄢𑄧𑄟𑄴𑄇𑄣𑄧𑄢𑄴 𑄃𑄧𑄇𑄴𑄖𑄧"
              }
            },
            "Atlantic": {
              "long": {
                "generic": "𑄃𑄑𑄴𑄣𑄚𑄴𑄖𑄨𑄉𑄮𑄢𑄴 𑄃𑄧𑄇𑄴𑄖𑄧",
                "standard": "𑄃𑄑𑄴𑄣𑄚𑄴𑄖𑄨𑄉𑄮𑄢𑄴 𑄟𑄚𑄧𑄇𑄴 𑄃𑄧𑄇𑄴𑄖𑄧",
                "daylight": "𑄃𑄑𑄴𑄣𑄚𑄴𑄖𑄨𑄉𑄮𑄢𑄴 𑄘𑄨𑄚𑄮𑄃𑄣𑄮𑄢𑄴 𑄃𑄧𑄇𑄴𑄖𑄧"
              }
            },
            "Australia_Central": {
              "long": {
                "generic": "𑄃𑄏𑄧𑄣𑄴 𑄉𑄧𑄢𑄳𑄦𑄢𑄴 𑄃𑄧𑄌𑄴𑄑𑄳𑄢𑄬𑄣𑄨𑄠𑄧 𑄃𑄧𑄇𑄴𑄖𑄧",
                "standard": "𑄃𑄧𑄌𑄴𑄑𑄳𑄢𑄬𑄣𑄨𑄠𑄧 𑄃𑄏𑄧𑄣𑄴 𑄉𑄧𑄢𑄳𑄦𑄢𑄴 𑄟𑄚𑄧𑄇𑄴 𑄃𑄧𑄇𑄴𑄖𑄧",
                "daylight": "𑄃𑄧𑄌𑄴𑄑𑄳𑄢𑄬𑄣𑄨𑄠𑄧 𑄃𑄏𑄧𑄣𑄴 𑄉𑄧𑄢𑄳𑄦𑄢𑄴 𑄘𑄨𑄚𑄮𑄃𑄣𑄮𑄢𑄴 𑄃𑄧𑄇𑄴𑄖𑄧"
              }
            },
            "Australia_CentralWestern": {
              "long": {
                "generic": "𑄃𑄧𑄌𑄴𑄑𑄳𑄢𑄬𑄣𑄨𑄠𑄧 𑄃𑄏𑄧𑄣𑄴 𑄉𑄧𑄢𑄳𑄦𑄢𑄴 𑄛𑄧𑄏𑄨𑄟𑄬𑄘𑄨 𑄃𑄧𑄇𑄴𑄖𑄧",
                "standard": "𑄃𑄧𑄌𑄴𑄑𑄳𑄢𑄬𑄣𑄨𑄠𑄧 𑄃𑄏𑄧𑄣𑄴 𑄉𑄧𑄢𑄳𑄦𑄢𑄴 𑄛𑄧𑄏𑄨𑄟𑄬𑄘𑄨 𑄟𑄚𑄧𑄇𑄴 𑄃𑄧𑄇𑄴𑄖𑄧",
                "daylight": "𑄃𑄧𑄌𑄴𑄑𑄳𑄢𑄬𑄣𑄨𑄠𑄧 𑄃𑄏𑄧𑄣𑄴 𑄉𑄧𑄢𑄳𑄦𑄢𑄴 𑄛𑄧𑄏𑄨𑄟𑄬𑄘𑄨 𑄘𑄨𑄚𑄮𑄃𑄣𑄮𑄢𑄴 𑄃𑄧𑄇𑄴𑄖𑄧"
              }
            },
            "Australia_Eastern": {
              "long": {
                "generic": "𑄛𑄪𑄉𑄬𑄘𑄨 𑄃𑄧𑄌𑄴𑄑𑄳𑄢𑄬𑄣𑄨𑄠𑄧 𑄃𑄧𑄇𑄴𑄖𑄧",
                "standard": "𑄃𑄧𑄌𑄴𑄑𑄳𑄢𑄬𑄣𑄨𑄠𑄧 𑄛𑄪𑄉𑄬𑄘𑄨 𑄟𑄚𑄧𑄇𑄴 𑄃𑄧𑄇𑄴𑄖𑄧",
                "daylight": "𑄃𑄧𑄌𑄴𑄑𑄳𑄢𑄬𑄣𑄨𑄠𑄧 𑄛𑄪𑄉𑄬𑄘𑄨 𑄘𑄨𑄚𑄮𑄃𑄣𑄮𑄢𑄴 𑄃𑄧𑄇𑄴𑄖𑄧"
              }
            },
            "Australia_Western": {
              "long": {
                "generic": "𑄛𑄧𑄏𑄨𑄟𑄬𑄘𑄨 𑄃𑄧𑄌𑄴𑄑𑄳𑄢𑄬𑄣𑄨𑄠𑄧 𑄃𑄧𑄇𑄴𑄖𑄧",
                "standard": "𑄃𑄧𑄌𑄴𑄑𑄳𑄢𑄬𑄣𑄨𑄠𑄧 𑄛𑄧𑄏𑄨𑄟𑄬𑄘𑄨 𑄟𑄚𑄧𑄇𑄴 𑄃𑄧𑄇𑄴𑄖𑄧",
                "daylight": "𑄃𑄧𑄌𑄴𑄑𑄳𑄢𑄬𑄣𑄨𑄠𑄧 𑄛𑄧𑄏𑄨𑄟𑄬𑄘𑄨 𑄘𑄨𑄚𑄮𑄃𑄣𑄮𑄢𑄴 𑄃𑄧𑄇𑄴𑄖𑄧"
              }
            },
            "Azerbaijan": {
              "long": {
                "generic": "𑄃𑄎𑄢𑄴𑄝𑄭𑄎𑄚𑄴 𑄃𑄧𑄇𑄴𑄖𑄧",
                "standard": "𑄃𑄎𑄢𑄴𑄝𑄭𑄎𑄚𑄴 𑄟𑄚𑄧𑄇𑄴 𑄃𑄧𑄇𑄴𑄖𑄧",
                "daylight": "𑄃𑄎𑄢𑄴𑄝𑄭𑄎𑄚𑄴 𑄉𑄧𑄢𑄧𑄟𑄴𑄇𑄣𑄧𑄢𑄴 𑄃𑄧𑄇𑄴𑄖𑄧"
              }
            },
            "Azores": {
              "long": {
                "generic": "𑄃𑄬𑄎𑄮𑄢𑄬𑄌𑄴 𑄃𑄧𑄇𑄴𑄖𑄧",
                "standard": "𑄃𑄬𑄎𑄮𑄢𑄬𑄌𑄴 𑄟𑄚𑄧𑄇𑄴 𑄃𑄧𑄇𑄴𑄖𑄧",
                "daylight": "𑄃𑄬𑄎𑄮𑄢𑄬𑄌𑄴 𑄉𑄧𑄢𑄧𑄟𑄴𑄇𑄣𑄧𑄢𑄴 𑄃𑄧𑄇𑄴𑄖𑄧"
              }
            },
            "Bangladesh": {
              "long": {
                "generic": "𑄝𑄁𑄣𑄘𑄬𑄌𑄴 𑄃𑄧𑄇𑄴𑄖𑄧",
                "standard": "𑄝𑄁𑄣𑄘𑄬𑄌𑄴 𑄟𑄚𑄧𑄇𑄴 𑄃𑄧𑄇𑄴𑄖𑄧",
                "daylight": "𑄝𑄁𑄣𑄘𑄬𑄌𑄴 𑄉𑄧𑄢𑄧𑄟𑄴𑄇𑄣𑄧𑄢𑄴 𑄃𑄧𑄇𑄴𑄖𑄧"
              }
            },
            "Bhutan": {
              "long": {
                "standard": "𑄞𑄪𑄑𑄚𑄴 𑄃𑄧𑄇𑄴𑄖𑄧"
              }
            },
            "Bolivia": {
              "long": {
                "standard": "𑄝𑄮𑄣𑄨𑄞𑄨𑄠 𑄃𑄧𑄇𑄴𑄖𑄧"
              }
            },
            "Brasilia": {
              "long": {
                "generic": "𑄝𑄳𑄢𑄥𑄨𑄣𑄨𑄠 𑄃𑄧𑄇𑄴𑄖𑄧",
                "standard": "𑄝𑄳𑄢𑄥𑄨𑄣𑄨𑄠 𑄟𑄚𑄧𑄇𑄴 𑄃𑄧𑄇𑄴𑄖𑄧",
                "daylight": "𑄝𑄳𑄢𑄥𑄨𑄣𑄨𑄠 𑄉𑄧𑄢𑄧𑄟𑄴𑄇𑄣𑄧𑄢𑄴 𑄃𑄧𑄇𑄴𑄖𑄧"
              }
            },
            "Brunei": {
              "long": {
                "standard": "𑄝𑄳𑄢𑄪𑄚𑄬𑄭 𑄘𑄢𑄪𑄌𑄴𑄥𑄣𑄟𑄴 𑄃𑄧𑄇𑄴𑄖𑄧"
              }
            },
            "Cape_Verde": {
              "long": {
                "generic": "𑄇𑄬𑄛𑄴 𑄞𑄢𑄴𑄘𑄴 𑄃𑄧𑄇𑄴𑄖𑄧",
                "standard": "𑄇𑄬𑄛𑄴 𑄞𑄢𑄴𑄘𑄴 𑄟𑄚𑄧𑄇𑄴 𑄃𑄧𑄇𑄴𑄖𑄧",
                "daylight": "𑄇𑄬𑄛𑄴 𑄞𑄢𑄴𑄘𑄴 𑄉𑄧𑄢𑄧𑄟𑄴𑄇𑄣𑄧𑄢𑄴 𑄃𑄧𑄇𑄴𑄖𑄧"
              }
            },
            "Chamorro": {
              "long": {
                "standard": "𑄌𑄟𑄬𑄢𑄮 𑄟𑄚𑄧𑄇𑄴 𑄃𑄧𑄇𑄴𑄖𑄧"
              }
            },
            "Chatham": {
              "long": {
                "generic": "𑄌𑄳𑄠𑄗𑄟𑄴 𑄃𑄧𑄇𑄴𑄖𑄧",
                "standard": "𑄌𑄳𑄠𑄗𑄟𑄴 𑄟𑄚𑄧𑄇𑄴 𑄃𑄧𑄇𑄴𑄖𑄧",
                "daylight": "𑄌𑄳𑄠𑄗𑄟𑄴 𑄘𑄨𑄚𑄮𑄃𑄣𑄮𑄢𑄴 𑄃𑄧𑄇𑄴𑄖𑄧"
              }
            },
            "Chile": {
              "long": {
                "generic": "𑄌𑄨𑄣𑄨 𑄃𑄧𑄇𑄴𑄖𑄧",
                "standard": "𑄌𑄨𑄣𑄨 𑄟𑄚𑄧𑄇𑄴 𑄃𑄧𑄇𑄴𑄖𑄧",
                "daylight": "𑄌𑄨𑄣𑄨 𑄉𑄧𑄢𑄧𑄟𑄴𑄇𑄣𑄧𑄢𑄴 𑄃𑄧𑄇𑄴𑄖𑄧"
              }
            },
            "China": {
              "long": {
                "generic": "𑄌𑄨𑄚𑄴 𑄃𑄧𑄇𑄴𑄖𑄧",
                "standard": "𑄌𑄨𑄚𑄴 𑄟𑄚𑄧𑄇𑄴 𑄃𑄧𑄇𑄴𑄖𑄧",
                "daylight": "𑄌𑄨𑄚𑄴 𑄘𑄨𑄚𑄮𑄃𑄣𑄮𑄢𑄴 𑄃𑄧𑄇𑄴𑄖𑄧"
              }
            },
            "Choibalsan": {
              "long": {
                "generic": "𑄌𑄧𑄠𑄴𑄝𑄣𑄴𑄥𑄧𑄚𑄴 𑄃𑄧𑄇𑄴𑄖𑄧",
                "standard": "𑄌𑄧𑄠𑄴𑄝𑄣𑄴𑄥𑄧𑄚𑄴 𑄟𑄚𑄧𑄇𑄴 𑄃𑄧𑄇𑄴𑄖𑄧",
                "daylight": "𑄌𑄧𑄠𑄴𑄝𑄣𑄴𑄥𑄧𑄚𑄴 𑄉𑄧𑄢𑄧𑄟𑄴𑄇𑄣𑄧𑄢𑄴 𑄃𑄧𑄇𑄴𑄖𑄧"
              }
            },
            "Christmas": {
              "long": {
                "standard": "𑄇𑄳𑄢𑄨𑄌𑄴𑄟𑄥𑄴 𑄉𑄭 𑄉𑄭 𑄞𑄨𑄘𑄬 𑄃𑄧𑄇𑄴𑄖𑄧"
              }
            },
            "Cocos": {
              "long": {
                "standard": "𑄇𑄮𑄇𑄮𑄌𑄴 𑄉𑄭 𑄉𑄭 𑄞𑄨𑄘𑄬𑄉𑄪𑄚𑄮𑄢𑄴 𑄃𑄧𑄇𑄴𑄖𑄧"
              }
            },
            "Colombia": {
              "long": {
                "generic": "𑄇𑄧𑄣𑄧𑄟𑄴𑄝𑄨𑄠 𑄃𑄧𑄇𑄴𑄖𑄧",
                "standard": "𑄇𑄧𑄣𑄧𑄟𑄴𑄝𑄨𑄠 𑄟𑄚𑄧𑄇𑄴 𑄃𑄧𑄇𑄴𑄖𑄧",
                "daylight": "𑄇𑄧𑄣𑄧𑄟𑄴𑄝𑄨𑄠 𑄉𑄧𑄢𑄧𑄟𑄴𑄇𑄣𑄧𑄢𑄴 𑄃𑄧𑄇𑄴𑄖𑄧"
              }
            },
            "Cook": {
              "long": {
                "generic": "𑄇𑄪𑄇𑄴 𑄉𑄭 𑄉𑄭 𑄞𑄨𑄘𑄬𑄉𑄪𑄚𑄮𑄢𑄴 𑄃𑄧𑄇𑄴𑄖𑄧",
                "standard": "𑄇𑄪𑄇𑄴 𑄉𑄭 𑄉𑄭 𑄞𑄨𑄘𑄬𑄉𑄪𑄚𑄮𑄢𑄴 𑄟𑄚𑄧𑄇𑄴 𑄃𑄧𑄇𑄴𑄖𑄧",
                "daylight": "𑄇𑄪𑄇𑄴 𑄉𑄭 𑄉𑄭 𑄞𑄨𑄘𑄬𑄉𑄪𑄚𑄮𑄢𑄴 𑄃𑄧𑄖𑄴𑄙𑄬𑄇𑄴 𑄉𑄧𑄢𑄧𑄟𑄴𑄇𑄣𑄧𑄢𑄴 𑄃𑄧𑄇𑄴𑄖𑄧"
              }
            },
            "Cuba": {
              "long": {
                "generic": "𑄇𑄨𑄃𑄪𑄝𑄢𑄴 𑄃𑄧𑄇𑄴𑄖𑄧",
                "standard": "𑄇𑄨𑄃𑄪𑄝 𑄟𑄚𑄧𑄇𑄴 𑄃𑄧𑄇𑄴𑄖𑄧",
                "daylight": "𑄇𑄨𑄃𑄪𑄝 𑄘𑄨𑄚𑄮𑄃𑄣𑄮𑄢𑄴 𑄃𑄧𑄇𑄴𑄖𑄧"
              }
            },
            "Davis": {
              "long": {
                "standard": "𑄓𑄬𑄞𑄨𑄥𑄴 𑄃𑄧𑄇𑄴𑄖𑄧"
              }
            },
            "DumontDUrville": {
              "long": {
                "standard": "𑄓𑄪𑄟𑄧𑄚𑄴𑄑𑄴-𑄘𑄳𑄠𑄧 𑄅𑄪𑄢𑄴𑄞𑄨𑄣𑄬 𑄃𑄧𑄇𑄴𑄖𑄧"
              }
            },
            "East_Timor": {
              "long": {
                "standard": "𑄛𑄪𑄉𑄬𑄘𑄨 𑄑𑄨𑄟𑄪𑄢𑄴 𑄃𑄧𑄇𑄴𑄖𑄧"
              }
            },
            "Easter": {
              "long": {
                "generic": "𑄃𑄨𑄥𑄴𑄑𑄢𑄴 𑄉𑄭 𑄉𑄭 𑄞𑄨𑄘𑄬 𑄃𑄧𑄇𑄴𑄖𑄧",
                "standard": "𑄃𑄨𑄥𑄴𑄑𑄢𑄴 𑄉𑄭 𑄉𑄭 𑄞𑄨𑄘𑄬 𑄟𑄚𑄧𑄇𑄴 𑄃𑄧𑄇𑄴𑄖𑄧",
                "daylight": "𑄃𑄨𑄥𑄴𑄑𑄢𑄴 𑄉𑄭 𑄉𑄭 𑄞𑄨𑄘𑄬 𑄉𑄧𑄢𑄧𑄟𑄴𑄇𑄣𑄧𑄢𑄴 𑄃𑄧𑄇𑄴𑄖𑄧"
              }
            },
            "Ecuador": {
              "long": {
                "standard": "𑄃𑄨𑄇𑄪𑄠𑄬𑄓𑄧𑄢𑄴 𑄃𑄧𑄇𑄴𑄖𑄧"
              }
            },
            "Europe_Central": {
              "long": {
                "generic": "𑄟𑄧𑄖𑄴𑄙𑄳𑄠 𑄃𑄨𑄃𑄪𑄢𑄮𑄝𑄮𑄢𑄴 𑄃𑄧𑄇𑄴𑄖𑄧",
                "standard": "𑄟𑄧𑄖𑄴𑄙𑄳𑄠 𑄃𑄨𑄃𑄪𑄢𑄮𑄝𑄮𑄢𑄴 𑄟𑄚𑄧𑄇𑄴 𑄃𑄧𑄇𑄴𑄖𑄧",
                "daylight": "𑄟𑄧𑄖𑄴𑄙𑄳𑄠 𑄃𑄨𑄃𑄪𑄢𑄮𑄝𑄮𑄢𑄴 𑄉𑄧𑄢𑄧𑄟𑄴𑄇𑄣𑄧𑄢𑄴 𑄃𑄧𑄇𑄴𑄖𑄧"
              }
            },
            "Europe_Eastern": {
              "long": {
                "generic": "𑄛𑄪𑄉𑄬𑄘𑄨 𑄃𑄨𑄃𑄪𑄢𑄮𑄝𑄮𑄢𑄴 𑄃𑄧𑄇𑄴𑄖𑄧",
                "standard": "𑄛𑄪𑄉𑄬𑄘𑄨 𑄃𑄨𑄃𑄪𑄢𑄮𑄝𑄮𑄢𑄴 𑄟𑄚𑄧𑄇𑄴 𑄃𑄧𑄇𑄴𑄖𑄧",
                "daylight": "𑄛𑄪𑄉𑄬𑄘𑄨 𑄃𑄨𑄃𑄪𑄢𑄮𑄝𑄮𑄢𑄴 𑄉𑄧𑄢𑄧𑄟𑄴𑄇𑄣𑄧𑄢𑄴 𑄃𑄧𑄇𑄴𑄖𑄧"
              }
            },
            "Europe_Further_Eastern": {
              "long": {
                "standard": "𑄃𑄬𑄇𑄴𑄉𑄮𑄙𑄳𑄆𑄬𑄣𑄴 𑄛𑄪𑄉𑄬𑄘𑄨 𑄃𑄨𑄃𑄪𑄢𑄮𑄝𑄮𑄢𑄴 𑄃𑄧𑄇𑄴𑄖𑄧"
              }
            },
            "Europe_Western": {
              "long": {
                "generic": "𑄛𑄧𑄏𑄨𑄟𑄬𑄘𑄨 𑄃𑄨𑄃𑄪𑄢𑄮𑄝𑄢𑄴 𑄃𑄧𑄇𑄴𑄖𑄧",
                "standard": "𑄛𑄧𑄏𑄨𑄟𑄬𑄘𑄨 𑄃𑄨𑄃𑄪𑄢𑄮𑄝𑄮𑄢𑄴 𑄟𑄚𑄧𑄇𑄴 𑄃𑄧𑄇𑄴𑄖𑄧",
                "daylight": "𑄛𑄧𑄏𑄬𑄟𑄬𑄘𑄨 𑄃𑄨𑄃𑄪𑄢𑄮𑄝𑄮𑄢𑄴 𑄉𑄧𑄢𑄧𑄟𑄴𑄇𑄣𑄧𑄢𑄴 𑄃𑄧𑄇𑄴𑄖𑄧"
              }
            },
            "Falkland": {
              "long": {
                "generic": "𑄜𑄧𑄇𑄴𑄣𑄳𑄠𑄚𑄴𑄓𑄴 𑄉𑄭 𑄉𑄭 𑄞𑄨𑄘𑄬𑄉𑄪𑄚𑄮𑄢𑄴 𑄃𑄧𑄇𑄴𑄖𑄧",
                "standard": "𑄜𑄧𑄇𑄴𑄣𑄳𑄠𑄚𑄴𑄓𑄴 𑄉𑄭 𑄉𑄭 𑄞𑄨𑄘𑄬𑄉𑄪𑄚𑄮𑄢𑄴 𑄟𑄚𑄧𑄇𑄴 𑄃𑄧𑄇𑄴𑄖𑄧",
                "daylight": "𑄜𑄧𑄇𑄴𑄣𑄳𑄠𑄚𑄴𑄓𑄴 𑄉𑄭 𑄉𑄭 𑄞𑄨𑄘𑄬𑄉𑄪𑄚𑄮𑄢𑄴 𑄉𑄧𑄢𑄧𑄟𑄴𑄇𑄣𑄧𑄢𑄴 𑄃𑄧𑄇𑄴𑄖𑄧"
              }
            },
            "Fiji": {
              "long": {
                "generic": "𑄜𑄨𑄎𑄨 𑄃𑄧𑄇𑄴𑄖𑄧",
                "standard": "𑄜𑄨𑄎𑄨 𑄟𑄚𑄧𑄇𑄴 𑄃𑄧𑄇𑄴𑄖𑄧",
                "daylight": "𑄜𑄨𑄎𑄨 𑄉𑄧𑄢𑄧𑄟𑄴𑄇𑄣𑄧𑄢𑄴 𑄃𑄧𑄇𑄴𑄖𑄧"
              }
            },
            "French_Guiana": {
              "long": {
                "standard": "𑄜𑄧𑄢𑄥𑄨 𑄉𑄠𑄚 𑄃𑄧𑄇𑄴𑄖𑄧"
              }
            },
            "French_Southern": {
              "long": {
                "standard": "𑄜𑄧𑄢𑄥𑄨 𑄘𑄧𑄉𑄨𑄚𑄴 𑄃𑄳𑄃 𑄃𑄚𑄴𑄑𑄢𑄴𑄇𑄧𑄑𑄨𑄇 𑄃𑄧𑄇𑄴𑄖𑄧"
              }
            },
            "Galapagos": {
              "long": {
                "standard": "𑄉𑄣𑄛𑄉𑄮𑄌𑄴 𑄃𑄧𑄇𑄴𑄖𑄧"
              }
            },
            "Gambier": {
              "long": {
                "standard": "𑄉𑄳𑄠𑄟𑄴𑄝𑄨𑄠𑄢𑄴 𑄃𑄧𑄇𑄴𑄖𑄧"
              }
            },
            "Georgia": {
              "long": {
                "generic": "𑄎𑄧𑄢𑄴𑄎𑄨𑄠 𑄃𑄧𑄇𑄴𑄖𑄧",
                "standard": "𑄎𑄧𑄢𑄴𑄎𑄨𑄠 𑄟𑄚𑄧𑄇𑄴 𑄃𑄧𑄇𑄴𑄖𑄧",
                "daylight": "𑄎𑄧𑄢𑄴𑄎𑄨𑄠 𑄉𑄧𑄢𑄧𑄟𑄴𑄇𑄣𑄧𑄢𑄴 𑄃𑄧𑄇𑄴𑄖𑄧"
              }
            },
            "Gilbert_Islands": {
              "long": {
                "standard": "𑄉𑄨𑄣𑄴𑄝𑄢𑄴𑄑𑄴 𑄉𑄭 𑄉𑄭 𑄞𑄨𑄘𑄬𑄢𑄴 𑄃𑄧𑄇𑄴𑄖𑄧"
              }
            },
            "GMT": {
              "long": {
                "standard": "𑄉𑄳𑄢𑄨𑄚𑄨𑄌𑄴 𑄟𑄨𑄚𑄴 𑄑𑄬𑄟𑄴"
              }
            },
            "Greenland_Eastern": {
              "long": {
                "generic": "𑄛𑄪𑄉𑄬𑄘𑄨 𑄉𑄳𑄢𑄨𑄚𑄴𑄣𑄳𑄠𑄚𑄴𑄓𑄴 𑄃𑄧𑄇𑄴𑄖𑄧",
                "standard": "𑄛𑄪𑄉𑄬𑄘𑄨 𑄉𑄳𑄢𑄨𑄚𑄴𑄣𑄳𑄠𑄚𑄴𑄓𑄴 𑄟𑄚𑄧𑄇𑄴 𑄃𑄧𑄇𑄴𑄖𑄧",
                "daylight": "𑄛𑄪𑄉𑄬𑄘𑄨 𑄉𑄳𑄢𑄨𑄚𑄴𑄣𑄳𑄠𑄚𑄴𑄓𑄴 𑄉𑄧𑄢𑄧𑄟𑄴𑄇𑄣𑄧𑄢𑄴 𑄃𑄧𑄇𑄴𑄖𑄧"
              }
            },
            "Greenland_Western": {
              "long": {
                "generic": "𑄛𑄨𑄏𑄬𑄟𑄴𑄘𑄨 𑄉𑄳𑄢𑄨𑄚𑄴𑄣𑄳𑄠𑄚𑄴𑄓𑄴 𑄃𑄧𑄇𑄴𑄖𑄧",
                "standard": "𑄛𑄧𑄏𑄨𑄟𑄬𑄘𑄨 𑄉𑄳𑄢𑄨𑄚𑄴𑄣𑄳𑄠𑄚𑄴𑄓𑄴 𑄟𑄚𑄧𑄇𑄴 𑄃𑄧𑄇𑄴𑄖𑄧",
                "daylight": "𑄛𑄧𑄏𑄨𑄟𑄬𑄘𑄨 𑄉𑄳𑄢𑄨𑄚𑄴𑄣𑄳𑄠𑄚𑄴𑄓𑄴 𑄉𑄧𑄢𑄧𑄟𑄴𑄇𑄣𑄧𑄢𑄴 𑄃𑄧𑄇𑄴𑄖𑄧"
              }
            },
            "Gulf": {
              "long": {
                "standard": "𑄃𑄪𑄛𑄧𑄥𑄉𑄧𑄢𑄨𑄠𑄧 𑄟𑄚𑄧𑄇𑄴 𑄃𑄧𑄇𑄴𑄖𑄧"
              }
            },
            "Guyana": {
              "long": {
                "standard": "𑄉𑄪𑄠𑄚 𑄃𑄧𑄇𑄴𑄖𑄧"
              }
            },
            "Hawaii_Aleutian": {
              "long": {
                "generic": "𑄦𑄃𑄮𑄠𑄭 𑄃𑄳𑄠𑄣𑄨𑄃𑄪𑄑𑄨𑄠𑄚𑄴 𑄃𑄧𑄇𑄴𑄖𑄧",
                "standard": "𑄦𑄧𑄃𑄮𑄠𑄭-𑄃𑄣𑄬𑄃𑄪𑄖𑄴 𑄟𑄚𑄧𑄇𑄴 𑄃𑄧𑄇𑄴𑄖𑄧",
                "daylight": "𑄦𑄧𑄃𑄮𑄠𑄭-𑄃𑄣𑄬𑄃𑄪𑄖𑄴 𑄘𑄨𑄚𑄮𑄃𑄣𑄮𑄢𑄴 𑄃𑄧𑄇𑄴𑄖𑄧"
              }
            },
            "Hong_Kong": {
              "long": {
                "generic": "𑄦𑄧𑄁 𑄇𑄧𑄁 𑄃𑄧𑄇𑄴𑄖𑄧",
                "standard": "𑄦𑄧𑄁 𑄇𑄧𑄁 𑄟𑄚𑄧𑄇𑄴 𑄃𑄧𑄇𑄴𑄖𑄧",
                "daylight": "𑄦𑄧𑄁 𑄇𑄧𑄁 𑄉𑄧𑄢𑄧𑄟𑄴𑄇𑄣𑄧𑄢𑄴 𑄃𑄧𑄇𑄴𑄖𑄧"
              }
            },
            "Hovd": {
              "long": {
                "generic": "𑄦𑄮𑄞𑄧𑄓𑄴 𑄃𑄧𑄇𑄴𑄖𑄧",
                "standard": "𑄦𑄮𑄞𑄧𑄓𑄴 𑄟𑄚𑄧𑄇𑄴 𑄃𑄧𑄇𑄴𑄖𑄧",
                "daylight": "𑄦𑄮𑄞𑄧𑄓𑄴 𑄉𑄧𑄢𑄧𑄟𑄴𑄇𑄣𑄧𑄢𑄴 𑄃𑄧𑄇𑄴𑄖𑄧"
              }
            },
            "India": {
              "long": {
                "standard": "𑄃𑄨𑄚𑄴𑄘𑄨𑄠𑄬 𑄟𑄚𑄧𑄇𑄴 𑄃𑄧𑄇𑄴𑄖𑄧"
              },
              "short": {
                "standard": "IST"
              }
            },
            "Indian_Ocean": {
              "long": {
                "standard": "𑄃𑄨𑄚𑄴𑄘𑄨𑄠𑄬 𑄟𑄧𑄦𑄥𑄉𑄧𑄢𑄧𑄢𑄴 𑄃𑄧𑄇𑄴𑄖𑄧"
              }
            },
            "Indochina": {
              "long": {
                "standard": "𑄃𑄨𑄚𑄴𑄘𑄮𑄌𑄩𑄚𑄴 𑄃𑄧𑄇𑄴𑄖𑄧"
              }
            },
            "Indonesia_Central": {
              "long": {
                "standard": "𑄃𑄏𑄧𑄣𑄴 𑄉𑄢𑄳𑄦 𑄃𑄨𑄚𑄴𑄘𑄮𑄚𑄬𑄥𑄨𑄠 𑄃𑄧𑄇𑄴𑄖𑄧"
              }
            },
            "Indonesia_Eastern": {
              "long": {
                "standard": "𑄛𑄪𑄉𑄬𑄘𑄨 𑄃𑄨𑄚𑄴𑄘𑄮𑄚𑄬𑄥𑄨𑄠 𑄃𑄧𑄇𑄴𑄖𑄧"
              }
            },
            "Indonesia_Western": {
              "long": {
                "standard": "𑄛𑄧𑄏𑄨𑄟𑄬𑄘𑄨 𑄃𑄨𑄚𑄴𑄘𑄮𑄚𑄬𑄥𑄨𑄠 𑄃𑄧𑄇𑄴𑄖𑄧"
              }
            },
            "Iran": {
              "long": {
                "generic": "𑄃𑄨𑄢𑄚𑄴 𑄃𑄧𑄇𑄴𑄖𑄧",
                "standard": "𑄃𑄨𑄢𑄚𑄴 𑄟𑄚𑄧𑄇𑄴 𑄃𑄧𑄇𑄴𑄖𑄧",
                "daylight": "𑄃𑄨𑄢𑄚𑄴 𑄘𑄨𑄚𑄬𑄃𑄣𑄮𑄢𑄴 𑄃𑄧𑄇𑄴𑄖𑄧"
              }
            },
            "Irkutsk": {
              "long": {
                "generic": "𑄃𑄨𑄢𑄴𑄖𑄪𑄑𑄴𑄥𑄴𑄇𑄴 𑄃𑄧𑄇𑄴𑄖𑄧",
                "standard": "𑄃𑄨𑄢𑄴𑄖𑄪𑄑𑄴𑄥𑄴𑄇𑄴 𑄟𑄚𑄧𑄇𑄴 𑄃𑄧𑄇𑄴𑄖𑄧",
                "daylight": "𑄃𑄨𑄢𑄴𑄖𑄪𑄑𑄴𑄥𑄴𑄇𑄴 𑄉𑄧𑄢𑄧𑄟𑄴𑄇𑄣𑄧𑄢𑄴 𑄃𑄧𑄇𑄴𑄖𑄧"
              }
            },
            "Israel": {
              "long": {
                "generic": "𑄃𑄨𑄎𑄢𑄠𑄬𑄣𑄴 𑄃𑄧𑄇𑄴𑄖𑄧",
                "standard": "𑄃𑄨𑄎𑄴𑄢𑄠𑄬𑄣𑄴 𑄟𑄚𑄧𑄇𑄴 𑄃𑄧𑄇𑄴𑄖𑄧",
                "daylight": "𑄃𑄨𑄎𑄴𑄢𑄠𑄬𑄣𑄴 𑄘𑄨𑄚𑄮𑄃𑄣𑄮𑄢𑄴 𑄃𑄧𑄇𑄴𑄖𑄧"
              }
            },
            "Japan": {
              "long": {
                "generic": "𑄎𑄛𑄚𑄴 𑄃𑄧𑄇𑄴𑄖𑄧",
                "standard": "𑄎𑄛𑄚𑄴 𑄟𑄚𑄧𑄇𑄴 𑄃𑄧𑄇𑄴𑄖𑄧",
                "daylight": "𑄎𑄛𑄚𑄴 𑄘𑄨𑄚𑄮𑄃𑄣𑄮𑄢𑄴 𑄃𑄧𑄇𑄴𑄖𑄧"
              }
            },
            "Kamchatka": {
              "long": {
                "generic": "𑄛𑄨𑄖𑄳𑄢𑄬𑄛𑄳𑄠𑄞𑄧𑄣𑄧𑄥𑄴𑄇𑄴-𑄇𑄳𑄠𑄟𑄴𑄌𑄳𑄠𑄑𑄴𑄃𑄨𑄥𑄴𑄇𑄨 𑄃𑄧𑄇𑄴𑄖𑄧",
                "standard": "𑄛𑄨𑄖𑄳𑄢𑄬𑄛𑄳𑄠𑄞𑄧𑄣𑄧𑄥𑄴𑄇𑄴-𑄇𑄳𑄠𑄟𑄴𑄌𑄳𑄠𑄑𑄴𑄃𑄨𑄥𑄴𑄇𑄨 𑄟𑄚𑄴 𑄃𑄧𑄇𑄴𑄖𑄧",
                "daylight": "𑄛𑄨𑄖𑄳𑄢𑄬𑄛𑄳𑄠𑄞𑄧𑄣𑄧𑄥𑄴𑄇𑄴-𑄇𑄳𑄠𑄟𑄴𑄌𑄳𑄠𑄑𑄴𑄃𑄨𑄥𑄴𑄇𑄨 𑄉𑄧𑄢𑄧𑄟𑄴𑄇𑄣𑄧𑄢𑄴 𑄃𑄧𑄇𑄴𑄖𑄧"
              }
            },
            "Kazakhstan_Eastern": {
              "long": {
                "standard": "𑄛𑄪𑄉𑄬𑄘𑄨 𑄇𑄎𑄇𑄴𑄥𑄳𑄖𑄚𑄴 𑄟𑄚𑄧𑄇𑄴 𑄃𑄧𑄇𑄴𑄖𑄧"
              }
            },
            "Kazakhstan_Western": {
              "long": {
                "standard": "𑄛𑄧𑄏𑄨𑄟𑄬𑄘𑄨 𑄇𑄎𑄇𑄴𑄥𑄳𑄖𑄚𑄴 𑄟𑄚𑄧𑄇𑄴 𑄃𑄧𑄇𑄴𑄖𑄧"
              }
            },
            "Korea": {
              "long": {
                "generic": "𑄇𑄮𑄢𑄨𑄠𑄚𑄴 𑄃𑄧𑄇𑄴𑄖𑄧",
                "standard": "𑄇𑄮𑄢𑄨𑄠𑄚𑄴 𑄟𑄚𑄧𑄇𑄴 𑄃𑄧𑄇𑄴𑄖𑄧",
                "daylight": "𑄇𑄮𑄢𑄨𑄠𑄚𑄴 𑄘𑄨𑄚𑄮𑄃𑄣𑄮𑄢𑄴 𑄃𑄧𑄇𑄴𑄖𑄧"
              }
            },
            "Kosrae": {
              "long": {
                "standard": "𑄇𑄮𑄌𑄴𑄢𑄳𑄆𑄬 𑄃𑄧𑄇𑄴𑄖𑄧"
              }
            },
            "Krasnoyarsk": {
              "long": {
                "generic": "𑄇𑄳𑄢𑄥𑄴𑄚𑄮𑄠𑄢𑄴𑄥𑄴𑄇𑄴 𑄃𑄧𑄇𑄴𑄖𑄧",
                "standard": "𑄇𑄳𑄢𑄥𑄴𑄚𑄮𑄠𑄢𑄴𑄥𑄴𑄇𑄴 𑄟𑄚𑄧𑄇𑄴 𑄃𑄧𑄇𑄴𑄖𑄧",
                "daylight": "𑄇𑄳𑄢𑄥𑄴𑄚𑄮𑄠𑄢𑄴𑄥𑄴𑄇𑄴 𑄉𑄧𑄢𑄧𑄟𑄴𑄇𑄣𑄧𑄢𑄴 𑄃𑄧𑄇𑄴𑄖𑄧"
              }
            },
            "Kyrgystan": {
              "long": {
                "standard": "𑄇𑄨𑄢𑄴𑄉𑄨𑄥𑄴𑄖𑄚𑄴 𑄃𑄧𑄇𑄴𑄖𑄧"
              }
            },
            "Line_Islands": {
              "long": {
                "standard": "𑄣𑄭𑄚𑄴 𑄉𑄭 𑄉𑄭 𑄞𑄨𑄘𑄬𑄉𑄪𑄚𑄮𑄢𑄴 𑄃𑄧𑄇𑄴𑄖𑄧"
              }
            },
            "Lord_Howe": {
              "long": {
                "generic": "𑄣𑄧𑄢𑄴𑄓𑄴 𑄦𑄤𑄬 𑄃𑄧𑄇𑄴𑄖𑄧",
                "standard": "𑄣𑄧𑄢𑄴𑄓𑄴 𑄦𑄤𑄬 𑄟𑄚𑄧𑄇𑄴 𑄃𑄧𑄇𑄴𑄖𑄧",
                "daylight": "𑄣𑄧𑄢𑄴𑄓𑄴 𑄦𑄤𑄬 𑄘𑄨𑄚𑄮𑄃𑄣𑄮𑄢𑄴 𑄃𑄧𑄇𑄴𑄖𑄧"
              }
            },
            "Macquarie": {
              "long": {
                "standard": "𑄟𑄳𑄠𑄇𑄴𑄇𑄪𑄢𑄨 𑄉𑄭 𑄉𑄭 𑄞𑄬𑄘 𑄃𑄧𑄇𑄴𑄖𑄧"
              }
            },
            "Magadan": {
              "long": {
                "generic": "𑄟𑄳𑄠𑄉𑄓𑄚𑄴 𑄃𑄧𑄇𑄴𑄖𑄧",
                "standard": "𑄟𑄳𑄠𑄉𑄓𑄚𑄴 𑄟𑄚𑄧𑄇𑄴 𑄃𑄧𑄇𑄴𑄖𑄧",
                "daylight": "𑄟𑄳𑄠𑄉𑄓𑄚𑄴 𑄉𑄧𑄢𑄧𑄟𑄴𑄇𑄣𑄧𑄢𑄴 𑄃𑄧𑄇𑄴𑄖𑄧"
              }
            },
            "Malaysia": {
              "long": {
                "standard": "𑄟𑄣𑄴𑄠𑄬𑄥𑄨𑄠 𑄃𑄧𑄇𑄴𑄖𑄧"
              }
            },
            "Maldives": {
              "long": {
                "standard": "𑄟𑄣𑄴𑄘𑄨𑄛𑄴 𑄃𑄧𑄇𑄴𑄖𑄧"
              }
            },
            "Marquesas": {
              "long": {
                "standard": "𑄟𑄢𑄴𑄇𑄬𑄥𑄥𑄴 𑄃𑄧𑄇𑄴𑄖𑄧"
              }
            },
            "Marshall_Islands": {
              "long": {
                "standard": "𑄟𑄢𑄴𑄥𑄣𑄴 𑄉𑄭 𑄉𑄭 𑄞𑄨𑄘𑄬𑄉𑄪𑄚𑄮𑄢𑄴 𑄃𑄧𑄇𑄴𑄖𑄧"
              }
            },
            "Mauritius": {
              "long": {
                "generic": "𑄟𑄧𑄢𑄨𑄥𑄥𑄴 𑄃𑄧𑄇𑄴𑄖𑄧",
                "standard": "𑄟𑄧𑄢𑄨𑄥𑄥𑄴 𑄟𑄚𑄧𑄇𑄴 𑄃𑄧𑄇𑄴𑄖𑄧",
                "daylight": "𑄟𑄧𑄢𑄨𑄥𑄥𑄴 𑄉𑄧𑄢𑄧𑄟𑄴𑄇𑄣𑄧𑄢𑄴 𑄃𑄧𑄇𑄴𑄖𑄧"
              }
            },
            "Mawson": {
              "long": {
                "standard": "𑄟𑄧𑄥𑄳𑄦𑄧𑄚𑄴 𑄃𑄧𑄇𑄴𑄖𑄧"
              }
            },
            "Mexico_Northwest": {
              "long": {
                "generic": "𑄃𑄪𑄖𑄴𑄖𑄮𑄢𑄴 𑄛𑄧𑄏𑄨𑄟𑄴 𑄟𑄬𑄇𑄴𑄥𑄨𑄇𑄮𑄢𑄴 𑄃𑄧𑄇𑄴𑄖𑄧",
                "standard": "𑄃𑄪𑄖𑄴𑄖𑄮𑄢𑄴 𑄛𑄧𑄏𑄨𑄟𑄴 𑄟𑄬𑄇𑄴𑄥𑄨𑄇𑄮𑄢𑄴 𑄟𑄚𑄧𑄇𑄴 𑄃𑄧𑄇𑄴𑄖𑄧",
                "daylight": "𑄃𑄪𑄖𑄴𑄖𑄮𑄢𑄴 𑄛𑄧𑄏𑄨𑄟𑄴 𑄟𑄬𑄇𑄴𑄥𑄨𑄇𑄮𑄢𑄴 𑄘𑄨𑄚𑄮𑄢𑄴 𑄃𑄧𑄇𑄴𑄖𑄧"
              }
            },
            "Mexico_Pacific": {
              "long": {
                "generic": "𑄟𑄬𑄇𑄴𑄥𑄨𑄇𑄚𑄴 𑄛𑄳𑄢𑄧𑄥𑄚𑄴𑄖𑄧 𑄟𑄧𑄦𑄥𑄉𑄧𑄢𑄧𑄢𑄴 𑄃𑄧𑄇𑄴𑄖𑄧",
                "standard": "𑄟𑄬𑄇𑄴𑄥𑄨𑄇𑄚𑄴 𑄛𑄳𑄢𑄧𑄥𑄚𑄴𑄖𑄧 𑄟𑄧𑄦𑄥𑄉𑄧𑄢𑄧𑄢𑄴 𑄟𑄚𑄧𑄇𑄴 𑄃𑄧𑄇𑄴𑄖𑄧",
                "daylight": "𑄟𑄬𑄇𑄴𑄥𑄨𑄇𑄚𑄴 𑄛𑄳𑄢𑄧𑄥𑄚𑄴𑄖𑄧 𑄟𑄧𑄦𑄥𑄉𑄧𑄢𑄧𑄢𑄴 𑄘𑄨𑄚𑄮𑄃𑄣𑄮𑄢𑄴 𑄃𑄧𑄇𑄴𑄖𑄧"
              }
            },
            "Mongolia": {
              "long": {
                "generic": "𑄃𑄪𑄣𑄚𑄴 𑄝𑄖𑄮𑄢𑄴 𑄃𑄧𑄇𑄴𑄖𑄧",
                "standard": "𑄃𑄪𑄣𑄚𑄴 𑄝𑄖𑄮𑄢𑄴 𑄟𑄚𑄧𑄇𑄴 𑄃𑄧𑄇𑄴𑄖𑄧",
                "daylight": "𑄃𑄪𑄣𑄚𑄴 𑄝𑄖𑄮𑄢𑄴 𑄉𑄧𑄢𑄧𑄟𑄴𑄇𑄣𑄧𑄢𑄴 𑄃𑄧𑄇𑄴𑄖𑄧"
              }
            },
            "Moscow": {
              "long": {
                "generic": "𑄟𑄧𑄥𑄴𑄇𑄮 𑄃𑄧𑄇𑄴𑄖𑄧",
                "standard": "𑄟𑄧𑄥𑄴𑄇𑄮 𑄟𑄚𑄧𑄇𑄴 𑄃𑄧𑄇𑄴𑄖𑄧",
                "daylight": "𑄟𑄧𑄥𑄴𑄇𑄮 𑄉𑄧𑄢𑄧𑄟𑄴𑄇𑄣𑄧𑄢𑄴 𑄃𑄧𑄇𑄴𑄖𑄧"
              }
            },
            "Myanmar": {
              "long": {
                "standard": "𑄟𑄠𑄚𑄴𑄟𑄢𑄴 𑄃𑄧𑄇𑄴𑄖𑄧"
              }
            },
            "Nauru": {
              "long": {
                "standard": "𑄚𑄃𑄪𑄢𑄪 𑄃𑄧𑄇𑄴𑄖𑄧"
              }
            },
            "Nepal": {
              "long": {
                "standard": "𑄚𑄬𑄛𑄣𑄴 𑄃𑄧𑄇𑄴𑄖𑄧"
              }
            },
            "New_Caledonia": {
              "long": {
                "generic": "𑄚𑄨𑄃𑄪 𑄃𑄳𑄠𑄣𑄬𑄓𑄮𑄚𑄨𑄠 𑄃𑄧𑄇𑄴𑄖𑄧",
                "standard": "𑄚𑄨𑄃𑄪 𑄇𑄳𑄠𑄣𑄬𑄓𑄮𑄚𑄨𑄠 𑄟𑄚𑄧𑄇𑄴 𑄃𑄧𑄇𑄴𑄖𑄧",
                "daylight": "𑄚𑄨𑄃𑄪 𑄇𑄳𑄠𑄣𑄬𑄓𑄮𑄚𑄨𑄠 𑄉𑄧𑄢𑄧𑄟𑄴𑄇𑄣𑄧𑄢𑄴 𑄃𑄧𑄇𑄴𑄖𑄧"
              }
            },
            "New_Zealand": {
              "long": {
                "generic": "𑄚𑄨𑄃𑄪𑄎𑄨𑄣𑄳𑄠𑄚𑄴𑄓𑄴 𑄃𑄧𑄇𑄴𑄖𑄧",
                "standard": "𑄚𑄨𑄃𑄪𑄎𑄨𑄣𑄳𑄠𑄚𑄴𑄓𑄴 𑄟𑄚𑄧𑄇𑄴 𑄃𑄧𑄇𑄴𑄖𑄧",
                "daylight": "𑄚𑄨𑄃𑄪𑄎𑄨𑄣𑄳𑄠𑄚𑄴𑄓𑄴 𑄘𑄨𑄚𑄮𑄃𑄣𑄮𑄢𑄴 𑄃𑄧𑄇𑄴𑄖𑄧"
              }
            },
            "Newfoundland": {
              "long": {
                "generic": "𑄚𑄨𑄃𑄪𑄜𑄃𑄪𑄚𑄴𑄣𑄳𑄠𑄚𑄴𑄓𑄨 𑄃𑄧𑄇𑄴𑄖𑄧",
                "standard": "𑄚𑄨𑄃𑄪𑄜𑄃𑄪𑄚𑄴𑄣𑄳𑄠𑄚𑄴𑄓𑄨 𑄟𑄚𑄧𑄇𑄴 𑄃𑄧𑄇𑄴𑄖𑄧",
                "daylight": "𑄚𑄨𑄃𑄪𑄜𑄃𑄪𑄚𑄴𑄣𑄳𑄠𑄚𑄴𑄓𑄨 𑄘𑄨𑄚𑄮𑄃𑄣𑄮𑄢𑄴 𑄃𑄧𑄇𑄴𑄖𑄧"
              }
            },
            "Niue": {
              "long": {
                "standard": "𑄚𑄨𑄃𑄪𑄃𑄨 𑄃𑄧𑄇𑄴𑄖𑄧"
              }
            },
            "Norfolk": {
              "long": {
                "standard": "𑄚𑄧𑄢𑄴𑄜𑄮𑄇𑄴 𑄉𑄭 𑄉𑄭 𑄞𑄨𑄘𑄬𑄉𑄪𑄚𑄮𑄢𑄴 𑄃𑄧𑄇𑄴𑄖𑄧"
              }
            },
            "Noronha": {
              "long": {
                "generic": "𑄜𑄢𑄴𑄚𑄚𑄴𑄘𑄮𑄓𑄨 𑄚𑄮𑄢𑄮𑄚𑄴𑄦 𑄃𑄧𑄇𑄴𑄖𑄧",
                "standard": "𑄜𑄢𑄴𑄚𑄚𑄴𑄘𑄮𑄓𑄨 𑄚𑄮𑄢𑄮𑄚𑄴𑄦 𑄟𑄚𑄧𑄇𑄴 𑄃𑄧𑄇𑄴𑄖𑄧",
                "daylight": "𑄜𑄢𑄴𑄚𑄚𑄴𑄘𑄮𑄓𑄨 𑄚𑄮𑄢𑄮𑄚𑄴𑄦 𑄉𑄧𑄢𑄧𑄟𑄴𑄇𑄣𑄧𑄢𑄴 𑄃𑄧𑄇𑄴𑄖𑄧"
              }
            },
            "Novosibirsk": {
              "long": {
                "generic": "𑄚𑄮𑄞𑄮𑄥𑄨𑄝𑄨𑄢𑄴𑄥𑄴𑄇𑄴 𑄃𑄧𑄇𑄴𑄖𑄧",
                "standard": "𑄚𑄮𑄞𑄮𑄥𑄨𑄝𑄨𑄢𑄴𑄥𑄴𑄇𑄴 𑄟𑄚𑄧𑄇𑄴 𑄃𑄧𑄇𑄴𑄖𑄧",
                "daylight": "𑄚𑄮𑄞𑄮𑄥𑄨𑄝𑄨𑄢𑄴𑄥𑄴𑄇𑄴 𑄉𑄧𑄢𑄧𑄟𑄴𑄇𑄣𑄧𑄢𑄴 𑄃𑄧𑄇𑄴𑄖𑄧"
              }
            },
            "Omsk": {
              "long": {
                "generic": "𑄃𑄮𑄟𑄧𑄥𑄴𑄇𑄴 𑄃𑄧𑄇𑄴𑄖𑄧",
                "standard": "𑄃𑄮𑄟𑄧𑄥𑄴𑄇𑄴 𑄟𑄚𑄧𑄇𑄴 𑄃𑄧𑄇𑄴𑄖𑄧",
                "daylight": "𑄃𑄮𑄟𑄧𑄥𑄴𑄇𑄴 𑄉𑄧𑄢𑄧𑄟𑄴𑄇𑄣𑄧𑄢𑄴 𑄃𑄧𑄇𑄴𑄖𑄧"
              }
            },
            "Pakistan": {
              "long": {
                "generic": "𑄛𑄇𑄨𑄥𑄴𑄖𑄚𑄴 𑄃𑄧𑄇𑄴𑄖𑄧",
                "standard": "𑄛𑄇𑄨𑄥𑄴𑄖𑄚𑄴 𑄟𑄚𑄧𑄇𑄴 𑄃𑄧𑄇𑄴𑄖𑄧",
                "daylight": "𑄛𑄇𑄨𑄥𑄴𑄖𑄚𑄴 𑄉𑄧𑄢𑄧𑄟𑄴𑄇𑄣𑄧𑄢𑄴 𑄃𑄧𑄇𑄴𑄖𑄧"
              }
            },
            "Palau": {
              "long": {
                "standard": "𑄛𑄣𑄅𑄪 𑄃𑄧𑄇𑄴𑄖𑄧"
              }
            },
            "Papua_New_Guinea": {
              "long": {
                "standard": "𑄛𑄛𑄪𑄠 𑄚𑄨𑄃𑄪 𑄉𑄨𑄚𑄨 𑄃𑄧𑄇𑄴𑄖𑄧"
              }
            },
            "Paraguay": {
              "long": {
                "generic": "𑄛𑄳𑄠𑄢𑄉𑄪𑄠𑄬 𑄃𑄧𑄇𑄴𑄖𑄧",
                "standard": "𑄛𑄳𑄠𑄢𑄉𑄪𑄠𑄬 𑄟𑄚𑄧𑄇𑄴 𑄃𑄧𑄇𑄴𑄖𑄧",
                "daylight": "𑄛𑄳𑄠𑄢𑄉𑄪𑄠𑄬 𑄉𑄧𑄢𑄧𑄟𑄴𑄇𑄣𑄧𑄢𑄴 𑄃𑄧𑄇𑄴𑄖𑄧"
              }
            },
            "Peru": {
              "long": {
                "generic": "𑄛𑄬𑄢𑄪 𑄃𑄧𑄇𑄴𑄖𑄧",
                "standard": "𑄛𑄬𑄢𑄪 𑄟𑄚𑄧𑄇𑄴 𑄃𑄧𑄇𑄴𑄖𑄧",
                "daylight": "𑄛𑄬𑄢𑄪 𑄉𑄧𑄢𑄧𑄟𑄴𑄇𑄣𑄧𑄢𑄴 𑄃𑄧𑄇𑄴𑄖𑄧"
              }
            },
            "Philippines": {
              "long": {
                "generic": "𑄜𑄨𑄣𑄨𑄛𑄭𑄚𑄴 𑄃𑄧𑄇𑄴𑄖𑄧",
                "standard": "𑄜𑄨𑄣𑄨𑄛𑄭𑄚𑄴 𑄟𑄚𑄧𑄇𑄴 𑄃𑄧𑄇𑄴𑄖𑄧",
                "daylight": "𑄜𑄨𑄣𑄨𑄛𑄭𑄚𑄴 𑄉𑄧𑄢𑄧𑄟𑄴𑄇𑄣𑄧𑄢𑄴 𑄃𑄧𑄇𑄴𑄖𑄧"
              }
            },
            "Phoenix_Islands": {
              "long": {
                "standard": "𑄜𑄮𑄚𑄨𑄇𑄴𑄥𑄴 𑄉𑄭 𑄉𑄭 𑄞𑄨𑄘𑄬𑄉𑄪𑄚𑄮𑄢𑄴 𑄃𑄧𑄇𑄴𑄖𑄧"
              }
            },
            "Pierre_Miquelon": {
              "long": {
                "generic": "𑄥𑄬𑄚𑄴𑄑𑄴 𑄛𑄨𑄠𑄬𑄢𑄴 𑄃𑄮 𑄟𑄨𑄇𑄬𑄣𑄧𑄚𑄴 𑄃𑄧𑄇𑄴𑄖𑄧",
                "standard": "𑄥𑄬𑄚𑄴𑄑𑄴 𑄛𑄨𑄠𑄬𑄢𑄴 𑄃𑄮 𑄟𑄨𑄇𑄬𑄣𑄧𑄚𑄴 𑄟𑄚𑄧𑄇𑄴 𑄃𑄧𑄇𑄴𑄖𑄧",
                "daylight": "𑄥𑄬𑄚𑄴𑄑𑄴 𑄛𑄨𑄠𑄬𑄢𑄴 𑄃𑄮 𑄟𑄨𑄇𑄬𑄣𑄧𑄚𑄴 𑄘𑄨𑄚𑄮𑄃𑄣𑄮𑄢𑄴 𑄃𑄧𑄇𑄴𑄖𑄧"
              }
            },
            "Pitcairn": {
              "long": {
                "standard": "𑄛𑄨𑄖𑄴𑄇𑄬𑄠𑄢𑄴𑄚𑄴 𑄃𑄧𑄇𑄴𑄖𑄧"
              }
            },
            "Ponape": {
              "long": {
                "standard": "𑄛𑄮𑄚𑄛𑄬 𑄃𑄧𑄇𑄴𑄖𑄧"
              }
            },
            "Pyongyang": {
              "long": {
                "standard": "𑄛𑄨𑄠𑄧𑄁 𑄃𑄨𑄠𑄁 𑄃𑄧𑄇𑄴𑄖𑄧"
              }
            },
            "Reunion": {
              "long": {
                "standard": "𑄢𑄨𑄃𑄨𑄃𑄪𑄚𑄨𑄠𑄚𑄴 𑄃𑄧𑄇𑄴𑄖𑄧"
              }
            },
            "Rothera": {
              "long": {
                "standard": "𑄢𑄧𑄗𑄬𑄢 𑄃𑄧𑄇𑄴𑄖𑄧"
              }
            },
            "Sakhalin": {
              "long": {
                "generic": "𑄥𑄈𑄣𑄨𑄚𑄴 𑄃𑄧𑄇𑄴𑄖𑄧",
                "standard": "𑄥𑄈𑄣𑄨𑄚𑄴 𑄟𑄚𑄧𑄇𑄴 𑄃𑄧𑄇𑄴𑄖𑄧",
                "daylight": "𑄥𑄈𑄣𑄨𑄚𑄴 𑄉𑄧𑄢𑄧𑄟𑄴𑄇𑄣𑄧𑄢𑄴 𑄃𑄧𑄇𑄴𑄖𑄧"
              }
            },
            "Samara": {
              "long": {
                "generic": "𑄥𑄟𑄢 𑄃𑄧𑄇𑄴𑄖𑄧",
                "standard": "𑄥𑄟𑄢 𑄟𑄚𑄴 𑄃𑄧𑄇𑄴𑄖𑄧",
                "daylight": "𑄥𑄟𑄢 𑄉𑄧𑄢𑄧𑄟𑄴𑄇𑄣𑄧𑄢𑄴 𑄃𑄧𑄇𑄴𑄖𑄧"
              }
            },
            "Samoa": {
              "long": {
                "generic": "𑄥𑄟𑄮𑄠 𑄃𑄧𑄇𑄴𑄖𑄧",
                "standard": "𑄥𑄟𑄮𑄠 𑄟𑄚𑄧𑄇𑄴 𑄃𑄧𑄇𑄴𑄖𑄧",
                "daylight": "𑄥𑄟𑄮𑄠 𑄉𑄧𑄢𑄧𑄟𑄴𑄇𑄣𑄧𑄢𑄴 𑄃𑄧𑄇𑄴𑄖𑄧"
              }
            },
            "Seychelles": {
              "long": {
                "standard": "𑄥𑄬𑄥𑄬𑄣𑄧𑄥𑄴 𑄃𑄧𑄇𑄴𑄖𑄧"
              }
            },
            "Singapore": {
              "long": {
                "standard": "𑄥𑄨𑄁𑄉𑄛𑄪𑄢 𑄟𑄚𑄧𑄇𑄴 𑄃𑄧𑄇𑄴𑄖𑄧"
              }
            },
            "Solomon": {
              "long": {
                "standard": "𑄥𑄧𑄣𑄮𑄟𑄧𑄚𑄴 𑄉𑄭 𑄉𑄭 𑄞𑄨𑄘𑄬𑄉𑄪𑄚𑄮𑄢𑄴 𑄃𑄧𑄇𑄴𑄖𑄧"
              }
            },
            "South_Georgia": {
              "long": {
                "standard": "𑄘𑄧𑄉𑄨𑄚𑄴 𑄎𑄧𑄢𑄴𑄎𑄨𑄠 𑄃𑄧𑄇𑄴𑄖𑄧"
              }
            },
            "Suriname": {
              "long": {
                "standard": "𑄥𑄪𑄢𑄨𑄚𑄟𑄴 𑄃𑄧𑄇𑄴𑄖𑄧"
              }
            },
            "Syowa": {
              "long": {
                "standard": "𑄥𑄠𑄮𑄤 𑄃𑄧𑄇𑄴𑄖𑄧"
              }
            },
            "Tahiti": {
              "long": {
                "standard": "𑄖𑄦𑄨𑄖𑄨 𑄃𑄧𑄇𑄴𑄖𑄧"
              }
            },
            "Taipei": {
              "long": {
                "generic": "𑄖𑄭𑄛𑄳𑄆𑄬 𑄃𑄧𑄇𑄴𑄖𑄧",
                "standard": "𑄖𑄭𑄛𑄳𑄆𑄬 𑄟𑄚𑄧𑄇𑄴 𑄃𑄧𑄇𑄴𑄖𑄧",
                "daylight": "𑄖𑄭𑄛𑄳𑄆𑄬 𑄘𑄨𑄚𑄮𑄃𑄣𑄮𑄢𑄴 𑄃𑄧𑄇𑄴𑄖𑄧"
              }
            },
            "Tajikistan": {
              "long": {
                "standard": "𑄖𑄎𑄈𑄥𑄴𑄖𑄚𑄴 𑄃𑄧𑄇𑄴𑄖𑄧"
              }
            },
            "Tokelau": {
              "long": {
                "standard": "𑄑𑄮𑄇𑄬𑄣𑄃𑄪 𑄃𑄧𑄇𑄴𑄖𑄧"
              }
            },
            "Tonga": {
              "long": {
                "generic": "𑄑𑄮𑄋𑄴𑄉 𑄃𑄧𑄇𑄴𑄖𑄧",
                "standard": "𑄑𑄮𑄋𑄴𑄉 𑄟𑄚𑄧𑄇𑄴 𑄃𑄧𑄇𑄴𑄖𑄧",
                "daylight": "𑄑𑄮𑄋𑄴𑄉 𑄉𑄧𑄢𑄧𑄟𑄴𑄇𑄣𑄧𑄢𑄴 𑄃𑄧𑄇𑄴𑄖𑄧"
              }
            },
            "Truk": {
              "long": {
                "standard": "𑄌𑄪𑄇𑄴 𑄃𑄧𑄇𑄴𑄖𑄧"
              }
            },
            "Turkmenistan": {
              "long": {
                "generic": "𑄖𑄪𑄢𑄴𑄇𑄴𑄟𑄬𑄚𑄨𑄌𑄴𑄖𑄚𑄴 𑄃𑄧𑄇𑄴𑄖𑄧",
                "standard": "𑄖𑄪𑄢𑄴𑄇𑄴𑄟𑄬𑄚𑄨𑄌𑄴𑄖𑄚𑄴 𑄟𑄚𑄧𑄇𑄴 𑄃𑄧𑄇𑄴𑄖𑄧",
                "daylight": "𑄖𑄪𑄢𑄴𑄇𑄴𑄟𑄬𑄚𑄨𑄌𑄴𑄖𑄚𑄴 𑄉𑄧𑄢𑄧𑄟𑄴𑄇𑄣𑄧𑄢𑄴 𑄃𑄧𑄇𑄴𑄖𑄧"
              }
            },
            "Tuvalu": {
              "long": {
                "standard": "𑄑𑄪𑄞𑄣𑄪 𑄃𑄧𑄇𑄴𑄖𑄧"
              }
            },
            "Uruguay": {
              "long": {
                "generic": "𑄃𑄪𑄢𑄪𑄉𑄪𑄠𑄬 𑄃𑄧𑄇𑄴𑄖𑄧",
                "standard": "𑄃𑄪𑄢𑄪𑄉𑄪𑄠𑄬 𑄟𑄚𑄧𑄇𑄴 𑄃𑄧𑄇𑄴𑄖𑄧",
                "daylight": "𑄃𑄪𑄢𑄪𑄉𑄪𑄠𑄬 𑄉𑄧𑄢𑄧𑄟𑄴𑄇𑄣𑄧𑄢𑄴 𑄃𑄧𑄇𑄴𑄖𑄧"
              }
            },
            "Uzbekistan": {
              "long": {
                "generic": "𑄃𑄪𑄎𑄴𑄝𑄬𑄇𑄨𑄖𑄚𑄴 𑄃𑄧𑄇𑄴𑄖𑄧",
                "standard": "𑄃𑄪𑄎𑄴𑄝𑄬𑄇𑄨𑄖𑄚𑄴 𑄟𑄚𑄧𑄇𑄴 𑄃𑄧𑄇𑄴𑄖𑄧",
                "daylight": "𑄃𑄪𑄎𑄴𑄝𑄬𑄇𑄨𑄖𑄚𑄴 𑄉𑄧𑄢𑄧𑄟𑄴𑄇𑄣𑄧𑄢𑄴 𑄃𑄧𑄇𑄴𑄖𑄧"
              }
            },
            "Vanuatu": {
              "long": {
                "generic": "𑄞𑄚𑄪𑄠𑄖𑄪 𑄃𑄧𑄇𑄴𑄖𑄧",
                "standard": "𑄞𑄚𑄪𑄠𑄖𑄪 𑄟𑄚𑄧𑄇𑄴 𑄃𑄧𑄇𑄴𑄖𑄧",
                "daylight": "𑄞𑄚𑄪𑄠𑄖𑄪 𑄉𑄧𑄢𑄧𑄟𑄴𑄇𑄣𑄧𑄢𑄴 𑄃𑄧𑄇𑄴𑄖𑄧"
              }
            },
            "Venezuela": {
              "long": {
                "standard": "𑄞𑄬𑄚𑄬𑄎𑄪𑄠𑄬𑄣 𑄃𑄧𑄇𑄴𑄖𑄧"
              }
            },
            "Vladivostok": {
              "long": {
                "generic": "𑄝𑄳𑄣𑄘𑄨𑄝𑄮𑄥𑄴𑄖𑄮𑄇𑄴 𑄃𑄧𑄇𑄴𑄖𑄧",
                "standard": "𑄝𑄳𑄣𑄘𑄨𑄝𑄮𑄥𑄴𑄖𑄮𑄇𑄴 𑄟𑄚𑄧𑄇𑄴 𑄃𑄧𑄇𑄴𑄖𑄧",
                "daylight": "𑄝𑄳𑄣𑄘𑄨𑄝𑄮𑄥𑄴𑄖𑄮𑄇𑄴 𑄉𑄧𑄢𑄧𑄟𑄴𑄇𑄣𑄧𑄢𑄴 𑄃𑄧𑄇𑄴𑄖𑄧"
              }
            },
            "Volgograd": {
              "long": {
                "generic": "𑄞𑄧𑄣𑄴𑄉𑄮𑄉𑄳𑄢𑄓𑄴 𑄃𑄧𑄇𑄴𑄖𑄧",
                "standard": "𑄞𑄧𑄣𑄴𑄉𑄮𑄉𑄳𑄢𑄓𑄴 𑄟𑄧𑄚𑄧𑄇𑄴 𑄃𑄧𑄇𑄴𑄖𑄧",
                "daylight": "𑄞𑄧𑄣𑄴𑄉𑄮𑄉𑄳𑄢𑄓𑄴 𑄉𑄧𑄢𑄧𑄟𑄴𑄇𑄣𑄧𑄢𑄴 𑄃𑄧𑄇𑄴𑄖𑄧"
              }
            },
            "Vostok": {
              "long": {
                "standard": "𑄞𑄧𑄥𑄴𑄑𑄇𑄴 𑄃𑄧𑄇𑄴𑄖𑄧"
              }
            },
            "Wake": {
              "long": {
                "standard": "𑄃𑄮𑄠𑄬𑄇𑄴 𑄉𑄭 𑄉𑄭 𑄞𑄨𑄘𑄬 𑄃𑄧𑄇𑄴𑄖𑄧"
              }
            },
            "Wallis": {
              "long": {
                "standard": "𑄤𑄣𑄨𑄥𑄴 𑄃𑄳𑄃 𑄜𑄪𑄑𑄪𑄚 𑄃𑄧𑄇𑄴𑄖𑄧"
              }
            },
            "Yakutsk": {
              "long": {
                "generic": "𑄠𑄇𑄪𑄖𑄴𑄥𑄴𑄇𑄴 𑄃𑄧𑄇𑄴𑄖𑄧",
                "standard": "𑄠𑄇𑄪𑄖𑄴𑄥𑄴𑄇𑄴 𑄟𑄚𑄧𑄇𑄴 𑄃𑄧𑄇𑄴𑄖𑄧",
                "daylight": "𑄠𑄇𑄪𑄖𑄴𑄥𑄴𑄇𑄴 𑄉𑄧𑄢𑄧𑄟𑄴𑄇𑄣𑄧𑄢𑄴 𑄃𑄧𑄇𑄴𑄖𑄧"
              }
            },
            "Yekaterinburg": {
              "long": {
                "generic": "𑄃𑄨𑄠𑄬𑄇𑄖𑄬𑄢𑄨𑄚𑄴𑄝𑄪𑄢𑄴𑄉𑄴 𑄃𑄧𑄇𑄴𑄖𑄧",
                "standard": "𑄃𑄨𑄠𑄬𑄇𑄖𑄬𑄢𑄨𑄚𑄴𑄝𑄪𑄢𑄴𑄉𑄴 𑄟𑄚𑄧𑄇𑄴 𑄃𑄧𑄇𑄴𑄖𑄧",
                "daylight": "𑄃𑄨𑄠𑄬𑄇𑄖𑄬𑄢𑄨𑄚𑄴𑄝𑄪𑄢𑄴𑄉𑄴 𑄉𑄧𑄢𑄧𑄟𑄴𑄇𑄣𑄧𑄢𑄴 𑄃𑄧𑄇𑄴𑄖𑄧"
              }
            }
          }
        }
      }
    }
  }
}
