{
  "main": {
    "bs-Latn": {
      "identity": {
        "version": {
          "_number": "$Revision: 13133 $",
          "_cldrVersion": "32"
        },
        "language": "bs",
        "script": "Latn"
      },
      "dates": {
        "timeZoneNames": {
          "hourFormat": "+HH:mm; -HH:mm",
          "gmtFormat": "GMT {0}",
          "gmtZeroFormat": "GMT",
          "regionFormat": "{0}",
          "regionFormat-type-daylight": "{0}, ljetno vrijeme",
          "regionFormat-type-standard": "{0}, standardno vrijeme",
          "fallbackFormat": "{1} ({0})",
          "zone": {
            "America": {
              "Adak": {
                "exemplarCity": "Adak"
              },
              "Anchorage": {
                "exemplarCity": "Anchorage"
              },
              "Anguilla": {
                "exemplarCity": "Angvila"
              },
              "Antigua": {
                "exemplarCity": "Antigva"
              },
              "Araguaina": {
                "exemplarCity": "Araguaina"
              },
              "Argentina": {
                "Rio_Gallegos": {
                  "exemplarCity": "Rio Gallegos"
                },
                "San_Juan": {
                  "exemplarCity": "San Juan"
                },
                "Ushuaia": {
                  "exemplarCity": "Ushuaia"
                },
                "La_Rioja": {
                  "exemplarCity": "La Rioja"
                },
                "San_Luis": {
                  "exemplarCity": "San Luis"
                },
                "Salta": {
                  "exemplarCity": "Salta"
                },
                "Tucuman": {
                  "exemplarCity": "Tucuman"
                }
              },
              "Aruba": {
                "exemplarCity": "Aruba"
              },
              "Asuncion": {
                "exemplarCity": "Asuncion"
              },
              "Bahia": {
                "exemplarCity": "Bahia"
              },
              "Bahia_Banderas": {
                "exemplarCity": "Bahia Banderas"
              },
              "Barbados": {
                "exemplarCity": "Barbados"
              },
              "Belem": {
                "exemplarCity": "Belem"
              },
              "Belize": {
                "exemplarCity": "Belize"
              },
              "Blanc-Sablon": {
                "exemplarCity": "Blanc-Sablon"
              },
              "Boa_Vista": {
                "exemplarCity": "Boa Vista"
              },
              "Bogota": {
                "exemplarCity": "Bogota"
              },
              "Boise": {
                "exemplarCity": "Boise"
              },
              "Buenos_Aires": {
                "exemplarCity": "Buenos Aires"
              },
              "Cambridge_Bay": {
                "exemplarCity": "Cambridge Bay"
              },
              "Campo_Grande": {
                "exemplarCity": "Campo Grande"
              },
              "Cancun": {
                "exemplarCity": "Cancun"
              },
              "Caracas": {
                "exemplarCity": "Caracas"
              },
              "Catamarca": {
                "exemplarCity": "Catamarca"
              },
              "Cayenne": {
                "exemplarCity": "Cayenne"
              },
              "Cayman": {
                "exemplarCity": "Kajman"
              },
              "Chicago": {
                "exemplarCity": "Chicago"
              },
              "Chihuahua": {
                "exemplarCity": "Chihuahua"
              },
              "Coral_Harbour": {
                "exemplarCity": "Atikokan"
              },
              "Cordoba": {
                "exemplarCity": "Cordoba"
              },
              "Costa_Rica": {
                "exemplarCity": "Kostarika"
              },
              "Creston": {
                "exemplarCity": "Creston"
              },
              "Cuiaba": {
                "exemplarCity": "Cuiaba"
              },
              "Curacao": {
                "exemplarCity": "Kurasao"
              },
              "Danmarkshavn": {
                "exemplarCity": "Danmarkshavn"
              },
              "Dawson": {
                "exemplarCity": "Dawson"
              },
              "Dawson_Creek": {
                "exemplarCity": "Dawson Creek"
              },
              "Denver": {
                "exemplarCity": "Denver"
              },
              "Detroit": {
                "exemplarCity": "Detroit"
              },
              "Dominica": {
                "exemplarCity": "Dominika"
              },
              "Edmonton": {
                "exemplarCity": "Edmonton"
              },
              "Eirunepe": {
                "exemplarCity": "Eirunepe"
              },
              "El_Salvador": {
                "exemplarCity": "Salvador"
              },
              "Fort_Nelson": {
                "exemplarCity": "Fort Nelson"
              },
              "Fortaleza": {
                "exemplarCity": "Fortaleza"
              },
              "Glace_Bay": {
                "exemplarCity": "Glace Bay"
              },
              "Godthab": {
                "exemplarCity": "Nuuk"
              },
              "Goose_Bay": {
                "exemplarCity": "Goose Bay"
              },
              "Grand_Turk": {
                "exemplarCity": "Grand Turk"
              },
              "Grenada": {
                "exemplarCity": "Grenada"
              },
              "Guadeloupe": {
                "exemplarCity": "Gvadalupe"
              },
              "Guatemala": {
                "exemplarCity": "Gvatemala"
              },
              "Guayaquil": {
                "exemplarCity": "Guayaquil"
              },
              "Guyana": {
                "exemplarCity": "Guyana"
              },
              "Halifax": {
                "exemplarCity": "Halifax"
              },
              "Havana": {
                "exemplarCity": "Havana"
              },
              "Hermosillo": {
                "exemplarCity": "Hermosillo"
              },
              "Indiana": {
                "Vincennes": {
                  "exemplarCity": "Vincennes, Indiana"
                },
                "Petersburg": {
                  "exemplarCity": "Petersburg, Indiana"
                },
                "Tell_City": {
                  "exemplarCity": "Tell City, Indiana"
                },
                "Knox": {
                  "exemplarCity": "Knox, Indiana"
                },
                "Winamac": {
                  "exemplarCity": "Winamac, Indiana"
                },
                "Marengo": {
                  "exemplarCity": "Marengo, Indiana"
                },
                "Vevay": {
                  "exemplarCity": "Vevay, Indiana"
                }
              },
              "Indianapolis": {
                "exemplarCity": "Indianapolis"
              },
              "Inuvik": {
                "exemplarCity": "Inuvik"
              },
              "Iqaluit": {
                "exemplarCity": "Iqaluit"
              },
              "Jamaica": {
                "exemplarCity": "Jamajka"
              },
              "Jujuy": {
                "exemplarCity": "Jujuy"
              },
              "Juneau": {
                "exemplarCity": "Juneau"
              },
              "Kentucky": {
                "Monticello": {
                  "exemplarCity": "Monticello, Kentucky"
                }
              },
              "Kralendijk": {
                "exemplarCity": "Kralendijk"
              },
              "La_Paz": {
                "exemplarCity": "La Paz"
              },
              "Lima": {
                "exemplarCity": "Lima"
              },
              "Los_Angeles": {
                "exemplarCity": "Los Angeles"
              },
              "Louisville": {
                "exemplarCity": "Louisville"
              },
              "Lower_Princes": {
                "exemplarCity": "Lower Prince’s Quarter"
              },
              "Maceio": {
                "exemplarCity": "Maceio"
              },
              "Managua": {
                "exemplarCity": "Managua"
              },
              "Manaus": {
                "exemplarCity": "Manaus"
              },
              "Marigot": {
                "exemplarCity": "Marigot"
              },
              "Martinique": {
                "exemplarCity": "Martinique"
              },
              "Matamoros": {
                "exemplarCity": "Matamoros"
              },
              "Mazatlan": {
                "exemplarCity": "Mazatlan"
              },
              "Mendoza": {
                "exemplarCity": "Mendoza"
              },
              "Menominee": {
                "exemplarCity": "Menominee"
              },
              "Merida": {
                "exemplarCity": "Merida"
              },
              "Metlakatla": {
                "exemplarCity": "Metlakatla"
              },
              "Mexico_City": {
                "exemplarCity": "Mexico City"
              },
              "Miquelon": {
                "exemplarCity": "Miquelon"
              },
              "Moncton": {
                "exemplarCity": "Moncton"
              },
              "Monterrey": {
                "exemplarCity": "Monterrey"
              },
              "Montevideo": {
                "exemplarCity": "Montevideo"
              },
              "Montserrat": {
                "exemplarCity": "Montserrat"
              },
              "Nassau": {
                "exemplarCity": "Nassau"
              },
              "New_York": {
                "exemplarCity": "New York"
              },
              "Nipigon": {
                "exemplarCity": "Nipigon"
              },
              "Nome": {
                "exemplarCity": "Nome"
              },
              "Noronha": {
                "exemplarCity": "Noronha"
              },
              "North_Dakota": {
                "Beulah": {
                  "exemplarCity": "Beulah, Sjeverna Dakota"
                },
                "New_Salem": {
                  "exemplarCity": "New Salem, Sjeverna Dakota"
                },
                "Center": {
                  "exemplarCity": "Center, Sjeverna Dakota"
                }
              },
              "Ojinaga": {
                "exemplarCity": "Ojinaga"
              },
              "Panama": {
                "exemplarCity": "Panama"
              },
              "Pangnirtung": {
                "exemplarCity": "Pangnirtung"
              },
              "Paramaribo": {
                "exemplarCity": "Paramaribo"
              },
              "Phoenix": {
                "exemplarCity": "Phoenix"
              },
              "Port-au-Prince": {
                "exemplarCity": "Port-au-Prince"
              },
              "Port_of_Spain": {
                "exemplarCity": "Port of Spain"
              },
              "Porto_Velho": {
                "exemplarCity": "Porto Velho"
              },
              "Puerto_Rico": {
                "exemplarCity": "Portoriko"
              },
              "Punta_Arenas": {
                "exemplarCity": "Punta Arenas"
              },
              "Rainy_River": {
                "exemplarCity": "Rainy River"
              },
              "Rankin_Inlet": {
                "exemplarCity": "Rankin Inlet"
              },
              "Recife": {
                "exemplarCity": "Recife"
              },
              "Regina": {
                "exemplarCity": "Regina"
              },
              "Resolute": {
                "exemplarCity": "Resolute"
              },
              "Rio_Branco": {
                "exemplarCity": "Rio Branco"
              },
              "Santa_Isabel": {
                "exemplarCity": "Santa Isabel"
              },
              "Santarem": {
                "exemplarCity": "Santarem"
              },
              "Santiago": {
                "exemplarCity": "Santiago"
              },
              "Santo_Domingo": {
                "exemplarCity": "Santo Domingo"
              },
              "Sao_Paulo": {
                "exemplarCity": "Sao Paulo"
              },
              "Scoresbysund": {
                "exemplarCity": "Ittoqqortoormiit"
              },
              "Sitka": {
                "exemplarCity": "Sitka"
              },
              "St_Barthelemy": {
                "exemplarCity": "St. Barthelemy"
              },
              "St_Johns": {
                "exemplarCity": "St. John’s"
              },
              "St_Kitts": {
                "exemplarCity": "St. Kitts"
              },
              "St_Lucia": {
                "exemplarCity": "St. Lucia"
              },
              "St_Thomas": {
                "exemplarCity": "St. Thomas"
              },
              "St_Vincent": {
                "exemplarCity": "St. Vincent"
              },
              "Swift_Current": {
                "exemplarCity": "Swift Current"
              },
              "Tegucigalpa": {
                "exemplarCity": "Tegucigalpa"
              },
              "Thule": {
                "exemplarCity": "Thule"
              },
              "Thunder_Bay": {
                "exemplarCity": "Thunder Bay"
              },
              "Tijuana": {
                "exemplarCity": "Tijuana"
              },
              "Toronto": {
                "exemplarCity": "Toronto"
              },
              "Tortola": {
                "exemplarCity": "Tortola"
              },
              "Vancouver": {
                "exemplarCity": "Vancouver"
              },
              "Whitehorse": {
                "exemplarCity": "Whitehorse"
              },
              "Winnipeg": {
                "exemplarCity": "Winnipeg"
              },
              "Yakutat": {
                "exemplarCity": "Yakutat"
              },
              "Yellowknife": {
                "exemplarCity": "Yellowknife"
              }
            },
            "Atlantic": {
              "Azores": {
                "exemplarCity": "Azori"
              },
              "Bermuda": {
                "exemplarCity": "Bermuda"
              },
              "Canary": {
                "exemplarCity": "Kanari"
              },
              "Cape_Verde": {
                "exemplarCity": "Kape Verde"
              },
              "Faeroe": {
                "exemplarCity": "Faroe"
              },
              "Madeira": {
                "exemplarCity": "Madeira"
              },
              "Reykjavik": {
                "exemplarCity": "Rejkjavik"
              },
              "South_Georgia": {
                "exemplarCity": "South Georgia"
              },
              "St_Helena": {
                "exemplarCity": "Sveta Helena"
              },
              "Stanley": {
                "exemplarCity": "Stanley"
              }
            },
            "Europe": {
              "Amsterdam": {
                "exemplarCity": "Amsterdam"
              },
              "Andorra": {
                "exemplarCity": "Andora"
              },
              "Astrakhan": {
                "exemplarCity": "Astrahan"
              },
              "Athens": {
                "exemplarCity": "Atina"
              },
              "Belgrade": {
                "exemplarCity": "Beograd"
              },
              "Berlin": {
                "exemplarCity": "Berlin"
              },
              "Bratislava": {
                "exemplarCity": "Bratislava"
              },
              "Brussels": {
                "exemplarCity": "Brisel"
              },
              "Bucharest": {
                "exemplarCity": "Bukurešt"
              },
              "Budapest": {
                "exemplarCity": "Budimpešta"
              },
              "Busingen": {
                "exemplarCity": "Busingen"
              },
              "Chisinau": {
                "exemplarCity": "Kišinjev"
              },
              "Copenhagen": {
                "exemplarCity": "Kopenhagen"
              },
              "Dublin": {
                "long": {
                  "daylight": "Irsko standardno vrijeme"
                },
                "exemplarCity": "Dablin"
              },
              "Gibraltar": {
                "exemplarCity": "Gibraltar"
              },
              "Guernsey": {
                "exemplarCity": "Gernzi"
              },
              "Helsinki": {
                "exemplarCity": "Helsinki"
              },
              "Isle_of_Man": {
                "exemplarCity": "Ostrvo Man"
              },
              "Istanbul": {
                "exemplarCity": "Istanbul"
              },
              "Jersey": {
                "exemplarCity": "Jersey"
              },
              "Kaliningrad": {
                "exemplarCity": "Kalinjingrad"
              },
              "Kiev": {
                "exemplarCity": "Kijev"
              },
              "Kirov": {
                "exemplarCity": "Kirov"
              },
              "Lisbon": {
                "exemplarCity": "Lisabon"
              },
              "Ljubljana": {
                "exemplarCity": "Ljubljana"
              },
              "London": {
                "long": {
                  "daylight": "Britansko ljetno vrijeme"
                },
                "exemplarCity": "London"
              },
              "Luxembourg": {
                "exemplarCity": "Luksemburg"
              },
              "Madrid": {
                "exemplarCity": "Madrid"
              },
              "Malta": {
                "exemplarCity": "Malta"
              },
              "Mariehamn": {
                "exemplarCity": "Mariehamn"
              },
              "Minsk": {
                "exemplarCity": "Minsk"
              },
              "Monaco": {
                "exemplarCity": "Monako"
              },
              "Moscow": {
                "exemplarCity": "Moskva"
              },
              "Oslo": {
                "exemplarCity": "Oslo"
              },
              "Paris": {
                "exemplarCity": "Pariz"
              },
              "Podgorica": {
                "exemplarCity": "Podgorica"
              },
              "Prague": {
                "exemplarCity": "Prag"
              },
              "Riga": {
                "exemplarCity": "Riga"
              },
              "Rome": {
                "exemplarCity": "Rim"
              },
              "Samara": {
                "exemplarCity": "Samara"
              },
              "San_Marino": {
                "exemplarCity": "San Marino"
              },
              "Sarajevo": {
                "exemplarCity": "Sarajevo"
              },
              "Saratov": {
                "exemplarCity": "Saratov"
              },
              "Simferopol": {
                "exemplarCity": "Simferopolj"
              },
              "Skopje": {
                "exemplarCity": "Skoplje"
              },
              "Sofia": {
                "exemplarCity": "Sofija"
              },
              "Stockholm": {
                "exemplarCity": "Štokholm"
              },
              "Tallinn": {
                "exemplarCity": "Talin"
              },
              "Tirane": {
                "exemplarCity": "Tirana"
              },
              "Ulyanovsk": {
                "exemplarCity": "Ulyanovsk"
              },
              "Uzhgorod": {
                "exemplarCity": "Užgorod"
              },
              "Vaduz": {
                "exemplarCity": "Vaduz"
              },
              "Vatican": {
                "exemplarCity": "Vatikan"
              },
              "Vienna": {
                "exemplarCity": "Beč"
              },
              "Vilnius": {
                "exemplarCity": "Vilnius"
              },
              "Volgograd": {
                "exemplarCity": "Volgograd"
              },
              "Warsaw": {
                "exemplarCity": "Varšava"
              },
              "Zagreb": {
                "exemplarCity": "Zagreb"
              },
              "Zaporozhye": {
                "exemplarCity": "Zaporožje"
              },
              "Zurich": {
                "exemplarCity": "Cirih"
              }
            },
            "Africa": {
              "Abidjan": {
                "exemplarCity": "Abidjan"
              },
              "Accra": {
                "exemplarCity": "Accra"
              },
              "Addis_Ababa": {
                "exemplarCity": "Addis Ababa"
              },
              "Algiers": {
                "exemplarCity": "Algiers"
              },
              "Asmera": {
                "exemplarCity": "Asmara"
              },
              "Bamako": {
                "exemplarCity": "Bamako"
              },
              "Bangui": {
                "exemplarCity": "Bangui"
              },
              "Banjul": {
                "exemplarCity": "Banjul"
              },
              "Bissau": {
                "exemplarCity": "Bissau"
              },
              "Blantyre": {
                "exemplarCity": "Blantyre"
              },
              "Brazzaville": {
                "exemplarCity": "Brazzaville"
              },
              "Bujumbura": {
                "exemplarCity": "Bujumbura"
              },
              "Cairo": {
                "exemplarCity": "Kairo"
              },
              "Casablanca": {
                "exemplarCity": "Kazablanka"
              },
              "Ceuta": {
                "exemplarCity": "Ceuta"
              },
              "Conakry": {
                "exemplarCity": "Conakry"
              },
              "Dakar": {
                "exemplarCity": "Dakar"
              },
              "Dar_es_Salaam": {
                "exemplarCity": "Dar es Salaam"
              },
              "Djibouti": {
                "exemplarCity": "Džibuti"
              },
              "Douala": {
                "exemplarCity": "Douala"
              },
              "El_Aaiun": {
                "exemplarCity": "El Aaiun"
              },
              "Freetown": {
                "exemplarCity": "Freetown"
              },
              "Gaborone": {
                "exemplarCity": "Gaborone"
              },
              "Harare": {
                "exemplarCity": "Harare"
              },
              "Johannesburg": {
                "exemplarCity": "Johannesburg"
              },
              "Juba": {
                "exemplarCity": "Juba"
              },
              "Kampala": {
                "exemplarCity": "Kampala"
              },
              "Khartoum": {
                "exemplarCity": "Kartum"
              },
              "Kigali": {
                "exemplarCity": "Kigali"
              },
              "Kinshasa": {
                "exemplarCity": "Kinshasa"
              },
              "Lagos": {
                "exemplarCity": "Lagos"
              },
              "Libreville": {
                "exemplarCity": "Libreville"
              },
              "Lome": {
                "exemplarCity": "Lome"
              },
              "Luanda": {
                "exemplarCity": "Luanda"
              },
              "Lubumbashi": {
                "exemplarCity": "Lubumbashi"
              },
              "Lusaka": {
                "exemplarCity": "Lusaka"
              },
              "Malabo": {
                "exemplarCity": "Malabo"
              },
              "Maputo": {
                "exemplarCity": "Maputo"
              },
              "Maseru": {
                "exemplarCity": "Maseru"
              },
              "Mbabane": {
                "exemplarCity": "Mbabane"
              },
              "Mogadishu": {
                "exemplarCity": "Mogadiš"
              },
              "Monrovia": {
                "exemplarCity": "Monrovia"
              },
              "Nairobi": {
                "exemplarCity": "Nairobi"
              },
              "Ndjamena": {
                "exemplarCity": "Ndjamena"
              },
              "Niamey": {
                "exemplarCity": "Niamey"
              },
              "Nouakchott": {
                "exemplarCity": "Nouakchott"
              },
              "Ouagadougou": {
                "exemplarCity": "Ouagadougou"
              },
              "Porto-Novo": {
                "exemplarCity": "Porto-Novo"
              },
              "Sao_Tome": {
                "exemplarCity": "Sao Tome"
              },
              "Tripoli": {
                "exemplarCity": "Tripoli"
              },
              "Tunis": {
                "exemplarCity": "Tunis"
              },
              "Windhoek": {
                "exemplarCity": "Windhoek"
              }
            },
            "Asia": {
              "Aden": {
                "exemplarCity": "Aden"
              },
              "Almaty": {
                "exemplarCity": "Almati"
              },
              "Amman": {
                "exemplarCity": "Aman"
              },
              "Anadyr": {
                "exemplarCity": "Anadir"
              },
              "Aqtau": {
                "exemplarCity": "Aktau"
              },
              "Aqtobe": {
                "exemplarCity": "Akutobe"
              },
              "Ashgabat": {
                "exemplarCity": "Ašhabad"
              },
              "Atyrau": {
                "exemplarCity": "Atyrau"
              },
              "Baghdad": {
                "exemplarCity": "Bagdad"
              },
              "Bahrain": {
                "exemplarCity": "Bahrein"
              },
              "Baku": {
                "exemplarCity": "Baku"
              },
              "Bangkok": {
                "exemplarCity": "Bangkok"
              },
              "Barnaul": {
                "exemplarCity": "Barnaul"
              },
              "Beirut": {
                "exemplarCity": "Bejrut"
              },
              "Bishkek": {
                "exemplarCity": "Biškek"
              },
              "Brunei": {
                "exemplarCity": "Bruneji"
              },
              "Calcutta": {
                "exemplarCity": "Kolkata"
              },
              "Chita": {
                "exemplarCity": "Chita"
              },
              "Choibalsan": {
                "exemplarCity": "Čojbalsan"
              },
              "Colombo": {
                "exemplarCity": "Kolombo"
              },
              "Damascus": {
                "exemplarCity": "Damask"
              },
              "Dhaka": {
                "exemplarCity": "Daka"
              },
              "Dili": {
                "exemplarCity": "Dili"
              },
              "Dubai": {
                "exemplarCity": "Dubai"
              },
              "Dushanbe": {
                "exemplarCity": "Dušanbe"
              },
              "Famagusta": {
                "exemplarCity": "Famagusta"
              },
              "Gaza": {
                "exemplarCity": "Gaza"
              },
              "Hebron": {
                "exemplarCity": "Hebron"
              },
              "Hong_Kong": {
                "exemplarCity": "Hong Kong"
              },
              "Hovd": {
                "exemplarCity": "Hovd"
              },
              "Irkutsk": {
                "exemplarCity": "Irkutsk"
              },
              "Jakarta": {
                "exemplarCity": "Džakarta"
              },
              "Jayapura": {
                "exemplarCity": "Džajapura"
              },
              "Jerusalem": {
                "exemplarCity": "Jeruzalem"
              },
              "Kabul": {
                "exemplarCity": "Kabul"
              },
              "Kamchatka": {
                "exemplarCity": "Kamčatka"
              },
              "Karachi": {
                "exemplarCity": "Karači"
              },
              "Katmandu": {
                "exemplarCity": "Katmandu"
              },
              "Khandyga": {
                "exemplarCity": "Handiga"
              },
              "Krasnoyarsk": {
                "exemplarCity": "Krasnojarsk"
              },
              "Kuala_Lumpur": {
                "exemplarCity": "Kuala Lumpur"
              },
              "Kuching": {
                "exemplarCity": "Kučing"
              },
              "Kuwait": {
                "exemplarCity": "Kuvajt"
              },
              "Macau": {
                "exemplarCity": "Makau"
              },
              "Magadan": {
                "exemplarCity": "Magadan"
              },
              "Makassar": {
                "exemplarCity": "Makasar"
              },
              "Manila": {
                "exemplarCity": "Manila"
              },
              "Muscat": {
                "exemplarCity": "Muskat"
              },
              "Nicosia": {
                "exemplarCity": "Nikozija"
              },
              "Novokuznetsk": {
                "exemplarCity": "Novokuznjeck"
              },
              "Novosibirsk": {
                "exemplarCity": "Novosibirsk"
              },
              "Omsk": {
                "exemplarCity": "Omsk"
              },
              "Oral": {
                "exemplarCity": "Oral"
              },
              "Phnom_Penh": {
                "exemplarCity": "Pnom Pen"
              },
              "Pontianak": {
                "exemplarCity": "Pontianak"
              },
              "Pyongyang": {
                "exemplarCity": "Pjongjang"
              },
              "Qatar": {
                "exemplarCity": "Katar"
              },
              "Qyzylorda": {
                "exemplarCity": "Kizilorda"
              },
              "Rangoon": {
                "exemplarCity": "Rangun"
              },
              "Riyadh": {
                "exemplarCity": "Rijad"
              },
              "Saigon": {
                "exemplarCity": "Ho Ši Min"
              },
              "Sakhalin": {
                "exemplarCity": "Sahalin"
              },
              "Samarkand": {
                "exemplarCity": "Samarkand"
              },
              "Seoul": {
                "exemplarCity": "Seul"
              },
              "Shanghai": {
                "exemplarCity": "Šangaj"
              },
              "Singapore": {
                "exemplarCity": "Singapur"
              },
              "Srednekolymsk": {
                "exemplarCity": "Srednekolymsk"
              },
              "Taipei": {
                "exemplarCity": "Tajpej"
              },
              "Tashkent": {
                "exemplarCity": "Taškent"
              },
              "Tbilisi": {
                "exemplarCity": "Tbilisi"
              },
              "Tehran": {
                "exemplarCity": "Teheran"
              },
              "Thimphu": {
                "exemplarCity": "Thimphu"
              },
              "Tokyo": {
                "exemplarCity": "Tokio"
              },
              "Tomsk": {
                "exemplarCity": "Tomsk"
              },
              "Ulaanbaatar": {
                "exemplarCity": "Ulan Bator"
              },
              "Urumqi": {
                "exemplarCity": "Urumči"
              },
              "Ust-Nera": {
                "exemplarCity": "Ust-Nera"
              },
              "Vientiane": {
                "exemplarCity": "Vijentijan"
              },
              "Vladivostok": {
                "exemplarCity": "Vladivostok"
              },
              "Yakutsk": {
                "exemplarCity": "Jakutsk"
              },
              "Yekaterinburg": {
                "exemplarCity": "Jekaterinburg"
              },
              "Yerevan": {
                "exemplarCity": "Jerevan"
              }
            },
            "Indian": {
              "Antananarivo": {
                "exemplarCity": "Antananarivo"
              },
              "Chagos": {
                "exemplarCity": "Chagos"
              },
              "Christmas": {
                "exemplarCity": "Božićno ostrvo"
              },
              "Cocos": {
                "exemplarCity": "Kokosova ostrva"
              },
              "Comoro": {
                "exemplarCity": "Comoro"
              },
              "Kerguelen": {
                "exemplarCity": "Kerguelen"
              },
              "Mahe": {
                "exemplarCity": "Mahe"
              },
              "Maldives": {
                "exemplarCity": "Maldivi"
              },
              "Mauritius": {
                "exemplarCity": "Mauricijus"
              },
              "Mayotte": {
                "exemplarCity": "Mayotte"
              },
              "Reunion": {
                "exemplarCity": "Reunion"
              }
            },
            "Australia": {
              "Adelaide": {
                "exemplarCity": "Adelaide"
              },
              "Brisbane": {
                "exemplarCity": "Brisbane"
              },
              "Broken_Hill": {
                "exemplarCity": "Broken Hill"
              },
              "Currie": {
                "exemplarCity": "Currie"
              },
              "Darwin": {
                "exemplarCity": "Darwin"
              },
              "Eucla": {
                "exemplarCity": "Eucla"
              },
              "Hobart": {
                "exemplarCity": "Hobart"
              },
              "Lindeman": {
                "exemplarCity": "Lindeman"
              },
              "Lord_Howe": {
                "exemplarCity": "Lord Hau"
              },
              "Melbourne": {
                "exemplarCity": "Melburn"
              },
              "Perth": {
                "exemplarCity": "Pert"
              },
              "Sydney": {
                "exemplarCity": "Sidnej"
              }
            },
            "Pacific": {
              "Apia": {
                "exemplarCity": "Apia"
              },
              "Auckland": {
                "exemplarCity": "Auckland"
              },
              "Bougainville": {
                "exemplarCity": "Bougainville"
              },
              "Chatham": {
                "exemplarCity": "Chatham"
              },
              "Easter": {
                "exemplarCity": "Easter"
              },
              "Efate": {
                "exemplarCity": "Efate"
              },
              "Enderbury": {
                "exemplarCity": "Enderbury"
              },
              "Fakaofo": {
                "exemplarCity": "Fakaofo"
              },
              "Fiji": {
                "exemplarCity": "Fidži"
              },
              "Funafuti": {
                "exemplarCity": "Funafuti"
              },
              "Galapagos": {
                "exemplarCity": "Galapagos"
              },
              "Gambier": {
                "exemplarCity": "Gambier"
              },
              "Guadalcanal": {
                "exemplarCity": "Guadalcanal"
              },
              "Guam": {
                "exemplarCity": "Guam"
              },
              "Honolulu": {
                "exemplarCity": "Honolulu"
              },
              "Johnston": {
                "exemplarCity": "Johnston"
              },
              "Kiritimati": {
                "exemplarCity": "Kiritimati"
              },
              "Kosrae": {
                "exemplarCity": "Kosrae"
              },
              "Kwajalein": {
                "exemplarCity": "Kwajalein"
              },
              "Majuro": {
                "exemplarCity": "Majuro"
              },
              "Marquesas": {
                "exemplarCity": "Marquesas"
              },
              "Midway": {
                "exemplarCity": "Midway"
              },
              "Nauru": {
                "exemplarCity": "Nauru"
              },
              "Niue": {
                "exemplarCity": "Niue"
              },
              "Norfolk": {
                "exemplarCity": "Norfolk"
              },
              "Noumea": {
                "exemplarCity": "Noumea"
              },
              "Pago_Pago": {
                "exemplarCity": "Pago Pago"
              },
              "Palau": {
                "exemplarCity": "Palau"
              },
              "Pitcairn": {
                "exemplarCity": "Pitkern"
              },
              "Ponape": {
                "exemplarCity": "Pohnpei"
              },
              "Port_Moresby": {
                "exemplarCity": "Port Moresby"
              },
              "Rarotonga": {
                "exemplarCity": "Rarotonga"
              },
              "Saipan": {
                "exemplarCity": "Saipan"
              },
              "Tahiti": {
                "exemplarCity": "Tahiti"
              },
              "Tarawa": {
                "exemplarCity": "Tarawa"
              },
              "Tongatapu": {
                "exemplarCity": "Tongatapu"
              },
              "Truk": {
                "exemplarCity": "Chuuk"
              },
              "Wake": {
                "exemplarCity": "Wake"
              },
              "Wallis": {
                "exemplarCity": "Valis"
              }
            },
            "Arctic": {
              "Longyearbyen": {
                "exemplarCity": "Longyearbyen"
              }
            },
            "Antarctica": {
              "Casey": {
                "exemplarCity": "Casey"
              },
              "Davis": {
                "exemplarCity": "Davis"
              },
              "DumontDUrville": {
                "exemplarCity": "Dumont d’Urville"
              },
              "Macquarie": {
                "exemplarCity": "Macquarie"
              },
              "Mawson": {
                "exemplarCity": "Mawson"
              },
              "McMurdo": {
                "exemplarCity": "McMurdo"
              },
              "Palmer": {
                "exemplarCity": "Palmer"
              },
              "Rothera": {
                "exemplarCity": "Rothera"
              },
              "Syowa": {
                "exemplarCity": "Syowa"
              },
              "Troll": {
                "exemplarCity": "Troll"
              },
              "Vostok": {
                "exemplarCity": "Vostok"
              }
            },
            "Etc": {
              "UTC": {
                "long": {
                  "standard": "Koordinirano svjetsko vrijeme"
                },
                "short": {
                  "standard": "UTC"
                }
              },
              "Unknown": {
                "exemplarCity": "Nepoznati grad"
              }
            }
          },
          "metazone": {
            "Acre": {
              "long": {
                "generic": "Acre vreme",
                "standard": "Acre standardno vreme",
                "daylight": "Acre letnje računanje vremena"
              }
            },
            "Afghanistan": {
              "long": {
                "standard": "Afganistansko vrijeme"
              }
            },
            "Africa_Central": {
              "long": {
                "standard": "Centralnoafričko vrijeme"
              }
            },
            "Africa_Eastern": {
              "long": {
                "standard": "Istočnoafričko vrijeme"
              }
            },
            "Africa_Southern": {
              "long": {
                "standard": "Južnoafričko standardno vrijeme"
              }
            },
            "Africa_Western": {
              "long": {
                "generic": "Zapadnoafričko vrijeme",
                "standard": "Zapadnoafričko standardno vrijeme",
                "daylight": "Zapadnoafričko ljetno vrijeme"
              }
            },
            "Alaska": {
              "long": {
                "generic": "Aljaskansko vrijeme",
                "standard": "Aljaskansko standardno vrijeme",
                "daylight": "Aljaskansko ljetno vrijeme"
              }
            },
            "Almaty": {
              "long": {
                "generic": "Almatu vreme",
                "standard": "Almatu standardno vreme",
                "daylight": "Almatu letnje računanje vremena"
              }
            },
            "Amazon": {
              "long": {
                "generic": "Amazonsko vrijeme",
                "standard": "Amazonsko standardno vrijeme",
                "daylight": "Amazonsko ljetno vrijeme"
              }
            },
            "America_Central": {
              "long": {
                "generic": "Sjevernoameričko centralno vrijeme",
                "standard": "Sjevernoameričko centralno standardno vrijeme",
                "daylight": "Sjevernoameričko centralno ljetno vrijeme"
              }
            },
            "America_Eastern": {
              "long": {
                "generic": "Sjevernoameričko istočno vrijeme",
                "standard": "Sjevernoameričko istočno standardno vrijeme",
                "daylight": "Sjevernoameričko istočno ljetno vrijeme"
              }
            },
            "America_Mountain": {
              "long": {
                "generic": "Sjevernoameričko planinsko vrijeme",
                "standard": "Sjevernoameričko planinsko standardno vrijeme",
                "daylight": "Sjevernoameričko planinsko ljetno vrijeme"
              }
            },
            "America_Pacific": {
              "long": {
                "generic": "Sjevernoameričko pacifičko vrijeme",
                "standard": "Sjevernoameričko pacifičko standardno vrijeme",
                "daylight": "Sjevernoameričko pacifičko ljetno vrijeme"
              }
            },
            "Anadyr": {
              "long": {
                "generic": "Anadir vreme",
                "standard": "Anadir standardno vreme",
                "daylight": "Anadir letnje računanje vremena"
              }
            },
            "Apia": {
              "long": {
                "generic": "Apijsko vrijeme",
                "standard": "Apijsko standardno vrijeme",
                "daylight": "Apijsko ljetno vrijeme"
              }
            },
            "Aqtau": {
              "long": {
                "generic": "Akvtau vreme",
                "standard": "Akvtau standardno vreme",
                "daylight": "Akvtau letnje računanje vremena"
              }
            },
            "Aqtobe": {
              "long": {
                "generic": "Akvtobe vreme",
                "standard": "Akvtobe standardno vreme",
                "daylight": "Akvtobe letnje računanje vremena"
              }
            },
            "Arabian": {
              "long": {
                "generic": "Arabijsko vrijeme",
                "standard": "Arabijsko standardno vrijeme",
                "daylight": "Arabijsko ljetno vrijeme"
              }
            },
            "Argentina": {
              "long": {
                "generic": "Argentinsko vrijeme",
                "standard": "Argentinsko standardno vrijeme",
                "daylight": "Argentinsko ljetno vrijeme"
              }
            },
            "Argentina_Western": {
              "long": {
                "generic": "Zapadnoargentinsko vrijeme",
                "standard": "Zapadnoargentinsko standardno vrijeme",
                "daylight": "Zapadnoargentinsko ljetno vrijeme"
              }
            },
            "Armenia": {
              "long": {
                "generic": "Armensko vrijeme",
                "standard": "Armensko standardno vrijeme",
                "daylight": "Armensko ljetno vrijeme"
              }
            },
            "Atlantic": {
              "long": {
                "generic": "Sjevernoameričko atlantsko vrijeme",
                "standard": "Sjevernoameričko atlantsko standardno vrijeme",
                "daylight": "Sjevernoameričko atlantsko ljetno vrijeme"
              }
            },
            "Australia_Central": {
              "long": {
                "generic": "Centralnoaustralijsko vrijeme",
                "standard": "Centralnoaustralijsko standardno vrijeme",
                "daylight": "Centralnoaustralijsko ljetno vrijeme"
              }
            },
            "Australia_CentralWestern": {
              "long": {
                "generic": "Australijsko centralno zapadno vrijeme",
                "standard": "Australijsko centralnozapadno standardno vrijeme",
                "daylight": "Australijsko centralnozapadno ljetno vrijeme"
              }
            },
            "Australia_Eastern": {
              "long": {
                "generic": "Istočnoaustralijsko vrijeme",
                "standard": "Istočnoaustralijsko standardno vrijeme",
                "daylight": "Istočnoaustralijsko ljetno vrijeme"
              }
            },
            "Australia_Western": {
              "long": {
                "generic": "Zapadnoaustralijsko vrijeme",
                "standard": "Zapadnoaustralijsko standardno vrijeme",
                "daylight": "Zapadnoaustralijsko ljetno vrijeme"
              }
            },
            "Azerbaijan": {
              "long": {
                "generic": "Azerbejdžansko vrijeme",
                "standard": "Azerbejdžansko standardno vrijeme",
                "daylight": "Azerbejdžansko ljetno vrijeme"
              }
            },
            "Azores": {
              "long": {
                "generic": "Azorsko vrijeme",
                "standard": "Azorsko standardno vrijeme",
                "daylight": "Azorsko ljetno vrijeme"
              }
            },
            "Bangladesh": {
              "long": {
                "generic": "Bangladeško vrijeme",
                "standard": "Bangladeško standardno vrijeme",
                "daylight": "Bangladeško ljetno vrijeme"
              }
            },
            "Bhutan": {
              "long": {
                "standard": "Butansko vrijeme"
              }
            },
            "Bolivia": {
              "long": {
                "standard": "Bolivijsko vrijeme"
              }
            },
            "Brasilia": {
              "long": {
                "generic": "Brazilijsko vrijeme",
                "standard": "Brazilijsko standardno vrijeme",
                "daylight": "Brazilijsko ljetno vrijeme"
              }
            },
            "Brunei": {
              "long": {
                "standard": "Brunejsko vrijeme"
              }
            },
            "Cape_Verde": {
              "long": {
                "generic": "Zelenortsko vrijeme",
                "standard": "Zelenortsko standardno vrijeme",
                "daylight": "Zelenortsko ljetno vrijeme"
              }
            },
            "Chamorro": {
              "long": {
                "standard": "Čamorsko standardno vrijeme"
              }
            },
            "Chatham": {
              "long": {
                "generic": "Čatamsko vrijeme",
                "standard": "Čatamsko standardno vrijeme",
                "daylight": "Čatamsko ljetno vrijeme"
              }
            },
            "Chile": {
              "long": {
                "generic": "Čileansko vrijeme",
                "standard": "Čileansko standardno vrijeme",
                "daylight": "Čileansko ljetno vrijeme"
              }
            },
            "China": {
              "long": {
                "generic": "Kinesko vrijeme",
                "standard": "Kinesko standardno vrijeme",
                "daylight": "Kinesko ljetno vrijeme"
              }
            },
            "Choibalsan": {
              "long": {
                "generic": "Čojbalsansko vrijeme",
                "standard": "Čojbalsansko standardno vrijeme",
                "daylight": "Čojbalsansko ljetno vrijeme"
              }
            },
            "Christmas": {
              "long": {
                "standard": "Vrijeme na Božićnom Ostrvu"
              }
            },
            "Cocos": {
              "long": {
                "standard": "Vrijeme na Ostrvima Kokos"
              }
            },
            "Colombia": {
              "long": {
                "generic": "Kolumbijsko vrijeme",
                "standard": "Kolumbijsko standardno vrijeme",
                "daylight": "Kolumbijsko ljetno vrijeme"
              }
            },
            "Cook": {
              "long": {
                "generic": "Vrijeme na Kukovim ostrvima",
                "standard": "Standardno vrijeme na Kukovim ostrvima",
                "daylight": "Poluljetno vrijeme na Kukovim ostrvima"
              }
            },
            "Cuba": {
              "long": {
                "generic": "Kubansko vrijeme",
                "standard": "Kubansko standardno vrijeme",
                "daylight": "Kubansko ljetno vrijeme"
              }
            },
            "Davis": {
              "long": {
                "standard": "Vrijeme stanice Davis"
              }
            },
            "DumontDUrville": {
              "long": {
                "standard": "Vrijeme stanice Dumont-d’Urville"
              }
            },
            "East_Timor": {
              "long": {
                "standard": "Istočnotimorsko vrijeme"
              }
            },
            "Easter": {
              "long": {
                "generic": "Uskršnjeostrvsko vrijeme",
                "standard": "Uskršnjeostrvsko standardno vrijeme",
                "daylight": "Uskršnjeostrvsko ljetno vrijeme"
              }
            },
            "Ecuador": {
              "long": {
                "standard": "Ekvadorsko vrijeme"
              }
            },
            "Europe_Central": {
              "long": {
                "generic": "Centralnoevropsko vrijeme",
                "standard": "Centralnoevropsko standardno vrijeme",
                "daylight": "Centralnoevropsko ljetno vrijeme"
              }
            },
            "Europe_Eastern": {
              "long": {
                "generic": "Istočnoevropsko vrijeme",
                "standard": "Istočnoevropsko standardno vrijeme",
                "daylight": "Istočnoevropsko ljetno vrijeme"
              }
            },
            "Europe_Further_Eastern": {
              "long": {
                "standard": "Dalekoistočnoevropsko vrijeme"
              }
            },
            "Europe_Western": {
              "long": {
                "generic": "Zapadnoevropsko vrijeme",
                "standard": "Zapadnoevropsko standardno vrijeme",
                "daylight": "Zapadnoevropsko ljetno vrijeme"
              }
            },
            "Falkland": {
              "long": {
                "generic": "Folklandsko vrijeme",
                "standard": "Folklandsko standardno vrijeme",
                "daylight": "Folklandsko ljetno vrijeme"
              }
            },
            "Fiji": {
              "long": {
                "generic": "Vrijeme na Fidžiju",
                "standard": "Standardno vrijeme na Fidžiju",
                "daylight": "Fidžijsko ljetno vrijeme"
              }
            },
            "French_Guiana": {
              "long": {
                "standard": "Francuskogvajansko vrijeme"
              }
            },
            "French_Southern": {
              "long": {
                "standard": "Vrijeme na Francuskoj Južnoj Teritoriji i Antarktiku"
              }
            },
            "Galapagos": {
              "long": {
                "standard": "Galapagosko vrijeme"
              }
            },
            "Gambier": {
              "long": {
                "standard": "Gambijersko vrijeme"
              }
            },
            "Georgia": {
              "long": {
                "generic": "Gruzijsko vrijeme",
                "standard": "Gruzijsko standardno vrijeme",
                "daylight": "Gruzijsko ljetno vrijeme"
              }
            },
            "Gilbert_Islands": {
              "long": {
                "standard": "Vrijeme na Gilbertovim ostrvima"
              }
            },
            "GMT": {
              "long": {
                "standard": "Griničko vrijeme"
              }
            },
            "Greenland_Eastern": {
              "long": {
                "generic": "Istočnogrenlandsko vrijeme",
                "standard": "Istočnogrenlandsko standardno vrijeme",
                "daylight": "Istočnogrenlandsko ljetno vrijeme"
              }
            },
            "Greenland_Western": {
              "long": {
                "generic": "Zapadnogrenlandsko vrijeme",
                "standard": "Zapadnogrenlandsko standardno vrijeme",
                "daylight": "Zapadnogrenlandsko ljetno vrijeme"
              }
            },
            "Guam": {
              "long": {
                "standard": "Guam standardno vreme"
              }
            },
            "Gulf": {
              "long": {
                "standard": "Zalivsko standardno vrijeme"
              }
            },
            "Guyana": {
              "long": {
                "standard": "Gvajansko vrijeme"
              }
            },
            "Hawaii_Aleutian": {
              "long": {
                "generic": "Havajsko-aleućansko vrijeme",
                "standard": "Havajsko-aleućansko standardno vrijeme",
                "daylight": "Havajsko-aleućansko ljetno vrijeme"
              }
            },
            "Hong_Kong": {
              "long": {
                "generic": "Hongkonško vrijeme",
                "standard": "Hongkonško standardno vrijeme",
                "daylight": "Hongkonško ljetno vrijeme"
              }
            },
            "Hovd": {
              "long": {
                "generic": "Hovdsko vrijeme",
                "standard": "Hovdsko standardno vrijeme",
                "daylight": "Hovdsko ljetno vrijeme"
              }
            },
            "India": {
              "long": {
                "standard": "Indijsko standardno vrijeme"
              }
            },
            "Indian_Ocean": {
              "long": {
                "standard": "Vrijeme na Indijskom okeanu"
              }
            },
            "Indochina": {
              "long": {
                "standard": "Indokinesko vrijeme"
              }
            },
            "Indonesia_Central": {
              "long": {
                "standard": "Centralnoindonezijsko vrijeme"
              }
            },
            "Indonesia_Eastern": {
              "long": {
                "standard": "Istočnoindonezijsko vrijeme"
              }
            },
            "Indonesia_Western": {
              "long": {
                "standard": "Zapadnoindonezijsko vrijeme"
              }
            },
            "Iran": {
              "long": {
                "generic": "Iransko vrijeme",
                "standard": "Iransko standardno vrijeme",
                "daylight": "Iransko ljetno vrijeme"
              }
            },
            "Irkutsk": {
              "long": {
                "generic": "Irkutsko vrijeme",
                "standard": "Irkutsko standardno vrijeme",
                "daylight": "Irkutsko ljetno vrijeme"
              }
            },
            "Israel": {
              "long": {
                "generic": "Izraelsko vrijeme",
                "standard": "Izraelsko standardno vrijeme",
                "daylight": "Izraelsko ljetno vrijeme"
              }
            },
            "Japan": {
              "long": {
                "generic": "Japansko vrijeme",
                "standard": "Japansko standardno vrijeme",
                "daylight": "Japansko ljetno vrijeme"
              }
            },
            "Kamchatka": {
              "long": {
                "generic": "Petropavlovsk-Kamčatski vreme",
                "standard": "Petropavlovsk-Kamčatski standardno vreme",
                "daylight": "Petropavlovsk-Kamčatski letnje računanje vremena"
              }
            },
            "Kazakhstan_Eastern": {
              "long": {
                "standard": "Istočnokazahstansko vrijeme"
              }
            },
            "Kazakhstan_Western": {
              "long": {
                "standard": "Zapadnokazahstansko vrijeme"
              }
            },
            "Korea": {
              "long": {
                "generic": "Korejsko vrijeme",
                "standard": "Korejsko standardno vrijeme",
                "daylight": "Korejsko ljetno vrijeme"
              }
            },
            "Kosrae": {
              "long": {
                "standard": "Vrijeme na Ostrvu Kosrae"
              }
            },
            "Krasnoyarsk": {
              "long": {
                "generic": "Krasnojarsko vrijeme",
                "standard": "Krasnojarsko standardno vrijeme",
                "daylight": "Krasnojarsko ljetno vrijeme"
              }
            },
            "Kyrgystan": {
              "long": {
                "standard": "Kirgistansko vrijeme"
              }
            },
            "Lanka": {
              "long": {
                "standard": "Lanka vreme"
              }
            },
            "Line_Islands": {
              "long": {
                "standard": "Vrijeme na Ostrvima Lajn"
              }
            },
            "Lord_Howe": {
              "long": {
                "generic": "Vrijeme na Ostrvu Lord Hau",
                "standard": "Standardno vrijeme na Ostrvu Lord Hau",
                "daylight": "Ljetno vrijeme na Ostrvu Lord Hau"
              }
            },
            "Macau": {
              "long": {
                "generic": "Makao vreme",
                "standard": "Makao standardno vreme",
                "daylight": "Makao letnje računanje vremena"
              }
            },
            "Macquarie": {
              "long": {
                "standard": "Vrijeme na Ostrvu Makvori"
              }
            },
            "Magadan": {
              "long": {
                "generic": "Magadansko vrijeme",
                "standard": "Magadansko standardno vrijeme",
                "daylight": "Magadansko ljetno vrijeme"
              }
            },
            "Malaysia": {
              "long": {
                "standard": "Malezijsko vrijeme"
              }
            },
            "Maldives": {
              "long": {
                "standard": "Maldivsko vrijeme"
              }
            },
            "Marquesas": {
              "long": {
                "standard": "Vrijeme na Ostrvima Markiz"
              }
            },
            "Marshall_Islands": {
              "long": {
                "standard": "Vrijeme na Maršalovim ostrvima"
              }
            },
            "Mauritius": {
              "long": {
                "generic": "Mauricijsko vrijeme",
                "standard": "Mauricijsko standardno vrijeme",
                "daylight": "Mauricijsko ljetno vrijeme"
              }
            },
            "Mawson": {
              "long": {
                "standard": "Vrijeme stanice Mawson"
              }
            },
            "Mexico_Northwest": {
              "long": {
                "generic": "Sjeverozapadno meksičko vrijeme",
                "standard": "Sjeverozapadno meksičko standardno vrijeme",
                "daylight": "Sjeverozapadno meksičko ljetno vrijeme"
              }
            },
            "Mexico_Pacific": {
              "long": {
                "generic": "Meksičko pacifičko vrijeme",
                "standard": "Meksičko pacifičko standardno vrijeme",
                "daylight": "Meksičko pacifičko ljetno vrijeme"
              }
            },
            "Mongolia": {
              "long": {
                "generic": "Ulanbatorsko vrijeme",
                "standard": "Ulanbatorsko standardno vrijeme",
                "daylight": "Ulanbatorsko ljetno vrijeme"
              }
            },
            "Moscow": {
              "long": {
                "generic": "Moskovsko vrijeme",
                "standard": "Moskovsko standardno vrijeme",
                "daylight": "Moskovsko ljetno vrijeme"
              }
            },
            "Myanmar": {
              "long": {
                "standard": "Mijanmarsko vrijeme"
              }
            },
            "Nauru": {
              "long": {
                "standard": "Vrijeme na Ostrvu Nauru"
              }
            },
            "Nepal": {
              "long": {
                "standard": "Nepalsko vrijeme"
              }
            },
            "New_Caledonia": {
              "long": {
                "generic": "Novokaledonijsko vrijeme",
                "standard": "Novokaledonijsko standardno vrijeme",
                "daylight": "Novokaledonijsko ljetno vrijeme"
              }
            },
            "New_Zealand": {
              "long": {
                "generic": "Novozelandsko vrijeme",
                "standard": "Novozelandsko standardno vrijeme",
                "daylight": "Novozelandsko ljetno vrijeme"
              }
            },
            "Newfoundland": {
              "long": {
                "generic": "Njufaundlendsko vrijeme",
                "standard": "Njufaundlendsko standardno vrijeme",
                "daylight": "Njufaundlendsko ljetno vrijeme"
              }
            },
            "Niue": {
              "long": {
                "standard": "Vrijeme na Ostrvu Niue"
              }
            },
            "Norfolk": {
              "long": {
                "standard": "Norfolško vrijeme"
              }
            },
            "Noronha": {
              "long": {
                "generic": "Vrijeme na ostrvu Fernando di Noronja",
                "standard": "Standardno vrijeme na ostrvu Fernando di Noronja",
                "daylight": "Ljetno vrijeme na ostrvu Fernando di Noronja"
              }
            },
            "North_Mariana": {
              "long": {
                "standard": "Severna Marijanska Ostrva vreme"
              }
            },
            "Novosibirsk": {
              "long": {
                "generic": "Novosibirsko vrijeme",
                "standard": "Novosibirsko standardno vrijeme",
                "daylight": "Novosibirsko ljetno vrijeme"
              }
            },
            "Omsk": {
              "long": {
                "generic": "Omsko vrijeme",
                "standard": "Omsko standardno vrijeme",
                "daylight": "Omsko ljetno vrijeme"
              }
            },
            "Pakistan": {
              "long": {
                "generic": "Pakistansko vrijeme",
                "standard": "Pakistansko standardno vrijeme",
                "daylight": "Pakistansko ljetno vrijeme"
              }
            },
            "Palau": {
              "long": {
                "standard": "Vrijeme na Ostrvu Palau"
              }
            },
            "Papua_New_Guinea": {
              "long": {
                "standard": "Vrijeme na Papui Novoj Gvineji"
              }
            },
            "Paraguay": {
              "long": {
                "generic": "Paragvajsko vrijeme",
                "standard": "Paragvajsko standardno vrijeme",
                "daylight": "Paragvajsko ljetno vrijeme"
              }
            },
            "Peru": {
              "long": {
                "generic": "Peruansko vrijeme",
                "standard": "Peruansko standardno vrijeme",
                "daylight": "Peruansko ljetno vrijeme"
              }
            },
            "Philippines": {
              "long": {
                "generic": "Filipinsko vrijeme",
                "standard": "Filipinsko standardno vrijeme",
                "daylight": "Filipinsko ljetno vrijeme"
              }
            },
            "Phoenix_Islands": {
              "long": {
                "standard": "Vrijeme na Ostrvima Finiks"
              }
            },
            "Pierre_Miquelon": {
              "long": {
                "generic": "Vrijeme na Ostrvima Sveti Petar i Mikelon",
                "standard": "Standardno vrijeme na Ostrvima Sveti Petar i Mikelon",
                "daylight": "Ljetno vrijeme na Ostrvima Sveti Petar i Mikelon"
              }
            },
            "Pitcairn": {
              "long": {
                "standard": "Vrijeme na Ostrvima Pitkern"
              }
            },
            "Ponape": {
              "long": {
                "standard": "Vrijeme na Ostrvu Ponape"
              }
            },
            "Pyongyang": {
              "long": {
                "standard": "Pjongjanško vrijeme"
              }
            },
            "Qyzylorda": {
              "long": {
                "generic": "Kizilorda vreme",
                "standard": "Kizilorda standardno vreme",
                "daylight": "Kizilorda letnje računanje vremena"
              }
            },
            "Reunion": {
              "long": {
                "standard": "Reunionsko vrijeme"
              }
            },
            "Rothera": {
              "long": {
                "standard": "Vrijeme stanice Rothera"
              }
            },
            "Sakhalin": {
              "long": {
                "generic": "Sahalinsko vrijeme",
                "standard": "Sahalinsko standardno vrijeme",
                "daylight": "Sahalinsko ljetno vrijeme"
              }
            },
            "Samara": {
              "long": {
                "generic": "Samara vreme",
                "standard": "Samara standardno vreme",
                "daylight": "Samara letnje računanje vremena"
              }
            },
            "Samoa": {
              "long": {
                "generic": "Samoansko vrijeme",
                "standard": "Samoansko standardno vrijeme",
                "daylight": "Samoansko ljetno vrijeme"
              }
            },
            "Seychelles": {
              "long": {
                "standard": "Sejšelsko vrijeme"
              }
            },
            "Singapore": {
              "long": {
                "standard": "Singapursko standardno vrijeme"
              }
            },
            "Solomon": {
              "long": {
                "standard": "Vrijeme na Solomonskim ostrvima"
              }
            },
            "South_Georgia": {
              "long": {
                "standard": "Južnodžordžijsko vrijeme"
              }
            },
            "Suriname": {
              "long": {
                "standard": "Surinamsko vrijeme"
              }
            },
            "Syowa": {
              "long": {
                "standard": "Vrijeme stanice Syowa"
              }
            },
            "Tahiti": {
              "long": {
                "standard": "Tahićansko vrijeme"
              }
            },
            "Taipei": {
              "long": {
                "generic": "Tajpejsko vrijeme",
                "standard": "Tajpejsko standardno vrijeme",
                "daylight": "Tajpejsko ljetno vrijeme"
              }
            },
            "Tajikistan": {
              "long": {
                "standard": "Tadžikistansko vrijeme"
              }
            },
            "Tokelau": {
              "long": {
                "standard": "Vrijeme na Ostrvu Tokelau"
              }
            },
            "Tonga": {
              "long": {
                "generic": "Tongansko vrijeme",
                "standard": "Tongansko standardno vrijeme",
                "daylight": "Tongansko ljetno vrijeme"
              }
            },
            "Truk": {
              "long": {
                "standard": "Čučko vrijeme"
              }
            },
            "Turkmenistan": {
              "long": {
                "generic": "Turkmenistansko vrijeme",
                "standard": "Turkmenistansko standardno vrijeme",
                "daylight": "Turkmenistansko ljetno vrijeme"
              }
            },
            "Tuvalu": {
              "long": {
                "standard": "Tuvaluansko vrijeme"
              }
            },
            "Uruguay": {
              "long": {
                "generic": "Urugvajsko vrijeme",
                "standard": "Urugvajsko standardno vrijeme",
                "daylight": "Urugvajsko ljetno vrijeme"
              }
            },
            "Uzbekistan": {
              "long": {
                "generic": "Uzbekistansko vrijeme",
                "standard": "Uzbekistansko standardno vrijeme",
                "daylight": "Uzbekistansko ljetno vrijeme"
              }
            },
            "Vanuatu": {
              "long": {
                "generic": "Vanuatuansko vrijeme",
                "standard": "Vanuatuansko standardno vrijeme",
                "daylight": "Vanuatuansko ljetno vrijeme"
              }
            },
            "Venezuela": {
              "long": {
                "standard": "Venecuelansko vrijeme"
              }
            },
            "Vladivostok": {
              "long": {
                "generic": "Vladivostočko vrijeme",
                "standard": "Vladivostočko standardno vrijeme",
                "daylight": "Vladivostočko ljetno vrijeme"
              }
            },
            "Volgograd": {
              "long": {
                "generic": "Volgogradsko vrijeme",
                "standard": "Volgogradsko standardno vrijeme",
                "daylight": "Volgogradsko ljetno vrijeme"
              }
            },
            "Vostok": {
              "long": {
                "standard": "Vrijeme stanice Vostok"
              }
            },
            "Wake": {
              "long": {
                "standard": "Vrijeme na Ostrvu Vejk"
              }
            },
            "Wallis": {
              "long": {
                "standard": "Vrijeme na Ostrvima Valis i Futuna"
              }
            },
            "Yakutsk": {
              "long": {
                "generic": "Jakutsko vrijeme",
                "standard": "Jakutsko standardno vrijeme",
                "daylight": "Jakutsko ljetno vrijeme"
              }
            },
            "Yekaterinburg": {
              "long": {
                "generic": "Jekaterinburško vrijeme",
                "standard": "Jekaterinburško standardno vrijeme",
                "daylight": "Jekaterinburško ljetno vrijeme"
              }
            }
          }
        }
      }
    }
  }
}
