{
  "main": {
    "bs-Cyrl": {
      "identity": {
        "version": {
          "_number": "$Revision: 13705 $",
          "_cldrVersion": "32"
        },
        "language": "bs",
        "script": "Cyrl"
      },
      "dates": {
        "calendars": {
          "gregorian": {
            "months": {
              "format": {
                "abbreviated": {
                  "1": "јан",
                  "2": "феб",
                  "3": "мар",
                  "4": "апр",
                  "5": "мај",
                  "6": "јун",
                  "7": "јул",
                  "8": "ауг",
                  "9": "сеп",
                  "10": "окт",
                  "11": "нов",
                  "12": "дец"
                },
                "narrow": {
                  "1": "ј",
                  "2": "ф",
                  "3": "м",
                  "4": "а",
                  "5": "м",
                  "6": "ј",
                  "7": "ј",
                  "8": "а",
                  "9": "с",
                  "10": "о",
                  "11": "н",
                  "12": "д"
                },
                "wide": {
                  "1": "јануар",
                  "2": "фебруар",
                  "3": "март",
                  "4": "април",
                  "5": "мај",
                  "6": "јуни",
                  "7": "јули",
                  "8": "аугуст",
                  "9": "септембар",
                  "10": "октобар",
                  "11": "новембар",
                  "12": "децембар"
                }
              },
              "stand-alone": {
                "abbreviated": {
                  "1": "јан",
                  "2": "феб",
                  "3": "мар",
                  "4": "апр",
                  "5": "мај",
                  "6": "јун",
                  "7": "јул",
                  "8": "ауг",
                  "9": "сеп",
                  "10": "окт",
                  "11": "нов",
                  "12": "дец"
                },
                "narrow": {
                  "1": "ј",
                  "2": "ф",
                  "3": "м",
                  "4": "а",
                  "5": "м",
                  "6": "ј",
                  "7": "ј",
                  "8": "а",
                  "9": "с",
                  "10": "о",
                  "11": "н",
                  "12": "д"
                },
                "wide": {
                  "1": "јануар",
                  "2": "фебруар",
                  "3": "март",
                  "4": "април",
                  "5": "мај",
                  "6": "јуни",
                  "7": "јули",
                  "8": "аугуст",
                  "9": "септембар",
                  "10": "октобар",
                  "11": "новембар",
                  "12": "децембар"
                }
              }
            },
            "days": {
              "format": {
                "abbreviated": {
                  "sun": "нед",
                  "mon": "пон",
                  "tue": "уто",
                  "wed": "сри",
                  "thu": "чет",
                  "fri": "пет",
                  "sat": "суб"
                },
                "narrow": {
                  "sun": "н",
                  "mon": "п",
                  "tue": "у",
                  "wed": "с",
                  "thu": "ч",
                  "fri": "п",
                  "sat": "с"
                },
                "short": {
                  "sun": "нед",
                  "mon": "пон",
                  "tue": "уто",
                  "wed": "сри",
                  "thu": "чет",
                  "fri": "пет",
                  "sat": "суб"
                },
                "wide": {
                  "sun": "недјеља",
                  "mon": "понедјељак",
                  "tue": "уторак",
                  "wed": "сриједа",
                  "thu": "четвртак",
                  "fri": "петак",
                  "sat": "субота"
                }
              },
              "stand-alone": {
                "abbreviated": {
                  "sun": "нед",
                  "mon": "пон",
                  "tue": "уто",
                  "wed": "сри",
                  "thu": "чет",
                  "fri": "пет",
                  "sat": "суб"
                },
                "narrow": {
                  "sun": "н",
                  "mon": "п",
                  "tue": "у",
                  "wed": "с",
                  "thu": "ч",
                  "fri": "п",
                  "sat": "с"
                },
                "short": {
                  "sun": "нед",
                  "mon": "пон",
                  "tue": "уто",
                  "wed": "сри",
                  "thu": "чет",
                  "fri": "пет",
                  "sat": "суб"
                },
                "wide": {
                  "sun": "недјеља",
                  "mon": "понедјељак",
                  "tue": "уторак",
                  "wed": "сриједа",
                  "thu": "четвртак",
                  "fri": "петак",
                  "sat": "субота"
                }
              }
            },
            "quarters": {
              "format": {
                "abbreviated": {
                  "1": "К1",
                  "2": "К2",
                  "3": "К3",
                  "4": "К4"
                },
                "narrow": {
                  "1": "1.",
                  "2": "2.",
                  "3": "3.",
                  "4": "4."
                },
                "wide": {
                  "1": "Прво тромесечје",
                  "2": "Друго тромесечје",
                  "3": "Треће тромесечје",
                  "4": "Четврто тромесечје"
                }
              },
              "stand-alone": {
                "abbreviated": {
                  "1": "К1",
                  "2": "К2",
                  "3": "К3",
                  "4": "К4"
                },
                "narrow": {
                  "1": "1.",
                  "2": "2.",
                  "3": "3.",
                  "4": "4."
                },
                "wide": {
                  "1": "Прво тромесечје",
                  "2": "Друго тромесечје",
                  "3": "Треће тромесечје",
                  "4": "Четврто тромесечје"
                }
              }
            },
            "dayPeriods": {
              "format": {
                "abbreviated": {
                  "am": "пре подне",
                  "pm": "поподне"
                },
                "narrow": {
                  "am": "пре подне",
                  "pm": "поподне"
                },
                "wide": {
                  "am": "пре подне",
                  "pm": "поподне"
                }
              },
              "stand-alone": {
                "abbreviated": {
                  "am": "пре подне",
                  "pm": "поподне"
                },
                "narrow": {
                  "am": "пре подне",
                  "pm": "поподне"
                },
                "wide": {
                  "am": "пре подне",
                  "pm": "поподне"
                }
              }
            },
            "eras": {
              "eraNames": {
                "0": "прије нове ере",
                "0-alt-variant": "BCE",
                "1": "нове ере",
                "1-alt-variant": "CE"
              },
              "eraAbbr": {
                "0": "п. н. е.",
                "0-alt-variant": "BCE",
                "1": "н. е.",
                "1-alt-variant": "CE"
              },
              "eraNarrow": {
                "0": "п.н.е.",
                "0-alt-variant": "BCE",
                "1": "н.е.",
                "1-alt-variant": "CE"
              }
            },
            "dateFormats": {
              "full": "EEEE, dd. MMMM y.",
              "long": "dd. MMMM y.",
              "medium": "dd.MM.y.",
              "short": "d.M.yy."
            },
            "timeFormats": {
              "full": "HH:mm:ss zzzz",
              "long": "HH:mm:ss z",
              "medium": "HH:mm:ss",
              "short": "HH:mm"
            },
            "dateTimeFormats": {
              "full": "{1} {0}",
              "long": "{1} {0}",
              "medium": "{1} {0}",
              "short": "{1} {0}",
              "availableFormats": {
                "Bh": "h B",
                "Bhm": "h:mm B",
                "Bhms": "h:mm:ss B",
                "d": "d",
                "E": "ccc",
                "EBhm": "E h:mm B",
                "EBhms": "E h:mm:ss B",
                "Ed": "E, d.",
                "Ehm": "E h:mm a",
                "EHm": "E HH:mm",
                "Ehms": "E h:mm:ss a",
                "EHms": "E HH:mm:ss",
                "Gy": "y. G",
                "GyMMM": "MMM y. G",
                "GyMMMd": "dd. MMM y. G",
                "GyMMMEd": "E, dd. MMM y. G",
                "h": "hh a",
                "H": "HH",
                "hm": "hh:mm a",
                "Hm": "HH:mm",
                "hms": "hh:mm:ss a",
                "Hms": "HH:mm:ss",
                "hmsv": "h:mm:ss a v",
                "Hmsv": "HH:mm:ss v",
                "hmv": "h:mm a v",
                "Hmv": "HH:mm v",
                "M": "L",
                "Md": "dd.MM.",
                "MEd": "E, dd.MM.",
                "MMM": "LLL",
                "MMMd": "dd. MMM",
                "MMMEd": "E, dd. MMM",
                "MMMMd": "MMMM d",
                "MMMMW-count-other": "'week' W 'of' MMMM",
                "ms": "mm:ss",
                "y": "y.",
                "yM": "MM.y.",
                "yMd": "dd.MM.y.",
                "yMEd": "E, dd.MM.y.",
                "yMMM": "MMM y.",
                "yMMMd": "dd. MMM y.",
                "yMMMEd": "E, dd. MMM y.",
                "yMMMM": "y MMMM",
                "yQQQ": "y QQQ",
                "yQQQQ": "y QQQQ",
                "yw-count-other": "'week' w 'of' Y"
              },
              "appendItems": {
                "Day": "{0} ({2}: {1})",
                "Day-Of-Week": "{0} {1}",
                "Era": "{1} {0}",
                "Hour": "{0} ({2}: {1})",
                "Minute": "{0} ({2}: {1})",
                "Month": "{0} ({2}: {1})",
                "Quarter": "{0} ({2}: {1})",
                "Second": "{0} ({2}: {1})",
                "Timezone": "{0} {1}",
                "Week": "{0} ({2}: {1})",
                "Year": "{1} {0}"
              },
              "intervalFormats": {
                "intervalFormatFallback": "{0} - {1}",
                "d": {
                  "d": "d–d"
                },
                "h": {
                  "a": "hh a – hh a",
                  "h": "hh–hh a"
                },
                "H": {
                  "H": "HH–HH"
                },
                "hm": {
                  "a": "hh:mm a – hh:mm a",
                  "h": "hh:mm–hh:mm a",
                  "m": "hh:mm–hh:mm a"
                },
                "Hm": {
                  "H": "HH:mm–HH:mm",
                  "m": "HH:mm–HH:mm"
                },
                "hmv": {
                  "a": "hh:mm a – hh:mm a v",
                  "h": "hh:mm–hh:mm a v",
                  "m": "hh:mm–hh:mm a v"
                },
                "Hmv": {
                  "H": "HH:mm–HH:mm v",
                  "m": "HH:mm–HH:mm v"
                },
                "hv": {
                  "a": "hh a – hh a v",
                  "h": "hh–hh a v"
                },
                "Hv": {
                  "H": "HH–HH v"
                },
                "M": {
                  "M": "M–M"
                },
                "Md": {
                  "d": "d.M – d.M",
                  "M": "d.M – d.M"
                },
                "MEd": {
                  "d": "E, d.M – E, d.M",
                  "M": "E, d.M – E, d.M"
                },
                "MMM": {
                  "M": "MMM–MMM"
                },
                "MMMd": {
                  "d": "dd.–dd. MMM",
                  "M": "dd. MMM – dd. MMM"
                },
                "MMMEd": {
                  "d": "E, dd. – E, dd. MMM",
                  "M": "E, dd. MMM – E, dd. MMM"
                },
                "y": {
                  "y": "y–y"
                },
                "yM": {
                  "M": "MM.–MM. y.",
                  "y": "MM.y. – MM.y."
                },
                "yMd": {
                  "d": "d.M.y. – d.M.y.",
                  "M": "d.M.y. – d.M.y.",
                  "y": "d.M.y. – d.M.y."
                },
                "yMEd": {
                  "d": "E, d.M.y. – E, d.M.y.",
                  "M": "E, d.M.y. – E, d.M.y.",
                  "y": "E, d.M.y. – E, d.M.y."
                },
                "yMMM": {
                  "M": "MMM–MMM y.",
                  "y": "MMM y. – MMM y."
                },
                "yMMMd": {
                  "d": "dd.–dd. MMM y.",
                  "M": "dd. MMM – dd. MMM y.",
                  "y": "dd. MMM y. – dd. MMM y."
                },
                "yMMMEd": {
                  "d": "E, dd. – E, dd. MMM y.",
                  "M": "E, dd. MMM – E, dd. MMM y.",
                  "y": "E, dd. MMM y. – E, dd. MMM y."
                },
                "yMMMM": {
                  "M": "MMMM–MMMM y.",
                  "y": "MMMM y. – MMMM y."
                }
              }
            }
          }
        }
      }
    }
  }
}
