{
  "main": {
    "bs-Cyrl": {
      "identity": {
        "version": {
          "_number": "$Revision: 13705 $",
          "_cldrVersion": "32"
        },
        "language": "bs",
        "script": "Cyrl"
      },
      "dates": {
        "calendars": {
          "generic": {
            "months": {
              "format": {
                "abbreviated": {
                  "1": "M01",
                  "2": "M02",
                  "3": "M03",
                  "4": "M04",
                  "5": "M05",
                  "6": "M06",
                  "7": "M07",
                  "8": "M08",
                  "9": "M09",
                  "10": "M10",
                  "11": "M11",
                  "12": "M12"
                },
                "narrow": {
                  "1": "1",
                  "2": "2",
                  "3": "3",
                  "4": "4",
                  "5": "5",
                  "6": "6",
                  "7": "7",
                  "8": "8",
                  "9": "9",
                  "10": "10",
                  "11": "11",
                  "12": "12"
                },
                "wide": {
                  "1": "M01",
                  "2": "M02",
                  "3": "M03",
                  "4": "M04",
                  "5": "M05",
                  "6": "M06",
                  "7": "M07",
                  "8": "M08",
                  "9": "M09",
                  "10": "M10",
                  "11": "M11",
                  "12": "M12"
                }
              },
              "stand-alone": {
                "abbreviated": {
                  "1": "M01",
                  "2": "M02",
                  "3": "M03",
                  "4": "M04",
                  "5": "M05",
                  "6": "M06",
                  "7": "M07",
                  "8": "M08",
                  "9": "M09",
                  "10": "M10",
                  "11": "M11",
                  "12": "M12"
                },
                "narrow": {
                  "1": "1",
                  "2": "2",
                  "3": "3",
                  "4": "4",
                  "5": "5",
                  "6": "6",
                  "7": "7",
                  "8": "8",
                  "9": "9",
                  "10": "10",
                  "11": "11",
                  "12": "12"
                },
                "wide": {
                  "1": "M01",
                  "2": "M02",
                  "3": "M03",
                  "4": "M04",
                  "5": "M05",
                  "6": "M06",
                  "7": "M07",
                  "8": "M08",
                  "9": "M09",
                  "10": "M10",
                  "11": "M11",
                  "12": "M12"
                }
              }
            },
            "days": {
              "format": {
                "abbreviated": {
                  "sun": "нед",
                  "mon": "пон",
                  "tue": "уто",
                  "wed": "сри",
                  "thu": "чет",
                  "fri": "пет",
                  "sat": "суб"
                },
                "narrow": {
                  "sun": "н",
                  "mon": "п",
                  "tue": "у",
                  "wed": "с",
                  "thu": "ч",
                  "fri": "п",
                  "sat": "с"
                },
                "short": {
                  "sun": "нед",
                  "mon": "пон",
                  "tue": "уто",
                  "wed": "сри",
                  "thu": "чет",
                  "fri": "пет",
                  "sat": "суб"
                },
                "wide": {
                  "sun": "недјеља",
                  "mon": "понедјељак",
                  "tue": "уторак",
                  "wed": "сриједа",
                  "thu": "четвртак",
                  "fri": "петак",
                  "sat": "субота"
                }
              },
              "stand-alone": {
                "abbreviated": {
                  "sun": "нед",
                  "mon": "пон",
                  "tue": "уто",
                  "wed": "сри",
                  "thu": "чет",
                  "fri": "пет",
                  "sat": "суб"
                },
                "narrow": {
                  "sun": "н",
                  "mon": "п",
                  "tue": "у",
                  "wed": "с",
                  "thu": "ч",
                  "fri": "п",
                  "sat": "с"
                },
                "short": {
                  "sun": "нед",
                  "mon": "пон",
                  "tue": "уто",
                  "wed": "сри",
                  "thu": "чет",
                  "fri": "пет",
                  "sat": "суб"
                },
                "wide": {
                  "sun": "недјеља",
                  "mon": "понедјељак",
                  "tue": "уторак",
                  "wed": "сриједа",
                  "thu": "четвртак",
                  "fri": "петак",
                  "sat": "субота"
                }
              }
            },
            "quarters": {
              "format": {
                "abbreviated": {
                  "1": "К1",
                  "2": "К2",
                  "3": "К3",
                  "4": "К4"
                },
                "narrow": {
                  "1": "1.",
                  "2": "2.",
                  "3": "3.",
                  "4": "4."
                },
                "wide": {
                  "1": "Прво тромесечје",
                  "2": "Друго тромесечје",
                  "3": "Треће тромесечје",
                  "4": "Четврто тромесечје"
                }
              },
              "stand-alone": {
                "abbreviated": {
                  "1": "К1",
                  "2": "К2",
                  "3": "К3",
                  "4": "К4"
                },
                "narrow": {
                  "1": "1.",
                  "2": "2.",
                  "3": "3.",
                  "4": "4."
                },
                "wide": {
                  "1": "Прво тромесечје",
                  "2": "Друго тромесечје",
                  "3": "Треће тромесечје",
                  "4": "Четврто тромесечје"
                }
              }
            },
            "dayPeriods": {
              "format": {
                "abbreviated": {
                  "am": "пре подне",
                  "pm": "поподне"
                },
                "narrow": {
                  "am": "пре подне",
                  "pm": "поподне"
                },
                "wide": {
                  "am": "пре подне",
                  "pm": "поподне"
                }
              },
              "stand-alone": {
                "abbreviated": {
                  "am": "пре подне",
                  "pm": "поподне"
                },
                "narrow": {
                  "am": "пре подне",
                  "pm": "поподне"
                },
                "wide": {
                  "am": "пре подне",
                  "pm": "поподне"
                }
              }
            },
            "eras": {
              "eraNames": {
                "0": "ERA0",
                "1": "ERA1"
              },
              "eraAbbr": {
                "0": "ERA0",
                "1": "ERA1"
              },
              "eraNarrow": {
                "0": "ERA0",
                "1": "ERA1"
              }
            },
            "dateFormats": {
              "full": "EEEE, dd. MMMM y. G",
              "long": "dd. MMMM y. G",
              "medium": "dd.MM.y. G",
              "short": "d.M.y. GGGGG"
            },
            "timeFormats": {
              "full": "HH:mm:ss zzzz",
              "long": "HH:mm:ss z",
              "medium": "HH:mm:ss",
              "short": "HH:mm"
            },
            "dateTimeFormats": {
              "full": "{1} {0}",
              "long": "{1} {0}",
              "medium": "{1} {0}",
              "short": "{1} {0}",
              "availableFormats": {
                "Bh": "h B",
                "Bhm": "h:mm B",
                "Bhms": "h:mm:ss B",
                "d": "d",
                "E": "ccc",
                "EBhm": "E h:mm B",
                "EBhms": "E h:mm:ss B",
                "Ed": "E, d.",
                "Ehm": "E h:mm a",
                "EHm": "E HH:mm",
                "Ehms": "E h:mm:ss a",
                "EHms": "E HH:mm:ss",
                "Gy": "y. G",
                "GyMMM": "MMM y. G",
                "GyMMMd": "dd. MMM y. G",
                "GyMMMEd": "E, dd. MMM y. G",
                "h": "hh a",
                "H": "HH",
                "hm": "hh:mm a",
                "Hm": "HH:mm",
                "hms": "hh:mm:ss a",
                "Hms": "HH:mm:ss",
                "M": "L",
                "Md": "dd.MM.",
                "MEd": "E, dd.MM.",
                "MMM": "LLL",
                "MMMd": "dd. MMM",
                "MMMEd": "E, dd. MMM",
                "MMMMd": "MMMM d",
                "ms": "mm:ss",
                "y": "y. G",
                "yyyy": "y. G",
                "yyyyM": "MM.y. G",
                "yyyyMd": "dd.MM.y. G",
                "yyyyMEd": "E, dd.MM.y. G",
                "yyyyMMM": "MMM y. G",
                "yyyyMMMd": "dd. MMM y. G",
                "yyyyMMMEd": "E, dd. MMM y. G",
                "yyyyMMMM": "G y MMMM",
                "yyyyQQQ": "G y QQQ",
                "yyyyQQQQ": "G y QQQQ"
              },
              "appendItems": {
                "Day": "{0} ({2}: {1})",
                "Day-Of-Week": "{0} {1}",
                "Era": "{1} {0}",
                "Hour": "{0} ({2}: {1})",
                "Minute": "{0} ({2}: {1})",
                "Month": "{0} ({2}: {1})",
                "Quarter": "{0} ({2}: {1})",
                "Second": "{0} ({2}: {1})",
                "Timezone": "{0} {1}",
                "Week": "{0} ({2}: {1})",
                "Year": "{1} {0}"
              },
              "intervalFormats": {
                "intervalFormatFallback": "{0} - {1}",
                "d": {
                  "d": "d–d"
                },
                "h": {
                  "a": "hh a – hh a",
                  "h": "hh–hh a"
                },
                "H": {
                  "H": "HH–HH"
                },
                "hm": {
                  "a": "hh:mm a – hh:mm a",
                  "h": "hh:mm–hh:mm a",
                  "m": "hh:mm–hh:mm a"
                },
                "Hm": {
                  "H": "HH:mm–HH:mm",
                  "m": "HH:mm–HH:mm"
                },
                "hmv": {
                  "a": "hh:mm a – hh:mm a v",
                  "h": "hh:mm–hh:mm a v",
                  "m": "hh:mm–hh:mm a v"
                },
                "Hmv": {
                  "H": "HH:mm–HH:mm v",
                  "m": "HH:mm–HH:mm v"
                },
                "hv": {
                  "a": "hh a – hh a v",
                  "h": "hh–hh a v"
                },
                "Hv": {
                  "H": "HH–HH v"
                },
                "M": {
                  "M": "M–M"
                },
                "Md": {
                  "d": "d.M – d.M",
                  "M": "d.M – d.M"
                },
                "MEd": {
                  "d": "E, d.M – E, d.M",
                  "M": "E, d.M – E, d.M"
                },
                "MMM": {
                  "M": "MMM–MMM"
                },
                "MMMd": {
                  "d": "dd.–dd. MMM",
                  "M": "dd. MMM – dd. MMM"
                },
                "MMMEd": {
                  "d": "E, dd. – E, dd. MMM",
                  "M": "E, dd. MMM – E, dd. MMM"
                },
                "y": {
                  "y": "y–y G"
                },
                "yM": {
                  "M": "MM.–MM. y. G",
                  "y": "MM.y. – MM.y. G"
                },
                "yMd": {
                  "d": "d.M.y. – d.M.y. G",
                  "M": "d.M.y. – d.M.y. G",
                  "y": "d.M.y. – d.M.y. G"
                },
                "yMEd": {
                  "d": "E, d.M.y. – E, d.M.y. G",
                  "M": "E, d.M.y. – E, d.M.y. G",
                  "y": "E, d.M.y. – E, d.M.y. G"
                },
                "yMMM": {
                  "M": "MMM–MMM y. G",
                  "y": "MMM y. – MMM y. G"
                },
                "yMMMd": {
                  "d": "dd.–dd. MMM y. G",
                  "M": "dd. MMM – dd. MMM y. G",
                  "y": "dd. MMM y. – dd. MMM y. G"
                },
                "yMMMEd": {
                  "d": "E, dd. – E, dd. MMM y. G",
                  "M": "E, dd. MMM – E, dd. MMM y. G",
                  "y": "E, dd. MMM y. – E, dd. MMM y. G"
                },
                "yMMMM": {
                  "M": "MMMM–MMMM y. G",
                  "y": "MMMM y. – MMMM y. G"
                }
              }
            }
          }
        }
      }
    }
  }
}
