{
  "main": {
    "bem": {
      "identity": {
        "version": {
          "_number": "$Revision: 13133 $",
          "_cldrVersion": "32"
        },
        "language": "bem"
      },
      "dates": {
        "calendars": {
          "gregorian": {
            "months": {
              "format": {
                "abbreviated": {
                  "1": "Jan",
                  "2": "Feb",
                  "3": "Mac",
                  "4": "Epr",
                  "5": "Mei",
                  "6": "Jun",
                  "7": "Jul",
                  "8": "Oga",
                  "9": "Sep",
                  "10": "Okt",
                  "11": "Nov",
                  "12": "Dis"
                },
                "narrow": {
                  "1": "J",
                  "2": "F",
                  "3": "M",
                  "4": "E",
                  "5": "M",
                  "6": "J",
                  "7": "J",
                  "8": "O",
                  "9": "S",
                  "10": "O",
                  "11": "N",
                  "12": "D"
                },
                "wide": {
                  "1": "Januari",
                  "2": "Februari",
                  "3": "Machi",
                  "4": "Epreo",
                  "5": "Mei",
                  "6": "Juni",
                  "7": "Julai",
                  "8": "Ogasti",
                  "9": "Septemba",
                  "10": "Oktoba",
                  "11": "Novemba",
                  "12": "Disemba"
                }
              },
              "stand-alone": {
                "abbreviated": {
                  "1": "Jan",
                  "2": "Feb",
                  "3": "Mac",
                  "4": "Epr",
                  "5": "Mei",
                  "6": "Jun",
                  "7": "Jul",
                  "8": "Oga",
                  "9": "Sep",
                  "10": "Okt",
                  "11": "Nov",
                  "12": "Dis"
                },
                "narrow": {
                  "1": "J",
                  "2": "F",
                  "3": "M",
                  "4": "E",
                  "5": "M",
                  "6": "J",
                  "7": "J",
                  "8": "O",
                  "9": "S",
                  "10": "O",
                  "11": "N",
                  "12": "D"
                },
                "wide": {
                  "1": "Januari",
                  "2": "Februari",
                  "3": "Machi",
                  "4": "Epreo",
                  "5": "Mei",
                  "6": "Juni",
                  "7": "Julai",
                  "8": "Ogasti",
                  "9": "Septemba",
                  "10": "Oktoba",
                  "11": "Novemba",
                  "12": "Disemba"
                }
              }
            },
            "days": {
              "format": {
                "abbreviated": {
                  "sun": "Pa Mulungu",
                  "mon": "Palichimo",
                  "tue": "Palichibuli",
                  "wed": "Palichitatu",
                  "thu": "Palichine",
                  "fri": "Palichisano",
                  "sat": "Pachibelushi"
                },
                "narrow": {
                  "sun": "S",
                  "mon": "M",
                  "tue": "T",
                  "wed": "W",
                  "thu": "T",
                  "fri": "F",
                  "sat": "S"
                },
                "short": {
                  "sun": "Pa Mulungu",
                  "mon": "Palichimo",
                  "tue": "Palichibuli",
                  "wed": "Palichitatu",
                  "thu": "Palichine",
                  "fri": "Palichisano",
                  "sat": "Pachibelushi"
                },
                "wide": {
                  "sun": "Pa Mulungu",
                  "mon": "Palichimo",
                  "tue": "Palichibuli",
                  "wed": "Palichitatu",
                  "thu": "Palichine",
                  "fri": "Palichisano",
                  "sat": "Pachibelushi"
                }
              },
              "stand-alone": {
                "abbreviated": {
                  "sun": "Pa Mulungu",
                  "mon": "Palichimo",
                  "tue": "Palichibuli",
                  "wed": "Palichitatu",
                  "thu": "Palichine",
                  "fri": "Palichisano",
                  "sat": "Pachibelushi"
                },
                "narrow": {
                  "sun": "S",
                  "mon": "M",
                  "tue": "T",
                  "wed": "W",
                  "thu": "T",
                  "fri": "F",
                  "sat": "S"
                },
                "short": {
                  "sun": "Pa Mulungu",
                  "mon": "Palichimo",
                  "tue": "Palichibuli",
                  "wed": "Palichitatu",
                  "thu": "Palichine",
                  "fri": "Palichisano",
                  "sat": "Pachibelushi"
                },
                "wide": {
                  "sun": "Pa Mulungu",
                  "mon": "Palichimo",
                  "tue": "Palichibuli",
                  "wed": "Palichitatu",
                  "thu": "Palichine",
                  "fri": "Palichisano",
                  "sat": "Pachibelushi"
                }
              }
            },
            "quarters": {
              "format": {
                "abbreviated": {
                  "1": "Q1",
                  "2": "Q2",
                  "3": "Q3",
                  "4": "Q4"
                },
                "narrow": {
                  "1": "1",
                  "2": "2",
                  "3": "3",
                  "4": "4"
                },
                "wide": {
                  "1": "Q1",
                  "2": "Q2",
                  "3": "Q3",
                  "4": "Q4"
                }
              },
              "stand-alone": {
                "abbreviated": {
                  "1": "Q1",
                  "2": "Q2",
                  "3": "Q3",
                  "4": "Q4"
                },
                "narrow": {
                  "1": "1",
                  "2": "2",
                  "3": "3",
                  "4": "4"
                },
                "wide": {
                  "1": "Q1",
                  "2": "Q2",
                  "3": "Q3",
                  "4": "Q4"
                }
              }
            },
            "dayPeriods": {
              "format": {
                "abbreviated": {
                  "am": "uluchelo",
                  "pm": "akasuba"
                },
                "narrow": {
                  "am": "uluchelo",
                  "pm": "akasuba"
                },
                "wide": {
                  "am": "uluchelo",
                  "pm": "akasuba"
                }
              },
              "stand-alone": {
                "abbreviated": {
                  "am": "uluchelo",
                  "pm": "akasuba"
                },
                "narrow": {
                  "am": "uluchelo",
                  "pm": "akasuba"
                },
                "wide": {
                  "am": "uluchelo",
                  "pm": "akasuba"
                }
              }
            },
            "eras": {
              "eraNames": {
                "0": "Before Yesu",
                "0-alt-variant": "BCE",
                "1": "After Yesu",
                "1-alt-variant": "CE"
              },
              "eraAbbr": {
                "0": "BC",
                "0-alt-variant": "BCE",
                "1": "AD",
                "1-alt-variant": "CE"
              },
              "eraNarrow": {
                "0": "BC",
                "0-alt-variant": "BCE",
                "1": "AD",
                "1-alt-variant": "CE"
              }
            },
            "dateFormats": {
              "full": "EEEE, d MMMM y",
              "long": "d MMMM y",
              "medium": "d MMM y",
              "short": "dd/MM/y"
            },
            "timeFormats": {
              "full": "h:mm:ss a zzzz",
              "long": "h:mm:ss a z",
              "medium": "h:mm:ss a",
              "short": "h:mm a"
            },
            "dateTimeFormats": {
              "full": "{1} {0}",
              "long": "{1} {0}",
              "medium": "{1} {0}",
              "short": "{1} {0}",
              "availableFormats": {
                "Bh": "h B",
                "Bhm": "h:mm B",
                "Bhms": "h:mm:ss B",
                "d": "d",
                "E": "ccc",
                "EBhm": "E h:mm B",
                "EBhms": "E h:mm:ss B",
                "Ed": "d, E",
                "Ehm": "E h:mm a",
                "EHm": "E HH:mm",
                "Ehms": "E h:mm:ss a",
                "EHms": "E HH:mm:ss",
                "Gy": "G y",
                "GyMMM": "G y MMM",
                "GyMMMd": "G y MMM d",
                "GyMMMEd": "G y MMM d, E",
                "h": "h a",
                "H": "HH",
                "hm": "h:mm a",
                "Hm": "HH:mm",
                "hms": "h:mm:ss a",
                "Hms": "HH:mm:ss",
                "hmsv": "h:mm:ss a v",
                "Hmsv": "HH:mm:ss v",
                "hmv": "h:mm a v",
                "Hmv": "HH:mm v",
                "M": "L",
                "Md": "M/d",
                "MEd": "E, M/d",
                "MMM": "LLL",
                "MMMd": "MMM d",
                "MMMEd": "E, MMM d",
                "MMMMd": "MMMM d",
                "MMMMEd": "E, MMMM d",
                "MMMMW-count-other": "'week' W 'of' MMMM",
                "ms": "mm:ss",
                "y": "y",
                "yM": "M/y",
                "yMd": "d/M/y",
                "yMEd": "E, M/d/y",
                "yMMM": "MMM y",
                "yMMMd": "d MMM y",
                "yMMMEd": "E, MMM d, y",
                "yMMMM": "MMMM y",
                "yQQQ": "QQQ y",
                "yQQQQ": "QQQQ y",
                "yw-count-other": "'week' w 'of' Y"
              },
              "appendItems": {
                "Day": "{0} ({2}: {1})",
                "Day-Of-Week": "{0} {1}",
                "Era": "{1} {0}",
                "Hour": "{0} ({2}: {1})",
                "Minute": "{0} ({2}: {1})",
                "Month": "{0} ({2}: {1})",
                "Quarter": "{0} ({2}: {1})",
                "Second": "{0} ({2}: {1})",
                "Timezone": "{0} {1}",
                "Week": "{0} ({2}: {1})",
                "Year": "{1} {0}"
              },
              "intervalFormats": {
                "intervalFormatFallback": "{0} – {1}",
                "d": {
                  "d": "d–d"
                },
                "h": {
                  "a": "h a – h a",
                  "h": "h–h a"
                },
                "H": {
                  "H": "HH–HH"
                },
                "hm": {
                  "a": "h:mm a – h:mm a",
                  "h": "h:mm–h:mm a",
                  "m": "h:mm–h:mm a"
                },
                "Hm": {
                  "H": "HH:mm–HH:mm",
                  "m": "HH:mm–HH:mm"
                },
                "hmv": {
                  "a": "h:mm a – h:mm a v",
                  "h": "h:mm–h:mm a v",
                  "m": "h:mm–h:mm a v"
                },
                "Hmv": {
                  "H": "HH:mm–HH:mm v",
                  "m": "HH:mm–HH:mm v"
                },
                "hv": {
                  "a": "h a – h a v",
                  "h": "h–h a v"
                },
                "Hv": {
                  "H": "HH–HH v"
                },
                "M": {
                  "M": "MM–MM"
                },
                "Md": {
                  "d": "MM-dd – MM-dd",
                  "M": "MM-dd – MM-dd"
                },
                "MEd": {
                  "d": "MM-dd, E – MM-dd, E",
                  "M": "MM-dd, E – MM-dd, E"
                },
                "MMM": {
                  "M": "LLL–LLL"
                },
                "MMMd": {
                  "d": "MMM d–d",
                  "M": "MMM d – MMM d"
                },
                "MMMEd": {
                  "d": "MMM d, E – MMM d, E",
                  "M": "MMM d, E – MMM d, E"
                },
                "y": {
                  "y": "y–y"
                },
                "yM": {
                  "M": "y-MM – y-MM",
                  "y": "y-MM – y-MM"
                },
                "yMd": {
                  "d": "y-MM-dd – y-MM-dd",
                  "M": "y-MM-dd – y-MM-dd",
                  "y": "y-MM-dd – y-MM-dd"
                },
                "yMEd": {
                  "d": "y-MM-dd, E – y-MM-dd, E",
                  "M": "y-MM-dd, E – y-MM-dd, E",
                  "y": "y-MM-dd, E – y-MM-dd, E"
                },
                "yMMM": {
                  "M": "y MMM–MMM",
                  "y": "y MMM – y MMM"
                },
                "yMMMd": {
                  "d": "y MMM d–d",
                  "M": "y MMM d – MMM d",
                  "y": "y MMM d – y MMM d"
                },
                "yMMMEd": {
                  "d": "y MMM d, E – MMM d, E",
                  "M": "y MMM d, E – MMM d, E",
                  "y": "y MMM d, E – y MMM d, E"
                },
                "yMMMM": {
                  "M": "y MMMM–MMMM",
                  "y": "y MMMM – y MMMM"
                }
              }
            }
          }
        }
      }
    }
  }
}
