{
  "main": {
    "ccp": {
      "identity": {
        "version": {
          "_number": "$Revision: 13751 $",
          "_cldrVersion": "32"
        },
        "language": "ccp"
      },
      "dates": {
        "fields": {
          "era": {
            "displayName": "𑄡𑄪𑄇𑄴"
          },
          "era-short": {
            "displayName": "𑄡𑄪𑄇𑄴"
          },
          "era-narrow": {
            "displayName": "𑄡𑄪𑄇𑄴"
          },
          "year": {
            "displayName": "𑄝𑄧𑄏𑄧𑄢𑄴",
            "relative-type--1": "𑄉𑄬𑄣𑄳𑄠𑄬 𑄝𑄧𑄏𑄧𑄢𑄴",
            "relative-type-0": "𑄃𑄬 𑄝𑄧𑄏𑄧𑄢𑄴",
            "relative-type-1": "𑄎𑄬𑄢𑄧 𑄝𑄧𑄏𑄧𑄢𑄴",
            "relativeTime-type-future": {
              "relativeTimePattern-count-one": "{0} 𑄝𑄧𑄏𑄧𑄢𑄬",
              "relativeTimePattern-count-other": "{0} 𑄝𑄧𑄏𑄧𑄢𑄬"
            },
            "relativeTime-type-past": {
              "relativeTimePattern-count-one": "{0} 𑄝𑄧𑄏𑄧𑄢𑄴 𑄃𑄉𑄬",
              "relativeTimePattern-count-other": "{0} 𑄝𑄧𑄏𑄧𑄢𑄴 𑄃𑄉𑄬"
            }
          },
          "year-short": {
            "displayName": "𑄝𑄧𑄏𑄧𑄢𑄴",
            "relative-type--1": "𑄉𑄬𑄣𑄳𑄠𑄬 𑄝𑄧𑄏𑄧𑄢𑄴",
            "relative-type-0": "𑄃𑄳𑄆𑄬 𑄝𑄧𑄏𑄧𑄢𑄴",
            "relative-type-1": "𑄛𑄧𑄢𑄬 𑄝𑄧𑄏𑄧𑄢𑄴",
            "relativeTime-type-future": {
              "relativeTimePattern-count-one": "{0} 𑄝𑄧𑄏𑄧𑄢𑄬",
              "relativeTimePattern-count-other": "{0} 𑄝𑄧𑄏𑄧𑄢𑄬"
            },
            "relativeTime-type-past": {
              "relativeTimePattern-count-one": "{0} 𑄝𑄧𑄏𑄧𑄢𑄴 𑄃𑄉𑄬",
              "relativeTimePattern-count-other": "{0} 𑄝𑄧𑄏𑄧𑄢𑄴 𑄃𑄉𑄬"
            }
          },
          "year-narrow": {
            "displayName": "𑄝𑄧𑄏𑄧𑄢𑄴",
            "relative-type--1": "𑄉𑄬𑄣𑄳𑄠𑄬 𑄝𑄧𑄏𑄧𑄢𑄴",
            "relative-type-0": "𑄃𑄳𑄆𑄬 𑄝𑄧𑄏𑄧𑄢𑄴",
            "relative-type-1": "𑄛𑄧𑄢𑄬 𑄝𑄧𑄏𑄧𑄢𑄴",
            "relativeTime-type-future": {
              "relativeTimePattern-count-one": "{0} 𑄝𑄧𑄏𑄧𑄢𑄬",
              "relativeTimePattern-count-other": "{0} 𑄝𑄧𑄏𑄧𑄢𑄬"
            },
            "relativeTime-type-past": {
              "relativeTimePattern-count-one": "{0} 𑄝𑄧𑄏𑄧𑄢𑄴 𑄃𑄉𑄬",
              "relativeTimePattern-count-other": "{0} 𑄝𑄧𑄏𑄧𑄢𑄴 𑄃𑄉𑄬"
            }
          },
          "quarter": {
            "displayName": "𑄖𑄨𑄚𑄴𑄟𑄏𑄧𑄢𑄴",
            "relative-type--1": "𑄉𑄬𑄣𑄳𑄠𑄬 𑄖𑄨𑄚𑄴𑄟𑄏𑄧𑄢𑄴",
            "relative-type-0": "𑄃𑄳𑄆𑄬 𑄖𑄨𑄚𑄴𑄟𑄏𑄧𑄢𑄴",
            "relative-type-1": "𑄛𑄧𑄢𑄬 𑄖𑄨𑄚𑄴𑄟𑄏𑄧𑄢𑄴",
            "relativeTime-type-future": {
              "relativeTimePattern-count-one": "{0} 𑄖𑄨𑄚𑄴𑄟𑄏𑄬",
              "relativeTimePattern-count-other": "{0} 𑄖𑄨𑄚𑄟𑄏𑄬"
            },
            "relativeTime-type-past": {
              "relativeTimePattern-count-one": "{0} 𑄖𑄨𑄚𑄴𑄟𑄏𑄧𑄢𑄴 𑄃𑄉𑄬",
              "relativeTimePattern-count-other": "{0} 𑄖𑄨𑄚𑄴𑄟𑄏𑄧𑄢𑄴 𑄃𑄉𑄬"
            }
          },
          "quarter-short": {
            "displayName": "𑄖𑄨𑄚𑄴𑄟𑄏𑄧𑄢𑄴",
            "relative-type--1": "𑄉𑄬𑄣𑄳𑄠𑄬 𑄖𑄨𑄚𑄴𑄟𑄏𑄧𑄢𑄴",
            "relative-type-0": "𑄃𑄳𑄆𑄬 𑄖𑄨𑄚𑄴𑄟𑄏𑄧𑄢𑄴",
            "relative-type-1": "𑄛𑄧𑄢𑄬 𑄖𑄨𑄚𑄴𑄟𑄏𑄧𑄢𑄴",
            "relativeTime-type-future": {
              "relativeTimePattern-count-one": "{0} 𑄖𑄨𑄚𑄴𑄟𑄏𑄬",
              "relativeTimePattern-count-other": "{0} 𑄖𑄨𑄚𑄴𑄟𑄏𑄬"
            },
            "relativeTime-type-past": {
              "relativeTimePattern-count-one": "{0} 𑄖𑄨𑄚𑄴𑄟𑄏𑄧𑄢𑄴 𑄃𑄉𑄬",
              "relativeTimePattern-count-other": "{0}𑄖𑄨𑄚𑄴𑄟𑄏𑄧𑄢𑄴 𑄃𑄉𑄬"
            }
          },
          "quarter-narrow": {
            "displayName": "𑄖𑄨𑄚𑄴𑄟𑄏𑄧𑄢𑄴",
            "relative-type--1": "𑄉𑄬𑄣𑄳𑄠𑄬 𑄖𑄨𑄚𑄴𑄟𑄏𑄧𑄢𑄴",
            "relative-type-0": "𑄃𑄳𑄆𑄬 𑄖𑄨𑄚𑄴𑄟𑄏𑄧𑄢𑄴",
            "relative-type-1": "𑄛𑄧𑄢𑄬 𑄖𑄨𑄚𑄴𑄟𑄏𑄧𑄢𑄴",
            "relativeTime-type-future": {
              "relativeTimePattern-count-one": "{0} 𑄖𑄨𑄚𑄴𑄟𑄏𑄬",
              "relativeTimePattern-count-other": "{0} 𑄖𑄨𑄚𑄴𑄟𑄏𑄬"
            },
            "relativeTime-type-past": {
              "relativeTimePattern-count-one": "{0} 𑄖𑄨𑄚𑄴𑄟𑄏𑄧𑄢𑄴 𑄃𑄉𑄬",
              "relativeTimePattern-count-other": "{0} 𑄖𑄨𑄚𑄴𑄟𑄏𑄧𑄢𑄴 𑄃𑄬𑄉"
            }
          },
          "month": {
            "displayName": "𑄟𑄏𑄴",
            "relative-type--1": "𑄉𑄬𑄣𑄧𑄘𑄬 𑄟𑄏𑄴",
            "relative-type-0": "𑄃𑄳𑄆𑄬 𑄟𑄏𑄴",
            "relative-type-1": "𑄛𑄧𑄢𑄬 𑄟𑄏𑄴",
            "relativeTime-type-future": {
              "relativeTimePattern-count-one": "{0} 𑄟𑄏𑄬",
              "relativeTimePattern-count-other": "{0} 𑄟𑄏𑄬"
            },
            "relativeTime-type-past": {
              "relativeTimePattern-count-one": "{0} 𑄟𑄏𑄧 𑄃𑄉𑄬",
              "relativeTimePattern-count-other": "{0} 𑄟𑄏𑄧 𑄃𑄉𑄬"
            }
          },
          "month-short": {
            "displayName": "𑄟𑄏𑄴",
            "relative-type--1": "𑄉𑄬𑄣𑄧𑄉𑄬 𑄟𑄏𑄴",
            "relative-type-0": "𑄃𑄳𑄆𑄬 𑄟𑄏𑄴",
            "relative-type-1": "𑄛𑄧𑄢𑄬 𑄟𑄏𑄴",
            "relativeTime-type-future": {
              "relativeTimePattern-count-one": "{0} 𑄟𑄏𑄬",
              "relativeTimePattern-count-other": "{0} 𑄟𑄏𑄬"
            },
            "relativeTime-type-past": {
              "relativeTimePattern-count-one": "{0} 𑄇𑄏𑄧 𑄃𑄉𑄬",
              "relativeTimePattern-count-other": "{0} 𑄟𑄏𑄧 𑄃𑄉𑄬"
            }
          },
          "month-narrow": {
            "displayName": "𑄟𑄏𑄴",
            "relative-type--1": "𑄉𑄬𑄣𑄧𑄘𑄬 𑄟𑄏𑄴",
            "relative-type-0": "𑄃𑄳𑄆𑄬 𑄟𑄏𑄴",
            "relative-type-1": "𑄛𑄧𑄢𑄬 𑄟𑄏𑄴",
            "relativeTime-type-future": {
              "relativeTimePattern-count-one": "{0} 𑄟𑄏𑄬",
              "relativeTimePattern-count-other": "{0} 𑄟𑄏𑄬"
            },
            "relativeTime-type-past": {
              "relativeTimePattern-count-one": "{0} 𑄟𑄏𑄧 𑄃𑄉𑄬",
              "relativeTimePattern-count-other": "{0} 𑄟𑄏𑄧 𑄃𑄉𑄬"
            }
          },
          "week": {
            "displayName": "𑄥𑄛𑄴𑄖",
            "relative-type--1": "𑄉𑄬𑄣𑄧𑄘𑄬 𑄥𑄛𑄴𑄖",
            "relative-type-0": "𑄃𑄳𑄆𑄬 𑄥𑄛𑄴𑄖",
            "relative-type-1": "𑄛𑄧𑄢𑄬 𑄥𑄛𑄴𑄖",
            "relativeTime-type-future": {
              "relativeTimePattern-count-one": "{0} 𑄥𑄛𑄴𑄖𑄠𑄴",
              "relativeTimePattern-count-other": "{0} 𑄥𑄛𑄴𑄖𑄠𑄴"
            },
            "relativeTime-type-past": {
              "relativeTimePattern-count-one": "{0} 𑄥𑄛𑄴𑄖 𑄃𑄉𑄬",
              "relativeTimePattern-count-other": "{0} 𑄥𑄛𑄴𑄖 𑄃𑄉𑄬"
            },
            "relativePeriod": "{0} 𑄥𑄛𑄴𑄖"
          },
          "week-short": {
            "displayName": "𑄥𑄛𑄴𑄖",
            "relative-type--1": "𑄉𑄬𑄣𑄧𑄘𑄬 𑄥𑄛𑄴𑄖",
            "relative-type-0": "𑄃𑄳𑄆𑄬 𑄥𑄛𑄴𑄖",
            "relative-type-1": "𑄛𑄧𑄢𑄬 𑄥𑄛𑄴𑄖",
            "relativeTime-type-future": {
              "relativeTimePattern-count-one": "{0} 𑄥𑄛𑄴𑄖𑄠𑄴",
              "relativeTimePattern-count-other": "{0} 𑄥𑄛𑄴𑄖𑄠𑄴"
            },
            "relativeTime-type-past": {
              "relativeTimePattern-count-one": "{0} 𑄥𑄛𑄴𑄖 𑄃𑄉𑄬",
              "relativeTimePattern-count-other": "{0} 𑄥𑄛𑄴𑄖 𑄃𑄉𑄬"
            },
            "relativePeriod": "{0} 𑄃𑄳𑄆𑄬 𑄥𑄛𑄴𑄖𑄠𑄴"
          },
          "week-narrow": {
            "displayName": "𑄥𑄛𑄴𑄖",
            "relative-type--1": "𑄉𑄬𑄣𑄧𑄘𑄬 𑄥𑄛𑄴𑄖",
            "relative-type-0": "𑄃𑄳𑄆𑄬 𑄥𑄛𑄴𑄖",
            "relative-type-1": "𑄛𑄧𑄢𑄬 𑄥𑄛𑄴𑄖",
            "relativeTime-type-future": {
              "relativeTimePattern-count-one": "{0} 𑄥𑄛𑄴𑄖𑄠𑄴",
              "relativeTimePattern-count-other": "{0} 𑄥𑄛𑄴𑄖𑄠𑄴"
            },
            "relativeTime-type-past": {
              "relativeTimePattern-count-one": "{0} 𑄥𑄛𑄴𑄖𑄢𑄴 𑄃𑄉𑄬",
              "relativeTimePattern-count-other": "{0} 𑄥𑄛𑄴𑄖𑄢𑄴 𑄃𑄉𑄬"
            },
            "relativePeriod": "{0} 𑄃𑄳𑄆𑄬 𑄥𑄛𑄴𑄖𑄠𑄴"
          },
          "weekOfMonth": {
            "displayName": "Week Of Month"
          },
          "weekOfMonth-short": {
            "displayName": "Week Of Month"
          },
          "weekOfMonth-narrow": {
            "displayName": "Week Of Month"
          },
          "day": {
            "displayName": "𑄘𑄨𑄚𑄴",
            "relative-type--2": "𑄉𑄬𑄣𑄧𑄘𑄬 𑄛𑄧𑄢𑄴𑄥𑄪",
            "relative-type--1": "𑄉𑄬𑄣𑄴𑄣𑄳𑄠𑄇𑄬𑄣𑄳𑄠𑄬",
            "relative-type-0": "𑄃𑄬𑄌𑄴𑄥𑄳𑄠",
            "relative-type-1": "𑄃𑄬𑄎𑄬𑄖𑄴𑄖𑄳𑄠𑄇𑄬𑄣𑄳𑄠𑄬",
            "relative-type-2": "𑄃𑄬𑄎𑄬𑄖𑄴𑄖𑄳𑄠𑄬 𑄛𑄧𑄢𑄴𑄥𑄪",
            "relativeTime-type-future": {
              "relativeTimePattern-count-one": "{0} 𑄘𑄨𑄚𑄮 𑄟𑄧𑄖𑄴𑄙𑄳𑄠",
              "relativeTimePattern-count-other": "{0} 𑄘𑄨𑄚𑄮 𑄟𑄧𑄖𑄴𑄙𑄳𑄠"
            },
            "relativeTime-type-past": {
              "relativeTimePattern-count-one": "{0} 𑄘𑄨𑄚𑄴 𑄃𑄉𑄬",
              "relativeTimePattern-count-other": "{0} 𑄘𑄨𑄚𑄴 𑄃𑄉𑄬"
            }
          },
          "day-short": {
            "displayName": "𑄘𑄨𑄚𑄴",
            "relative-type--2": "𑄉𑄬𑄣𑄧𑄘𑄬 𑄛𑄧𑄢𑄴𑄥𑄪",
            "relative-type--1": "𑄉𑄬𑄣𑄴𑄣𑄳𑄠𑄇𑄬𑄣𑄴𑄣𑄳𑄠𑄬",
            "relative-type-0": "𑄃𑄬𑄌𑄴𑄥𑄳𑄠𑄬",
            "relative-type-1": "𑄃𑄬𑄎𑄬𑄖𑄴𑄖𑄳𑄠𑄇𑄬𑄣𑄴𑄣𑄳𑄠𑄬",
            "relative-type-2": "𑄃𑄬𑄎𑄬𑄖𑄴𑄖𑄳𑄠𑄇𑄬𑄣𑄴𑄣𑄳𑄠𑄬 𑄛𑄧𑄢𑄴𑄥𑄪",
            "relativeTime-type-future": {
              "relativeTimePattern-count-one": "{0} 𑄘𑄨𑄚𑄮 𑄟𑄧𑄖𑄴𑄙𑄳𑄠",
              "relativeTimePattern-count-other": "{0} 𑄘𑄨𑄚𑄮 𑄟𑄧𑄖𑄴𑄙𑄳𑄠"
            },
            "relativeTime-type-past": {
              "relativeTimePattern-count-one": "{0} 𑄘𑄨𑄚𑄴 𑄃𑄉𑄬",
              "relativeTimePattern-count-other": "{0} 𑄘𑄨𑄚𑄴 𑄃𑄉𑄬"
            }
          },
          "day-narrow": {
            "displayName": "𑄘𑄨𑄚𑄴",
            "relative-type--2": "𑄉𑄬𑄣𑄧𑄘𑄬 𑄛𑄧𑄢𑄴𑄥𑄪",
            "relative-type--1": "𑄉𑄬𑄣𑄴𑄣𑄳𑄠𑄇𑄬𑄣𑄴𑄣𑄳𑄠𑄬",
            "relative-type-0": "𑄃𑄬𑄌𑄴𑄥𑄳𑄠𑄬",
            "relative-type-1": "𑄃𑄬𑄎𑄬𑄖𑄴𑄖𑄳𑄠𑄇𑄬𑄣𑄴𑄣𑄳𑄠𑄬",
            "relative-type-2": "𑄃𑄬𑄎𑄬𑄖𑄴𑄖𑄳𑄠𑄇𑄬𑄣𑄴𑄣𑄳𑄠𑄬 𑄛𑄧𑄢𑄴𑄥𑄪",
            "relativeTime-type-future": {
              "relativeTimePattern-count-one": "{0} 𑄘𑄨𑄚𑄮 𑄟𑄧𑄖𑄴𑄙𑄳𑄠",
              "relativeTimePattern-count-other": "{0} 𑄘𑄨𑄚𑄮 𑄟𑄧𑄖𑄴𑄙𑄳𑄠"
            },
            "relativeTime-type-past": {
              "relativeTimePattern-count-one": "{0} 𑄘𑄨𑄚𑄴 𑄃𑄉𑄬",
              "relativeTimePattern-count-other": "{0} 𑄘𑄨𑄚𑄴 𑄃𑄉𑄬"
            }
          },
          "dayOfYear": {
            "displayName": "Day Of Year"
          },
          "dayOfYear-short": {
            "displayName": "Day Of Year"
          },
          "dayOfYear-narrow": {
            "displayName": "Day Of Year"
          },
          "weekday": {
            "displayName": "𑄥𑄛𑄴𑄖𑄢𑄴 𑄘𑄨𑄚𑄴"
          },
          "weekday-short": {
            "displayName": "𑄥𑄛𑄴𑄖𑄢𑄴 𑄘𑄨𑄚𑄴"
          },
          "weekday-narrow": {
            "displayName": "𑄥𑄛𑄴𑄖𑄢𑄴 𑄘𑄨𑄚𑄴"
          },
          "weekdayOfMonth": {
            "displayName": "Weekday Of Month"
          },
          "weekdayOfMonth-short": {
            "displayName": "Weekday Of Month"
          },
          "weekdayOfMonth-narrow": {
            "displayName": "Weekday Of Month"
          },
          "sun": {
            "relative-type--1": "𑄉𑄬𑄣𑄧𑄘𑄬 𑄢𑄧𑄝𑄨𑄝𑄢𑄴",
            "relative-type-0": "𑄃𑄳𑄆𑄬 𑄢𑄧𑄝𑄨𑄝𑄢𑄴",
            "relative-type-1": "𑄛𑄧𑄢𑄬 𑄢𑄧𑄝𑄨𑄝𑄢𑄴",
            "relativeTime-type-future": {
              "relativeTimePattern-count-one": "{0} 𑄢𑄧𑄝𑄨𑄝𑄢𑄧𑄖𑄴",
              "relativeTimePattern-count-other": "{0} 𑄢𑄧𑄝𑄨𑄝𑄢𑄧𑄖𑄴"
            },
            "relativeTime-type-past": {
              "relativeTimePattern-count-one": "{0} 𑄢𑄧𑄝𑄨𑄝𑄢𑄴 𑄃𑄉𑄬",
              "relativeTimePattern-count-other": "{0} 𑄢𑄧𑄝𑄨𑄝𑄢𑄴 𑄃𑄉𑄬"
            }
          },
          "sun-short": {
            "relative-type--1": "𑄉𑄬𑄣𑄧𑄘𑄬 𑄢𑄧𑄝𑄨𑄝𑄢𑄴",
            "relative-type-0": "𑄃𑄳𑄆𑄬 𑄢𑄧𑄝𑄨𑄝𑄢𑄴",
            "relative-type-1": "𑄛𑄧𑄢𑄬 𑄢𑄧𑄝𑄨𑄝𑄢𑄴",
            "relativeTime-type-future": {
              "relativeTimePattern-count-one": "{0} 𑄢𑄧𑄝𑄨𑄝𑄢𑄧𑄖𑄴",
              "relativeTimePattern-count-other": "{0} 𑄢𑄧𑄝𑄨𑄝𑄢𑄧𑄖𑄴"
            },
            "relativeTime-type-past": {
              "relativeTimePattern-count-one": "{0} 𑄢𑄧𑄝𑄨𑄝𑄢𑄴 𑄃𑄉𑄬",
              "relativeTimePattern-count-other": "{0} 𑄢𑄧𑄝𑄨𑄝𑄢𑄴 𑄃𑄉𑄬"
            }
          },
          "sun-narrow": {
            "relative-type--1": "𑄉𑄬𑄣𑄧𑄘𑄬 𑄢𑄧𑄝𑄨𑄝𑄢𑄴",
            "relative-type-0": "𑄃𑄳𑄆𑄬 𑄢𑄧𑄝𑄨𑄝𑄢𑄴",
            "relative-type-1": "𑄛𑄧𑄢𑄬 𑄢𑄧𑄝𑄨𑄝𑄢𑄴",
            "relativeTime-type-future": {
              "relativeTimePattern-count-one": "{0} 𑄢𑄧𑄝𑄨𑄝𑄢𑄧𑄖𑄴",
              "relativeTimePattern-count-other": "{0} 𑄢𑄧𑄝𑄨𑄝𑄢𑄧𑄖𑄴"
            },
            "relativeTime-type-past": {
              "relativeTimePattern-count-one": "{0} 𑄢𑄧𑄝𑄨𑄝𑄢𑄴 𑄃𑄉𑄬",
              "relativeTimePattern-count-other": "{0} 𑄢𑄧𑄝𑄨𑄝𑄢𑄴 𑄃𑄉𑄬"
            }
          },
          "mon": {
            "relative-type--1": "𑄉𑄬𑄣𑄧𑄘𑄬 𑄥𑄧𑄟𑄴𑄝𑄢𑄴",
            "relative-type-0": "𑄃𑄳𑄆𑄬 𑄥𑄧𑄟𑄴𑄝𑄢𑄴",
            "relative-type-1": "𑄛𑄧𑄢𑄬 𑄥𑄧𑄟𑄴𑄝𑄢𑄴",
            "relativeTime-type-future": {
              "relativeTimePattern-count-one": "{0} 𑄥𑄧𑄟𑄴𑄝𑄢𑄧𑄖𑄴",
              "relativeTimePattern-count-other": "{0} 𑄥𑄧𑄟𑄴𑄝𑄢𑄧𑄖𑄴"
            },
            "relativeTime-type-past": {
              "relativeTimePattern-count-one": "{0} 𑄥𑄧𑄟𑄴𑄝𑄢𑄧𑄖𑄴",
              "relativeTimePattern-count-other": "{0} 𑄥𑄧𑄟𑄴𑄝𑄢𑄴 𑄃𑄉𑄬"
            }
          },
          "mon-short": {
            "relative-type--1": "𑄉𑄬𑄣𑄧𑄘𑄬 𑄥𑄧𑄟𑄴𑄝𑄢𑄴",
            "relative-type-0": "𑄃𑄳𑄆𑄬 𑄥𑄧𑄟𑄴𑄝𑄢𑄴",
            "relative-type-1": "𑄛𑄧𑄢𑄬 𑄥𑄧𑄟𑄴𑄝𑄢𑄴",
            "relativeTime-type-future": {
              "relativeTimePattern-count-one": "{0} 𑄥𑄧𑄟𑄴𑄝𑄢𑄧𑄖𑄴",
              "relativeTimePattern-count-other": "{0} 𑄥𑄧𑄟𑄴𑄝𑄢𑄧𑄖𑄴"
            },
            "relativeTime-type-past": {
              "relativeTimePattern-count-one": "{0} 𑄥𑄧𑄟𑄴𑄝𑄢𑄴 𑄃𑄉𑄬",
              "relativeTimePattern-count-other": "{0} 𑄥𑄧𑄟𑄴𑄝𑄢𑄴 𑄃𑄉𑄬"
            }
          },
          "mon-narrow": {
            "relative-type--1": "𑄉𑄬𑄣𑄧𑄘𑄬 𑄥𑄧𑄟𑄴𑄝𑄢𑄴",
            "relative-type-0": "𑄃𑄳𑄆𑄬 𑄥𑄧𑄟𑄴𑄝𑄢𑄴",
            "relative-type-1": "𑄛𑄧𑄢𑄬 𑄥𑄧𑄟𑄴𑄝𑄢𑄴",
            "relativeTime-type-future": {
              "relativeTimePattern-count-one": "{0} 𑄥𑄧𑄟𑄴𑄝𑄢𑄧𑄖𑄴",
              "relativeTimePattern-count-other": "{0} 𑄥𑄧𑄟𑄴𑄝𑄢𑄧𑄖𑄴"
            },
            "relativeTime-type-past": {
              "relativeTimePattern-count-one": "{0} 𑄥𑄧𑄟𑄴𑄝𑄢𑄴 𑄃𑄉𑄬",
              "relativeTimePattern-count-other": "{0} 𑄥𑄧𑄟𑄴𑄝𑄢𑄴 𑄃𑄉𑄬"
            }
          },
          "tue": {
            "relative-type--1": "𑄉𑄬𑄣𑄧𑄘𑄬 𑄟𑄧𑄁𑄉𑄧𑄣𑄴𑄝𑄢𑄴",
            "relative-type-0": "𑄃𑄳𑄆𑄬 𑄟𑄧𑄁𑄉𑄧𑄣𑄴𑄝𑄢𑄴",
            "relative-type-1": "𑄛𑄧𑄢𑄬 𑄟𑄧𑄁𑄉𑄧𑄣𑄴𑄝𑄢𑄴",
            "relativeTime-type-future": {
              "relativeTimePattern-count-one": "{0} 𑄟𑄧𑄁𑄉𑄧𑄣𑄴𑄝𑄢𑄧𑄖𑄴",
              "relativeTimePattern-count-other": "{0} 𑄟𑄧𑄁𑄉𑄧𑄣𑄴𑄝𑄢𑄧𑄖𑄴"
            },
            "relativeTime-type-past": {
              "relativeTimePattern-count-one": "{0} 𑄟𑄧𑄁𑄉𑄧𑄣𑄴𑄝𑄢𑄴 𑄃𑄉𑄬",
              "relativeTimePattern-count-other": "{0} 𑄟𑄧𑄁𑄉𑄧𑄣𑄴𑄝𑄢𑄴 𑄃𑄉𑄬"
            }
          },
          "tue-short": {
            "relative-type--1": "𑄉𑄬𑄣𑄧𑄘𑄬 𑄟𑄧𑄁𑄉𑄧𑄣𑄴𑄝𑄢𑄴",
            "relative-type-0": "𑄃𑄳𑄆𑄬 𑄟𑄧𑄁𑄉𑄧𑄣𑄴𑄝𑄢𑄴",
            "relative-type-1": "𑄛𑄧𑄢𑄬 𑄟𑄧𑄁𑄉𑄧𑄣𑄴𑄝𑄢𑄴",
            "relativeTime-type-future": {
              "relativeTimePattern-count-one": "{0} 𑄟𑄧𑄁𑄉𑄧𑄣𑄴𑄝𑄢𑄧𑄖𑄴",
              "relativeTimePattern-count-other": "{0} 𑄟𑄧𑄁𑄉𑄧𑄣𑄴𑄝𑄢𑄧𑄖𑄴"
            },
            "relativeTime-type-past": {
              "relativeTimePattern-count-one": "{0} 𑄟𑄧𑄁𑄉𑄧𑄣𑄴𑄝𑄢𑄴 𑄃𑄉𑄬",
              "relativeTimePattern-count-other": "{0} 𑄟𑄧𑄁𑄉𑄧𑄣𑄴𑄝𑄢𑄴 𑄃𑄉𑄬"
            }
          },
          "tue-narrow": {
            "relative-type--1": "𑄉𑄬𑄣𑄧𑄘𑄬 𑄟𑄧𑄁𑄉𑄧𑄣𑄴𑄝𑄢𑄴",
            "relative-type-0": "𑄃𑄳𑄆𑄬 𑄟𑄧𑄁𑄉𑄧𑄣𑄴𑄝𑄢𑄴",
            "relative-type-1": "𑄛𑄧𑄢𑄬 𑄟𑄧𑄁𑄉𑄧𑄣𑄴𑄝𑄢𑄴",
            "relativeTime-type-future": {
              "relativeTimePattern-count-one": "{0} 𑄟𑄧𑄁𑄉𑄧𑄣𑄴𑄝𑄢𑄧𑄖𑄴",
              "relativeTimePattern-count-other": "{0} 𑄟𑄧𑄁𑄉𑄧𑄣𑄴𑄝𑄢𑄧𑄖𑄴"
            },
            "relativeTime-type-past": {
              "relativeTimePattern-count-one": "{0} 𑄟𑄧𑄁𑄉𑄧𑄣𑄴𑄝𑄢𑄴 𑄃𑄉𑄬",
              "relativeTimePattern-count-other": "{0} 𑄟𑄧𑄁𑄉𑄧𑄣𑄴𑄝𑄢𑄴 𑄃𑄉𑄬"
            }
          },
          "wed": {
            "relative-type--1": "𑄉𑄬𑄣𑄧𑄘𑄬 𑄝𑄪𑄖𑄴𑄝𑄢𑄴",
            "relative-type-0": "𑄃𑄳𑄆𑄬 𑄝𑄪𑄖𑄴𑄝𑄢𑄴",
            "relative-type-1": "𑄛𑄧𑄢𑄬 𑄝𑄪𑄖𑄴𑄝𑄢𑄴",
            "relativeTime-type-future": {
              "relativeTimePattern-count-one": "{0} 𑄝𑄪𑄖𑄴𑄝𑄢𑄧𑄖𑄴",
              "relativeTimePattern-count-other": "{0} 𑄝𑄪𑄖𑄴𑄝𑄢𑄧𑄖𑄴"
            },
            "relativeTime-type-past": {
              "relativeTimePattern-count-one": "{0} 𑄝𑄪𑄖𑄴𑄝𑄢𑄴 𑄃𑄉𑄬",
              "relativeTimePattern-count-other": "{0} 𑄝𑄪𑄖𑄴𑄝𑄢𑄴 𑄃𑄉𑄬"
            }
          },
          "wed-short": {
            "relative-type--1": "𑄉𑄬𑄣𑄧𑄘𑄬 𑄝𑄪𑄖𑄴𑄝𑄢𑄴",
            "relative-type-0": "𑄃𑄳𑄆𑄬 𑄝𑄪𑄖𑄴𑄝𑄢𑄴",
            "relative-type-1": "𑄛𑄧𑄢𑄬 𑄝𑄪𑄖𑄴𑄝𑄢𑄴",
            "relativeTime-type-future": {
              "relativeTimePattern-count-one": "{0} 𑄝𑄪𑄖𑄴𑄝𑄢𑄧𑄖𑄴",
              "relativeTimePattern-count-other": "{0} 𑄝𑄪𑄖𑄴𑄝𑄢𑄧𑄖𑄴"
            },
            "relativeTime-type-past": {
              "relativeTimePattern-count-one": "{0} 𑄝𑄪𑄖𑄴𑄝𑄢𑄴 𑄃𑄉𑄬",
              "relativeTimePattern-count-other": "{0} 𑄝𑄪𑄖𑄴𑄝𑄢𑄴 𑄃𑄉𑄬"
            }
          },
          "wed-narrow": {
            "relative-type--1": "𑄉𑄬𑄣𑄧𑄘𑄬 𑄝𑄪𑄖𑄴𑄝𑄢𑄴",
            "relative-type-0": "𑄃𑄳𑄆𑄬 𑄝𑄪𑄖𑄴𑄝𑄢𑄴",
            "relative-type-1": "𑄛𑄧𑄢𑄬 𑄝𑄪𑄖𑄴𑄝𑄢𑄴",
            "relativeTime-type-future": {
              "relativeTimePattern-count-one": "{0} 𑄝𑄪𑄖𑄴𑄝𑄢𑄧𑄖𑄴",
              "relativeTimePattern-count-other": "{0} 𑄝𑄪𑄖𑄴𑄝𑄢𑄧𑄖𑄴"
            },
            "relativeTime-type-past": {
              "relativeTimePattern-count-one": "{0} 𑄝𑄪𑄖𑄴𑄝𑄢𑄴 𑄃𑄉𑄬",
              "relativeTimePattern-count-other": "{0} 𑄝𑄪𑄖𑄴𑄝𑄢𑄴 𑄃𑄉𑄬"
            }
          },
          "thu": {
            "relative-type--1": "𑄉𑄬𑄣𑄧𑄘𑄬 𑄝𑄨𑄥𑄪𑄖𑄴𑄝𑄢𑄴",
            "relative-type-0": "𑄃𑄳𑄆𑄬 𑄝𑄨𑄥𑄪𑄖𑄴𑄝𑄢𑄴",
            "relative-type-1": "𑄛𑄧𑄢𑄬 𑄝𑄨𑄥𑄪𑄖𑄴𑄝𑄢𑄴",
            "relativeTime-type-future": {
              "relativeTimePattern-count-one": "{0} 𑄝𑄨𑄥𑄪𑄖𑄴𑄝𑄢𑄬",
              "relativeTimePattern-count-other": "{0} 𑄝𑄨𑄥𑄪𑄖𑄴𑄝𑄢𑄬"
            },
            "relativeTime-type-past": {
              "relativeTimePattern-count-one": "{0} 𑄝𑄨𑄥𑄪𑄖𑄴𑄝𑄢𑄴 𑄃𑄉𑄬",
              "relativeTimePattern-count-other": "{0} 𑄝𑄨𑄥𑄪𑄖𑄴𑄝𑄢𑄴 𑄃𑄉𑄬"
            }
          },
          "thu-short": {
            "relative-type--1": "𑄉𑄬𑄣𑄧𑄘𑄬 𑄝𑄨𑄥𑄪𑄖𑄴𑄝𑄢𑄴",
            "relative-type-0": "𑄃𑄳𑄆𑄬 𑄝𑄨𑄥𑄪𑄖𑄴𑄝𑄢𑄴",
            "relative-type-1": "𑄛𑄧𑄢𑄬 𑄝𑄨𑄥𑄪𑄖𑄴𑄝𑄢𑄴",
            "relativeTime-type-future": {
              "relativeTimePattern-count-one": "{0} 𑄝𑄨𑄥𑄪𑄖𑄴𑄝𑄢𑄬",
              "relativeTimePattern-count-other": "{0} 𑄝𑄨𑄥𑄪𑄖𑄴𑄝𑄢𑄬"
            },
            "relativeTime-type-past": {
              "relativeTimePattern-count-one": "{0} 𑄝𑄨𑄥𑄪𑄖𑄴𑄝𑄢𑄴 𑄃𑄉𑄬",
              "relativeTimePattern-count-other": "{0} 𑄝𑄨𑄥𑄪𑄖𑄴𑄝𑄢𑄴 𑄃𑄉𑄬"
            }
          },
          "thu-narrow": {
            "relative-type--1": "𑄉𑄬𑄣𑄧𑄘𑄬 𑄝𑄨𑄥𑄪𑄖𑄴𑄝𑄢𑄴",
            "relative-type-0": "𑄃𑄳𑄆𑄬 𑄝𑄨𑄥𑄪𑄖𑄴𑄝𑄢𑄴",
            "relative-type-1": "𑄛𑄧𑄢𑄬 𑄝𑄨𑄥𑄪𑄖𑄴𑄝𑄢𑄴",
            "relativeTime-type-future": {
              "relativeTimePattern-count-one": "{0} 𑄝𑄨𑄥𑄪𑄖𑄴𑄝𑄢𑄬",
              "relativeTimePattern-count-other": "{0} 𑄝𑄨𑄥𑄪𑄖𑄴𑄝𑄢𑄬"
            },
            "relativeTime-type-past": {
              "relativeTimePattern-count-one": "{0} 𑄝𑄨𑄥𑄪𑄖𑄴𑄝𑄧𑄢𑄴 𑄃𑄉𑄬",
              "relativeTimePattern-count-other": "{0} 𑄝𑄨𑄥𑄪𑄖𑄴𑄝𑄢𑄴 𑄃𑄉𑄬"
            }
          },
          "fri": {
            "relative-type--1": "𑄉𑄬𑄣𑄧𑄘𑄬 𑄥𑄪𑄇𑄴𑄇𑄮𑄢𑄴𑄝𑄢𑄴",
            "relative-type-0": "𑄃𑄳𑄆𑄬 𑄥𑄪𑄇𑄴𑄇𑄮𑄢𑄴𑄝𑄢𑄴",
            "relative-type-1": "𑄛𑄧𑄢𑄬 𑄥𑄪𑄇𑄴𑄇𑄮𑄢𑄴𑄝𑄢𑄴",
            "relativeTime-type-future": {
              "relativeTimePattern-count-one": "{0} 𑄥𑄪𑄇𑄴𑄇𑄮𑄢𑄴𑄝𑄢𑄬",
              "relativeTimePattern-count-other": "{0} 𑄥𑄪𑄇𑄴𑄇𑄮𑄢𑄴𑄝𑄢𑄬"
            },
            "relativeTime-type-past": {
              "relativeTimePattern-count-one": "{0} 𑄥𑄪𑄇𑄴𑄇𑄮𑄢𑄴𑄝𑄢𑄴 𑄃𑄉𑄬",
              "relativeTimePattern-count-other": "{0} 𑄥𑄪𑄇𑄴𑄇𑄮𑄢𑄴𑄝𑄢𑄴 𑄃𑄉𑄬"
            }
          },
          "fri-short": {
            "relative-type--1": "𑄉𑄬𑄣𑄧𑄘𑄬 𑄥𑄪𑄇𑄴𑄇𑄮𑄢𑄴𑄝𑄢𑄴",
            "relative-type-0": "𑄃𑄳𑄆𑄬 𑄥𑄪𑄇𑄴𑄇𑄮𑄢𑄴𑄝𑄢𑄴",
            "relative-type-1": "𑄛𑄧𑄢𑄬 𑄥𑄪𑄇𑄴𑄇𑄮𑄢𑄴𑄝𑄢𑄴",
            "relativeTime-type-future": {
              "relativeTimePattern-count-one": "{0} 𑄥𑄪𑄇𑄴𑄇𑄮𑄢𑄴𑄝𑄢𑄬",
              "relativeTimePattern-count-other": "{0} 𑄥𑄪𑄇𑄴𑄇𑄮𑄢𑄴𑄝𑄢𑄧𑄖𑄴"
            },
            "relativeTime-type-past": {
              "relativeTimePattern-count-one": "{0} 𑄥𑄪𑄇𑄴𑄇𑄮𑄢𑄴𑄝𑄢𑄴 𑄃𑄉𑄬",
              "relativeTimePattern-count-other": "{0} 𑄥𑄪𑄇𑄴𑄇𑄮𑄢𑄴𑄝𑄢𑄴 𑄃𑄉𑄬"
            }
          },
          "fri-narrow": {
            "relative-type--1": "𑄉𑄬𑄣𑄧𑄘𑄬 𑄥𑄪𑄇𑄴𑄇𑄮𑄢𑄴𑄝𑄢𑄴",
            "relative-type-0": "𑄃𑄳𑄆𑄬 𑄥𑄪𑄇𑄴𑄇𑄮𑄢𑄴𑄝𑄢𑄴",
            "relative-type-1": "𑄛𑄧𑄢𑄬 𑄥𑄪𑄇𑄴𑄇𑄮𑄢𑄴𑄝𑄢𑄴",
            "relativeTime-type-future": {
              "relativeTimePattern-count-one": "{0} 𑄥𑄪𑄇𑄴𑄇𑄮𑄢𑄴𑄝𑄢𑄧𑄖𑄴",
              "relativeTimePattern-count-other": "{0} 𑄥𑄪𑄇𑄴𑄇𑄮𑄢𑄴𑄝𑄢𑄧𑄖𑄴"
            },
            "relativeTime-type-past": {
              "relativeTimePattern-count-one": "{0} 𑄥𑄪𑄇𑄴𑄇𑄮𑄢𑄴𑄝𑄢𑄴 𑄃𑄉𑄬",
              "relativeTimePattern-count-other": "{0} 𑄥𑄪𑄇𑄴𑄇𑄮𑄢𑄴𑄝𑄢𑄴 𑄃𑄉𑄬"
            }
          },
          "sat": {
            "relative-type--1": "𑄉𑄬𑄣𑄧𑄘𑄬 𑄥𑄮𑄚𑄨𑄝𑄢𑄴",
            "relative-type-0": "𑄃𑄳𑄆𑄬 𑄥𑄮𑄚𑄨𑄝𑄢𑄴",
            "relative-type-1": "𑄛𑄧𑄢𑄬 𑄥𑄮𑄚𑄨𑄝𑄢𑄴",
            "relativeTime-type-future": {
              "relativeTimePattern-count-one": "{0} 𑄥𑄮𑄚𑄨𑄝𑄢𑄬",
              "relativeTimePattern-count-other": "{0} 𑄥𑄮𑄚𑄨𑄝𑄢𑄬"
            },
            "relativeTime-type-past": {
              "relativeTimePattern-count-one": "{0} 𑄥𑄮𑄚𑄨𑄝𑄢𑄴 𑄃𑄉𑄬",
              "relativeTimePattern-count-other": "{0} 𑄥𑄮𑄚𑄨𑄝𑄢𑄴 𑄃𑄉𑄬"
            }
          },
          "sat-short": {
            "relative-type--1": "𑄉𑄬𑄣𑄧𑄘𑄬 𑄥𑄮𑄚𑄨𑄝𑄢𑄴",
            "relative-type-0": "𑄃𑄳𑄆𑄬 𑄥𑄮𑄚𑄨𑄝𑄢𑄴",
            "relative-type-1": "𑄛𑄧𑄢𑄬 𑄥𑄮𑄚𑄨𑄝𑄢𑄴",
            "relativeTime-type-future": {
              "relativeTimePattern-count-one": "{0} 𑄥𑄮𑄚𑄨𑄝𑄢𑄧𑄖𑄴",
              "relativeTimePattern-count-other": "{0} 𑄥𑄮𑄚𑄨𑄝𑄢𑄧𑄖𑄴"
            },
            "relativeTime-type-past": {
              "relativeTimePattern-count-one": "{0} 𑄥𑄮𑄚𑄨𑄝𑄢𑄴 𑄃𑄉𑄬",
              "relativeTimePattern-count-other": "{0} 𑄥𑄮𑄚𑄨𑄝𑄢𑄴 𑄃𑄉𑄬"
            }
          },
          "sat-narrow": {
            "relative-type--1": "𑄉𑄬𑄣𑄧𑄘𑄬 𑄥𑄮𑄚𑄨𑄝𑄢𑄴",
            "relative-type-0": "𑄃𑄳𑄆𑄬 𑄥𑄮𑄚𑄨𑄝𑄢𑄴",
            "relative-type-1": "𑄛𑄧𑄢𑄬 𑄥𑄮𑄚𑄨𑄝𑄢𑄴",
            "relativeTime-type-future": {
              "relativeTimePattern-count-one": "{0} 𑄥𑄮𑄚𑄨𑄝𑄢𑄧𑄖𑄴",
              "relativeTimePattern-count-other": "{0} 𑄥𑄮𑄚𑄨𑄝𑄢𑄧𑄖𑄴"
            },
            "relativeTime-type-past": {
              "relativeTimePattern-count-one": "{0} 𑄥𑄮𑄚𑄨𑄝𑄢𑄴 𑄃𑄉𑄬",
              "relativeTimePattern-count-other": "{0} 𑄥𑄮𑄚𑄨𑄝𑄢𑄴 𑄃𑄉𑄬"
            }
          },
          "dayperiod-short": {
            "displayName": "AM/PM"
          },
          "dayperiod": {
            "displayName": "AM/PM"
          },
          "dayperiod-narrow": {
            "displayName": "AM/PM"
          },
          "hour": {
            "displayName": "𑄊𑄮𑄚𑄴𑄓",
            "relative-type-0": "𑄃𑄳𑄆𑄬 𑄊𑄮𑄚𑄴𑄓𑄠𑄴",
            "relativeTime-type-future": {
              "relativeTimePattern-count-one": "{0} 𑄊𑄮𑄚𑄴𑄓𑄠𑄴",
              "relativeTimePattern-count-other": "{0} 𑄊𑄮𑄚𑄴𑄓𑄠𑄴"
            },
            "relativeTime-type-past": {
              "relativeTimePattern-count-one": "{0} 𑄊𑄮𑄚𑄴𑄓 𑄃𑄉𑄬",
              "relativeTimePattern-count-other": "{0} 𑄊𑄮𑄚𑄴𑄓 𑄃𑄉𑄬"
            }
          },
          "hour-short": {
            "displayName": "𑄊𑄮𑄚𑄴𑄓",
            "relative-type-0": "𑄃𑄳𑄆𑄬 𑄊𑄮𑄚𑄴𑄓𑄠𑄴",
            "relativeTime-type-future": {
              "relativeTimePattern-count-one": "{0} 𑄊𑄮𑄚𑄴𑄓𑄠𑄴",
              "relativeTimePattern-count-other": "{0} 𑄊𑄮𑄚𑄴𑄓𑄠𑄴"
            },
            "relativeTime-type-past": {
              "relativeTimePattern-count-one": "{0} 𑄊𑄮𑄚𑄴𑄓 𑄃𑄉𑄬",
              "relativeTimePattern-count-other": "{0} 𑄊𑄮𑄚𑄴𑄓 𑄃𑄉𑄬"
            }
          },
          "hour-narrow": {
            "displayName": "𑄊𑄮𑄚𑄴𑄓",
            "relative-type-0": "𑄃𑄳𑄆𑄬 𑄊𑄮𑄚𑄴𑄓𑄠𑄴",
            "relativeTime-type-future": {
              "relativeTimePattern-count-one": "{0} 𑄊𑄮𑄚𑄴𑄓𑄠𑄴",
              "relativeTimePattern-count-other": "{0} 𑄊𑄮𑄚𑄴𑄓𑄠𑄴"
            },
            "relativeTime-type-past": {
              "relativeTimePattern-count-one": "{0} 𑄊𑄮𑄚𑄴𑄓 𑄃𑄉𑄬",
              "relativeTimePattern-count-other": "{0} 𑄊𑄮𑄚𑄴𑄓 𑄃𑄉𑄬"
            }
          },
          "minute": {
            "displayName": "𑄟𑄨𑄚𑄨𑄖𑄴",
            "relative-type-0": "𑄃𑄳𑄆𑄬 𑄟𑄨𑄚𑄨𑄖𑄴",
            "relativeTime-type-future": {
              "relativeTimePattern-count-one": "{0} 𑄟𑄨𑄚𑄨𑄘𑄬",
              "relativeTimePattern-count-other": "{0} 𑄟𑄨𑄚𑄨𑄘𑄬"
            },
            "relativeTime-type-past": {
              "relativeTimePattern-count-one": "{0} 𑄟𑄨𑄚𑄨𑄖𑄴 𑄃𑄉𑄬",
              "relativeTimePattern-count-other": "{0} 𑄟𑄨𑄚𑄨𑄖𑄴 𑄃𑄉𑄬"
            }
          },
          "minute-short": {
            "displayName": "𑄟𑄨𑄚𑄨𑄖𑄴",
            "relative-type-0": "𑄃𑄳𑄆𑄬 𑄟𑄨𑄚𑄨𑄖𑄴",
            "relativeTime-type-future": {
              "relativeTimePattern-count-one": "{0} 𑄟𑄨𑄚𑄨𑄘𑄬",
              "relativeTimePattern-count-other": "{0} 𑄟𑄨𑄚𑄨𑄘𑄬"
            },
            "relativeTime-type-past": {
              "relativeTimePattern-count-one": "{0} 𑄟𑄨𑄚𑄨𑄖𑄴 𑄃𑄉𑄬",
              "relativeTimePattern-count-other": "{0} 𑄟𑄨𑄚𑄨𑄖𑄴 𑄃𑄉𑄬"
            }
          },
          "minute-narrow": {
            "displayName": "𑄟𑄨𑄚𑄨𑄖𑄴",
            "relative-type-0": "𑄃𑄳𑄆𑄬 𑄟𑄨𑄚𑄨𑄖𑄴",
            "relativeTime-type-future": {
              "relativeTimePattern-count-one": "{0} 𑄟𑄨𑄚𑄨𑄘𑄬",
              "relativeTimePattern-count-other": "{0} 𑄟𑄨𑄚𑄨𑄘𑄬"
            },
            "relativeTime-type-past": {
              "relativeTimePattern-count-one": "{0} 𑄟𑄨𑄚𑄨𑄖𑄴 𑄃𑄉𑄬",
              "relativeTimePattern-count-other": "{0} 𑄟𑄨𑄚𑄨𑄖𑄴 𑄃𑄉𑄬"
            }
          },
          "second": {
            "displayName": "𑄥𑄬𑄉𑄬𑄚𑄴",
            "relative-type-0": "𑄃𑄨𑄇𑄴𑄅𑄚𑄪",
            "relativeTime-type-future": {
              "relativeTimePattern-count-one": "{0} 𑄥𑄬𑄉𑄬𑄚𑄴𑄘𑄬",
              "relativeTimePattern-count-other": "{0} 𑄥𑄬𑄉𑄬𑄚𑄴𑄘𑄬"
            },
            "relativeTime-type-past": {
              "relativeTimePattern-count-one": "{0} 𑄥𑄬𑄉𑄬𑄚𑄴 𑄃𑄉𑄬",
              "relativeTimePattern-count-other": "{0} 𑄥𑄬𑄉𑄬𑄚𑄴 𑄃𑄉𑄬"
            }
          },
          "second-short": {
            "displayName": "𑄥𑄬𑄉𑄬𑄚𑄴",
            "relative-type-0": "𑄃𑄨𑄇𑄴𑄅𑄚𑄪",
            "relativeTime-type-future": {
              "relativeTimePattern-count-one": "{0} 𑄥𑄬𑄉𑄬𑄚𑄴𑄘𑄬",
              "relativeTimePattern-count-other": "{0} 𑄥𑄬𑄉𑄬𑄚𑄴𑄘𑄬"
            },
            "relativeTime-type-past": {
              "relativeTimePattern-count-one": "{0} 𑄥𑄬𑄉𑄬𑄚𑄴 𑄃𑄉𑄬",
              "relativeTimePattern-count-other": "{0} 𑄥𑄬𑄉𑄬𑄚𑄴 𑄃𑄉𑄬"
            }
          },
          "second-narrow": {
            "displayName": "𑄥𑄬𑄉𑄬𑄚𑄴",
            "relative-type-0": "𑄃𑄨𑄇𑄴𑄅𑄚𑄪",
            "relativeTime-type-future": {
              "relativeTimePattern-count-one": "{0} 𑄥𑄬𑄉𑄬𑄚𑄴",
              "relativeTimePattern-count-other": "{0} 𑄥𑄬𑄉𑄬𑄚𑄴𑄘𑄬"
            },
            "relativeTime-type-past": {
              "relativeTimePattern-count-one": "{0} 𑄥𑄬𑄉𑄬𑄚𑄴 𑄃𑄉𑄬",
              "relativeTimePattern-count-other": "{0} 𑄥𑄬𑄉𑄬𑄚𑄴 𑄃𑄉𑄬"
            }
          },
          "zone": {
            "displayName": "𑄃𑄧𑄇𑄴𑄖𑄧𑄢𑄴 𑄎𑄉"
          },
          "zone-short": {
            "displayName": "𑄃𑄧𑄇𑄴𑄖𑄧𑄢𑄴 𑄎𑄉"
          },
          "zone-narrow": {
            "displayName": "𑄃𑄧𑄇𑄴𑄖𑄧𑄢𑄴 𑄎𑄉"
          }
        }
      }
    }
  }
}
