{
  "main": {
    "ca-ES-VALENCIA": {
      "identity": {
        "version": {
          "_number": "$Revision: 13133 $",
          "_cldrVersion": "32"
        },
        "language": "ca",
        "territory": "ES",
        "variant": "VALENCIA"
      },
      "dates": {
        "timeZoneNames": {
          "hourFormat": "+HH:mm;-HH:mm",
          "gmtFormat": "GMT{0}",
          "gmtZeroFormat": "GMT",
          "regionFormat": "Hora de: {0}",
          "regionFormat-type-daylight": "Horari d’estiu, {0}",
          "regionFormat-type-standard": "Hora estàndard, {0}",
          "fallbackFormat": "{1} ({0})",
          "zone": {
            "America": {
              "Adak": {
                "exemplarCity": "Adak"
              },
              "Anchorage": {
                "exemplarCity": "Anchorage"
              },
              "Anguilla": {
                "exemplarCity": "Anguilla"
              },
              "Antigua": {
                "exemplarCity": "Antigua"
              },
              "Araguaina": {
                "exemplarCity": "Araguaína"
              },
              "Argentina": {
                "Rio_Gallegos": {
                  "exemplarCity": "Río Gallegos"
                },
                "San_Juan": {
                  "exemplarCity": "San Juan"
                },
                "Ushuaia": {
                  "exemplarCity": "Ushuaia"
                },
                "La_Rioja": {
                  "exemplarCity": "La Rioja"
                },
                "San_Luis": {
                  "exemplarCity": "San Luis"
                },
                "Salta": {
                  "exemplarCity": "Salta"
                },
                "Tucuman": {
                  "exemplarCity": "Tucumán"
                }
              },
              "Aruba": {
                "exemplarCity": "Aruba"
              },
              "Asuncion": {
                "exemplarCity": "Asunción"
              },
              "Bahia": {
                "exemplarCity": "Bahia"
              },
              "Bahia_Banderas": {
                "exemplarCity": "Bahía de Banderas"
              },
              "Barbados": {
                "exemplarCity": "Barbados"
              },
              "Belem": {
                "exemplarCity": "Belém"
              },
              "Belize": {
                "exemplarCity": "Belize"
              },
              "Blanc-Sablon": {
                "exemplarCity": "Blanc Sablon"
              },
              "Boa_Vista": {
                "exemplarCity": "Boa Vista"
              },
              "Bogota": {
                "exemplarCity": "Bogotà"
              },
              "Boise": {
                "exemplarCity": "Boise"
              },
              "Buenos_Aires": {
                "exemplarCity": "Buenos Aires"
              },
              "Cambridge_Bay": {
                "exemplarCity": "Cambridge Bay"
              },
              "Campo_Grande": {
                "exemplarCity": "Campo Grande"
              },
              "Cancun": {
                "exemplarCity": "Cancun"
              },
              "Caracas": {
                "exemplarCity": "Caracas"
              },
              "Catamarca": {
                "exemplarCity": "Catamarca"
              },
              "Cayenne": {
                "exemplarCity": "Caiena"
              },
              "Cayman": {
                "exemplarCity": "Caiman"
              },
              "Chicago": {
                "exemplarCity": "Chicago"
              },
              "Chihuahua": {
                "exemplarCity": "Chihuahua"
              },
              "Coral_Harbour": {
                "exemplarCity": "Atikokan"
              },
              "Cordoba": {
                "exemplarCity": "Córdoba"
              },
              "Costa_Rica": {
                "exemplarCity": "Costa Rica"
              },
              "Creston": {
                "exemplarCity": "Creston"
              },
              "Cuiaba": {
                "exemplarCity": "Cuiabá"
              },
              "Curacao": {
                "exemplarCity": "Curaçao"
              },
              "Danmarkshavn": {
                "exemplarCity": "Danmarkshavn"
              },
              "Dawson": {
                "exemplarCity": "Dawson"
              },
              "Dawson_Creek": {
                "exemplarCity": "Dawson Creek"
              },
              "Denver": {
                "exemplarCity": "Denver"
              },
              "Detroit": {
                "exemplarCity": "Detroit"
              },
              "Dominica": {
                "exemplarCity": "Dominica"
              },
              "Edmonton": {
                "exemplarCity": "Edmonton"
              },
              "Eirunepe": {
                "exemplarCity": "Eirunepé"
              },
              "El_Salvador": {
                "exemplarCity": "El Salvador"
              },
              "Fort_Nelson": {
                "exemplarCity": "Fort Nelson"
              },
              "Fortaleza": {
                "exemplarCity": "Fortaleza"
              },
              "Glace_Bay": {
                "exemplarCity": "Glace Bay"
              },
              "Godthab": {
                "exemplarCity": "Nuuk"
              },
              "Goose_Bay": {
                "exemplarCity": "Goose Bay"
              },
              "Grand_Turk": {
                "exemplarCity": "Grand Turk"
              },
              "Grenada": {
                "exemplarCity": "Grenada"
              },
              "Guadeloupe": {
                "exemplarCity": "Guadeloupe"
              },
              "Guatemala": {
                "exemplarCity": "Guatemala"
              },
              "Guayaquil": {
                "exemplarCity": "Guayaquil"
              },
              "Guyana": {
                "exemplarCity": "Guyana"
              },
              "Halifax": {
                "exemplarCity": "Halifax"
              },
              "Havana": {
                "exemplarCity": "Havana"
              },
              "Hermosillo": {
                "exemplarCity": "Hermosillo"
              },
              "Indiana": {
                "Vincennes": {
                  "exemplarCity": "Vincennes, Indiana"
                },
                "Petersburg": {
                  "exemplarCity": "Petersburg, Indiana"
                },
                "Tell_City": {
                  "exemplarCity": "Tell City, Indiana"
                },
                "Knox": {
                  "exemplarCity": "Knox, Indiana"
                },
                "Winamac": {
                  "exemplarCity": "Winamac, Indiana"
                },
                "Marengo": {
                  "exemplarCity": "Marengo, Indiana"
                },
                "Vevay": {
                  "exemplarCity": "Vevay, Indiana"
                }
              },
              "Indianapolis": {
                "exemplarCity": "Indianapolis"
              },
              "Inuvik": {
                "exemplarCity": "Inuvik"
              },
              "Iqaluit": {
                "exemplarCity": "Iqaluit"
              },
              "Jamaica": {
                "exemplarCity": "Jamaica"
              },
              "Jujuy": {
                "exemplarCity": "Jujuy"
              },
              "Juneau": {
                "exemplarCity": "Juneau"
              },
              "Kentucky": {
                "Monticello": {
                  "exemplarCity": "Monticello, Kentucky"
                }
              },
              "Kralendijk": {
                "exemplarCity": "Kralendijk"
              },
              "La_Paz": {
                "exemplarCity": "La Paz"
              },
              "Lima": {
                "exemplarCity": "Lima"
              },
              "Los_Angeles": {
                "exemplarCity": "Los Angeles"
              },
              "Louisville": {
                "exemplarCity": "Louisville"
              },
              "Lower_Princes": {
                "exemplarCity": "Lower Prince’s Quarter"
              },
              "Maceio": {
                "exemplarCity": "Maceió"
              },
              "Managua": {
                "exemplarCity": "Managua"
              },
              "Manaus": {
                "exemplarCity": "Manaus"
              },
              "Marigot": {
                "exemplarCity": "Marigot"
              },
              "Martinique": {
                "exemplarCity": "Martinica"
              },
              "Matamoros": {
                "exemplarCity": "Matamoros"
              },
              "Mazatlan": {
                "exemplarCity": "Mazatlán"
              },
              "Mendoza": {
                "exemplarCity": "Mendoza"
              },
              "Menominee": {
                "exemplarCity": "Menominee"
              },
              "Merida": {
                "exemplarCity": "Mérida"
              },
              "Metlakatla": {
                "exemplarCity": "Metlakatla"
              },
              "Mexico_City": {
                "exemplarCity": "Ciutat de Mèxic"
              },
              "Miquelon": {
                "exemplarCity": "Miquelon"
              },
              "Moncton": {
                "exemplarCity": "Moncton"
              },
              "Monterrey": {
                "exemplarCity": "Monterrey"
              },
              "Montevideo": {
                "exemplarCity": "Montevideo"
              },
              "Montserrat": {
                "exemplarCity": "Montserrat"
              },
              "Nassau": {
                "exemplarCity": "Nassau"
              },
              "New_York": {
                "exemplarCity": "Nova York"
              },
              "Nipigon": {
                "exemplarCity": "Nipigon"
              },
              "Nome": {
                "exemplarCity": "Nome"
              },
              "Noronha": {
                "exemplarCity": "Noronha"
              },
              "North_Dakota": {
                "Beulah": {
                  "exemplarCity": "Beulah, Dakota del Nord"
                },
                "New_Salem": {
                  "exemplarCity": "New Salem, Dakota del Nord"
                },
                "Center": {
                  "exemplarCity": "Center, Dakota del Nord"
                }
              },
              "Ojinaga": {
                "exemplarCity": "Ojinaga"
              },
              "Panama": {
                "exemplarCity": "Panamà"
              },
              "Pangnirtung": {
                "exemplarCity": "Pangnirtung"
              },
              "Paramaribo": {
                "exemplarCity": "Paramaribo"
              },
              "Phoenix": {
                "exemplarCity": "Phoenix"
              },
              "Port-au-Prince": {
                "exemplarCity": "Port-au-Prince"
              },
              "Port_of_Spain": {
                "exemplarCity": "Port of Spain"
              },
              "Porto_Velho": {
                "exemplarCity": "Porto Velho"
              },
              "Puerto_Rico": {
                "exemplarCity": "Puerto Rico"
              },
              "Punta_Arenas": {
                "exemplarCity": "Punta Arenas"
              },
              "Rainy_River": {
                "exemplarCity": "Rainy River"
              },
              "Rankin_Inlet": {
                "exemplarCity": "Rankin Inlet"
              },
              "Recife": {
                "exemplarCity": "Recife"
              },
              "Regina": {
                "exemplarCity": "Regina"
              },
              "Resolute": {
                "exemplarCity": "Resolute"
              },
              "Rio_Branco": {
                "exemplarCity": "Río Branco"
              },
              "Santa_Isabel": {
                "exemplarCity": "Santa Isabel"
              },
              "Santarem": {
                "exemplarCity": "Santarém"
              },
              "Santiago": {
                "exemplarCity": "Santiago"
              },
              "Santo_Domingo": {
                "exemplarCity": "Santo Domingo"
              },
              "Sao_Paulo": {
                "exemplarCity": "São Paulo"
              },
              "Scoresbysund": {
                "exemplarCity": "Scoresbysund"
              },
              "Sitka": {
                "exemplarCity": "Sitka"
              },
              "St_Barthelemy": {
                "exemplarCity": "Saint Barthélemy"
              },
              "St_Johns": {
                "exemplarCity": "Saint John’s"
              },
              "St_Kitts": {
                "exemplarCity": "Saint Kitts"
              },
              "St_Lucia": {
                "exemplarCity": "Saint Lucia"
              },
              "St_Thomas": {
                "exemplarCity": "Saint Thomas"
              },
              "St_Vincent": {
                "exemplarCity": "Saint Vincent"
              },
              "Swift_Current": {
                "exemplarCity": "Swift Current"
              },
              "Tegucigalpa": {
                "exemplarCity": "Tegucigalpa"
              },
              "Thule": {
                "exemplarCity": "Thule"
              },
              "Thunder_Bay": {
                "exemplarCity": "Thunder Bay"
              },
              "Tijuana": {
                "exemplarCity": "Tijuana"
              },
              "Toronto": {
                "exemplarCity": "Toronto"
              },
              "Tortola": {
                "exemplarCity": "Tortola"
              },
              "Vancouver": {
                "exemplarCity": "Vancouver"
              },
              "Whitehorse": {
                "exemplarCity": "Whitehorse"
              },
              "Winnipeg": {
                "exemplarCity": "Winnipeg"
              },
              "Yakutat": {
                "exemplarCity": "Yakutat"
              },
              "Yellowknife": {
                "exemplarCity": "Yellowknife"
              }
            },
            "Atlantic": {
              "Azores": {
                "exemplarCity": "Açores"
              },
              "Bermuda": {
                "exemplarCity": "Bermudes"
              },
              "Canary": {
                "exemplarCity": "Illes Canàries"
              },
              "Cape_Verde": {
                "exemplarCity": "Cap Verd"
              },
              "Faeroe": {
                "exemplarCity": "Illes Fèroe"
              },
              "Madeira": {
                "exemplarCity": "Madeira"
              },
              "Reykjavik": {
                "exemplarCity": "Reykjavik"
              },
              "South_Georgia": {
                "exemplarCity": "Geòrgia del Sud"
              },
              "St_Helena": {
                "exemplarCity": "Saint Helena"
              },
              "Stanley": {
                "exemplarCity": "Stanley"
              }
            },
            "Europe": {
              "Amsterdam": {
                "exemplarCity": "Amsterdam"
              },
              "Andorra": {
                "exemplarCity": "Andorra"
              },
              "Astrakhan": {
                "exemplarCity": "Astrakhan"
              },
              "Athens": {
                "exemplarCity": "Atenes"
              },
              "Belgrade": {
                "exemplarCity": "Belgrad"
              },
              "Berlin": {
                "exemplarCity": "Berlín"
              },
              "Bratislava": {
                "exemplarCity": "Bratislava"
              },
              "Brussels": {
                "exemplarCity": "Brussel·les"
              },
              "Bucharest": {
                "exemplarCity": "Bucarest"
              },
              "Budapest": {
                "exemplarCity": "Budapest"
              },
              "Busingen": {
                "exemplarCity": "Busingen"
              },
              "Chisinau": {
                "exemplarCity": "Chisinau"
              },
              "Copenhagen": {
                "exemplarCity": "Copenhagen"
              },
              "Dublin": {
                "long": {
                  "daylight": "Hora estàndard d’Irlanda"
                },
                "exemplarCity": "Dublín"
              },
              "Gibraltar": {
                "exemplarCity": "Gibraltar"
              },
              "Guernsey": {
                "exemplarCity": "Guernsey"
              },
              "Helsinki": {
                "exemplarCity": "Hèlsinki"
              },
              "Isle_of_Man": {
                "exemplarCity": "Man"
              },
              "Istanbul": {
                "exemplarCity": "Istanbul"
              },
              "Jersey": {
                "exemplarCity": "Jersey"
              },
              "Kaliningrad": {
                "exemplarCity": "Kaliningrad"
              },
              "Kiev": {
                "exemplarCity": "Kíev"
              },
              "Kirov": {
                "exemplarCity": "Kirov"
              },
              "Lisbon": {
                "exemplarCity": "Lisboa"
              },
              "Ljubljana": {
                "exemplarCity": "Ljubljana"
              },
              "London": {
                "long": {
                  "daylight": "Hora d’estiu britànica"
                },
                "exemplarCity": "Londres"
              },
              "Luxembourg": {
                "exemplarCity": "Luxemburg"
              },
              "Madrid": {
                "exemplarCity": "Madrid"
              },
              "Malta": {
                "exemplarCity": "Malta"
              },
              "Mariehamn": {
                "exemplarCity": "Maarianhamina"
              },
              "Minsk": {
                "exemplarCity": "Minsk"
              },
              "Monaco": {
                "exemplarCity": "Mònaco"
              },
              "Moscow": {
                "exemplarCity": "Moscou"
              },
              "Oslo": {
                "exemplarCity": "Oslo"
              },
              "Paris": {
                "exemplarCity": "París"
              },
              "Podgorica": {
                "exemplarCity": "Podgorica"
              },
              "Prague": {
                "exemplarCity": "Praga"
              },
              "Riga": {
                "exemplarCity": "Riga"
              },
              "Rome": {
                "exemplarCity": "Roma"
              },
              "Samara": {
                "exemplarCity": "Samara"
              },
              "San_Marino": {
                "exemplarCity": "San Marino"
              },
              "Sarajevo": {
                "exemplarCity": "Sarajevo"
              },
              "Saratov": {
                "exemplarCity": "Saràtov"
              },
              "Simferopol": {
                "exemplarCity": "Simferopol"
              },
              "Skopje": {
                "exemplarCity": "Skopje"
              },
              "Sofia": {
                "exemplarCity": "Sofia"
              },
              "Stockholm": {
                "exemplarCity": "Estocolm"
              },
              "Tallinn": {
                "exemplarCity": "Tallinn"
              },
              "Tirane": {
                "exemplarCity": "Tirana"
              },
              "Ulyanovsk": {
                "exemplarCity": "Uliànovsk"
              },
              "Uzhgorod": {
                "exemplarCity": "Uzhgorod"
              },
              "Vaduz": {
                "exemplarCity": "Vaduz"
              },
              "Vatican": {
                "exemplarCity": "Vaticà"
              },
              "Vienna": {
                "exemplarCity": "Viena"
              },
              "Vilnius": {
                "exemplarCity": "Vílnius"
              },
              "Volgograd": {
                "exemplarCity": "Volgograd"
              },
              "Warsaw": {
                "exemplarCity": "Varsòvia"
              },
              "Zagreb": {
                "exemplarCity": "Zagreb"
              },
              "Zaporozhye": {
                "exemplarCity": "Zaporíjia"
              },
              "Zurich": {
                "exemplarCity": "Zuric"
              }
            },
            "Africa": {
              "Abidjan": {
                "exemplarCity": "Abidjan"
              },
              "Accra": {
                "exemplarCity": "Accra"
              },
              "Addis_Ababa": {
                "exemplarCity": "Addis Abeba"
              },
              "Algiers": {
                "exemplarCity": "Alger"
              },
              "Asmera": {
                "exemplarCity": "Asmara"
              },
              "Bamako": {
                "exemplarCity": "Bamako"
              },
              "Bangui": {
                "exemplarCity": "Bangui"
              },
              "Banjul": {
                "exemplarCity": "Banjul"
              },
              "Bissau": {
                "exemplarCity": "Bissau"
              },
              "Blantyre": {
                "exemplarCity": "Blantyre"
              },
              "Brazzaville": {
                "exemplarCity": "Brazzaville"
              },
              "Bujumbura": {
                "exemplarCity": "Bujumbura"
              },
              "Cairo": {
                "exemplarCity": "Caire, el"
              },
              "Casablanca": {
                "exemplarCity": "Casablanca"
              },
              "Ceuta": {
                "exemplarCity": "Ceuta"
              },
              "Conakry": {
                "exemplarCity": "Conakry"
              },
              "Dakar": {
                "exemplarCity": "Dakar"
              },
              "Dar_es_Salaam": {
                "exemplarCity": "Dar es Salaam"
              },
              "Djibouti": {
                "exemplarCity": "Djibouti"
              },
              "Douala": {
                "exemplarCity": "Douala"
              },
              "El_Aaiun": {
                "exemplarCity": "Al-aaiun"
              },
              "Freetown": {
                "exemplarCity": "Freetown"
              },
              "Gaborone": {
                "exemplarCity": "Gaborone"
              },
              "Harare": {
                "exemplarCity": "Harare"
              },
              "Johannesburg": {
                "exemplarCity": "Johannesburg"
              },
              "Juba": {
                "exemplarCity": "Juba"
              },
              "Kampala": {
                "exemplarCity": "Kampala"
              },
              "Khartoum": {
                "exemplarCity": "Khartum"
              },
              "Kigali": {
                "exemplarCity": "Kigali"
              },
              "Kinshasa": {
                "exemplarCity": "Kinshasa"
              },
              "Lagos": {
                "exemplarCity": "Lagos"
              },
              "Libreville": {
                "exemplarCity": "Libreville"
              },
              "Lome": {
                "exemplarCity": "Lome"
              },
              "Luanda": {
                "exemplarCity": "Luanda"
              },
              "Lubumbashi": {
                "exemplarCity": "Lubumbashi"
              },
              "Lusaka": {
                "exemplarCity": "Lusaka"
              },
              "Malabo": {
                "exemplarCity": "Malabo"
              },
              "Maputo": {
                "exemplarCity": "Maputo"
              },
              "Maseru": {
                "exemplarCity": "Maseru"
              },
              "Mbabane": {
                "exemplarCity": "Mbabane"
              },
              "Mogadishu": {
                "exemplarCity": "Muqdiisho"
              },
              "Monrovia": {
                "exemplarCity": "Monrovia"
              },
              "Nairobi": {
                "exemplarCity": "Nairobi"
              },
              "Ndjamena": {
                "exemplarCity": "Ndjamena"
              },
              "Niamey": {
                "exemplarCity": "Niamey"
              },
              "Nouakchott": {
                "exemplarCity": "Nouakchott"
              },
              "Ouagadougou": {
                "exemplarCity": "Ouagadougou"
              },
              "Porto-Novo": {
                "exemplarCity": "Porto-Novo"
              },
              "Sao_Tome": {
                "exemplarCity": "São Tomé"
              },
              "Tripoli": {
                "exemplarCity": "Trípoli"
              },
              "Tunis": {
                "exemplarCity": "Tunis"
              },
              "Windhoek": {
                "exemplarCity": "Windhoek"
              }
            },
            "Asia": {
              "Aden": {
                "exemplarCity": "Aden"
              },
              "Almaty": {
                "exemplarCity": "Almaty"
              },
              "Amman": {
                "exemplarCity": "Amman"
              },
              "Anadyr": {
                "exemplarCity": "Anadyr’"
              },
              "Aqtau": {
                "exemplarCity": "Aqtaū"
              },
              "Aqtobe": {
                "exemplarCity": "Aqtobe"
              },
              "Ashgabat": {
                "exemplarCity": "Ashgabat"
              },
              "Atyrau": {
                "exemplarCity": "Atirau"
              },
              "Baghdad": {
                "exemplarCity": "Bagdad"
              },
              "Bahrain": {
                "exemplarCity": "Bahrain"
              },
              "Baku": {
                "exemplarCity": "Bakú"
              },
              "Bangkok": {
                "exemplarCity": "Bangkok"
              },
              "Barnaul": {
                "exemplarCity": "Barnaul"
              },
              "Beirut": {
                "exemplarCity": "Beirut"
              },
              "Bishkek": {
                "exemplarCity": "Bixkek"
              },
              "Brunei": {
                "exemplarCity": "Brunei"
              },
              "Calcutta": {
                "exemplarCity": "Calcuta"
              },
              "Chita": {
                "exemplarCity": "Txità"
              },
              "Choibalsan": {
                "exemplarCity": "Choibalsan"
              },
              "Colombo": {
                "exemplarCity": "Colombo"
              },
              "Damascus": {
                "exemplarCity": "Damasc"
              },
              "Dhaka": {
                "exemplarCity": "Dacca"
              },
              "Dili": {
                "exemplarCity": "Dili"
              },
              "Dubai": {
                "exemplarCity": "Dubai"
              },
              "Dushanbe": {
                "exemplarCity": "Dushanbe"
              },
              "Famagusta": {
                "exemplarCity": "Famagusta"
              },
              "Gaza": {
                "exemplarCity": "Gaza"
              },
              "Hebron": {
                "exemplarCity": "Hebron"
              },
              "Hong_Kong": {
                "exemplarCity": "Hong Kong"
              },
              "Hovd": {
                "exemplarCity": "Hovd"
              },
              "Irkutsk": {
                "exemplarCity": "Irkutsk"
              },
              "Jakarta": {
                "exemplarCity": "Jakarta"
              },
              "Jayapura": {
                "exemplarCity": "Jaipur"
              },
              "Jerusalem": {
                "exemplarCity": "Jerusalem"
              },
              "Kabul": {
                "exemplarCity": "Kābul"
              },
              "Kamchatka": {
                "exemplarCity": "Kamtxatka"
              },
              "Karachi": {
                "exemplarCity": "Karachi"
              },
              "Katmandu": {
                "exemplarCity": "Katmandú"
              },
              "Khandyga": {
                "exemplarCity": "Khandyga"
              },
              "Krasnoyarsk": {
                "exemplarCity": "Krasnoiarsk"
              },
              "Kuala_Lumpur": {
                "exemplarCity": "Kuala Lumpur"
              },
              "Kuching": {
                "exemplarCity": "Kuching"
              },
              "Kuwait": {
                "exemplarCity": "Kuwait"
              },
              "Macau": {
                "exemplarCity": "Macau"
              },
              "Magadan": {
                "exemplarCity": "Magadan"
              },
              "Makassar": {
                "exemplarCity": "Makasar"
              },
              "Manila": {
                "exemplarCity": "Manila"
              },
              "Muscat": {
                "exemplarCity": "Masqat"
              },
              "Nicosia": {
                "exemplarCity": "Nicòsia"
              },
              "Novokuznetsk": {
                "exemplarCity": "Novokuznetsk"
              },
              "Novosibirsk": {
                "exemplarCity": "Novosibirsk"
              },
              "Omsk": {
                "exemplarCity": "Omsk"
              },
              "Oral": {
                "exemplarCity": "Oral"
              },
              "Phnom_Penh": {
                "exemplarCity": "Phnom Penh"
              },
              "Pontianak": {
                "exemplarCity": "Pontianak"
              },
              "Pyongyang": {
                "exemplarCity": "Pyongyang"
              },
              "Qatar": {
                "exemplarCity": "Qatar"
              },
              "Qyzylorda": {
                "exemplarCity": "Kizil-Orda"
              },
              "Rangoon": {
                "exemplarCity": "Rangoon"
              },
              "Riyadh": {
                "exemplarCity": "Al-Riyād"
              },
              "Saigon": {
                "exemplarCity": "Ho Chi Minh"
              },
              "Sakhalin": {
                "exemplarCity": "Sakhalin"
              },
              "Samarkand": {
                "exemplarCity": "Samarcanda"
              },
              "Seoul": {
                "exemplarCity": "Seül"
              },
              "Shanghai": {
                "exemplarCity": "Xangai"
              },
              "Singapore": {
                "exemplarCity": "Singapur"
              },
              "Srednekolymsk": {
                "exemplarCity": "Srednekolimsk"
              },
              "Taipei": {
                "exemplarCity": "Taipei"
              },
              "Tashkent": {
                "exemplarCity": "Taixkent"
              },
              "Tbilisi": {
                "exemplarCity": "Tbilisi"
              },
              "Tehran": {
                "exemplarCity": "Teheran"
              },
              "Thimphu": {
                "exemplarCity": "Thimbu"
              },
              "Tokyo": {
                "exemplarCity": "Tòquio"
              },
              "Tomsk": {
                "exemplarCity": "Tomsk"
              },
              "Ulaanbaatar": {
                "exemplarCity": "Ulaanbaatar"
              },
              "Urumqi": {
                "exemplarCity": "Urumchi"
              },
              "Ust-Nera": {
                "exemplarCity": "Ust’-Nera"
              },
              "Vientiane": {
                "exemplarCity": "Vientiane"
              },
              "Vladivostok": {
                "exemplarCity": "Vladivostok"
              },
              "Yakutsk": {
                "exemplarCity": "Jakutsk"
              },
              "Yekaterinburg": {
                "exemplarCity": "Jekaterinburg"
              },
              "Yerevan": {
                "exemplarCity": "Erevan"
              }
            },
            "Indian": {
              "Antananarivo": {
                "exemplarCity": "Antananarivo"
              },
              "Chagos": {
                "exemplarCity": "Chagos"
              },
              "Christmas": {
                "exemplarCity": "Christmas"
              },
              "Cocos": {
                "exemplarCity": "Cocos"
              },
              "Comoro": {
                "exemplarCity": "Comoro"
              },
              "Kerguelen": {
                "exemplarCity": "Kerguelen"
              },
              "Mahe": {
                "exemplarCity": "Mahe"
              },
              "Maldives": {
                "exemplarCity": "Maldives"
              },
              "Mauritius": {
                "exemplarCity": "Maurici"
              },
              "Mayotte": {
                "exemplarCity": "Mayotte"
              },
              "Reunion": {
                "exemplarCity": "Reunió"
              }
            },
            "Australia": {
              "Adelaide": {
                "exemplarCity": "Adelaide"
              },
              "Brisbane": {
                "exemplarCity": "Brisbane"
              },
              "Broken_Hill": {
                "exemplarCity": "Broken Hill"
              },
              "Currie": {
                "exemplarCity": "Currie"
              },
              "Darwin": {
                "exemplarCity": "Darwin"
              },
              "Eucla": {
                "exemplarCity": "Eucla"
              },
              "Hobart": {
                "exemplarCity": "Hobart"
              },
              "Lindeman": {
                "exemplarCity": "Lindeman"
              },
              "Lord_Howe": {
                "exemplarCity": "Lord Howe"
              },
              "Melbourne": {
                "exemplarCity": "Melbourne"
              },
              "Perth": {
                "exemplarCity": "Perth"
              },
              "Sydney": {
                "exemplarCity": "Sydney"
              }
            },
            "Pacific": {
              "Apia": {
                "exemplarCity": "Apia"
              },
              "Auckland": {
                "exemplarCity": "Auckland"
              },
              "Bougainville": {
                "exemplarCity": "Bougainville"
              },
              "Chatham": {
                "exemplarCity": "Chatham"
              },
              "Easter": {
                "exemplarCity": "Illa de Pasqua"
              },
              "Efate": {
                "exemplarCity": "Efate"
              },
              "Enderbury": {
                "exemplarCity": "Enderbury"
              },
              "Fakaofo": {
                "exemplarCity": "Fakaofo"
              },
              "Fiji": {
                "exemplarCity": "Fiji"
              },
              "Funafuti": {
                "exemplarCity": "Funafuti"
              },
              "Galapagos": {
                "exemplarCity": "Galápagos"
              },
              "Gambier": {
                "exemplarCity": "Gambier"
              },
              "Guadalcanal": {
                "exemplarCity": "Guadalcanal"
              },
              "Guam": {
                "exemplarCity": "Guam"
              },
              "Honolulu": {
                "exemplarCity": "Honolulu"
              },
              "Johnston": {
                "exemplarCity": "Johnston"
              },
              "Kiritimati": {
                "exemplarCity": "Kiritimati"
              },
              "Kosrae": {
                "exemplarCity": "Kosrae"
              },
              "Kwajalein": {
                "exemplarCity": "Kwajalein"
              },
              "Majuro": {
                "exemplarCity": "Majuro"
              },
              "Marquesas": {
                "exemplarCity": "Marqueses"
              },
              "Midway": {
                "exemplarCity": "Midway"
              },
              "Nauru": {
                "exemplarCity": "Nauru"
              },
              "Niue": {
                "exemplarCity": "Niue"
              },
              "Norfolk": {
                "exemplarCity": "Norfolk"
              },
              "Noumea": {
                "exemplarCity": "Nouméa"
              },
              "Pago_Pago": {
                "exemplarCity": "Pago Pago"
              },
              "Palau": {
                "exemplarCity": "Palau"
              },
              "Pitcairn": {
                "exemplarCity": "Pitcairn"
              },
              "Ponape": {
                "exemplarCity": "Pohnpei"
              },
              "Port_Moresby": {
                "exemplarCity": "Port Moresby"
              },
              "Rarotonga": {
                "exemplarCity": "Rarotonga"
              },
              "Saipan": {
                "exemplarCity": "Saipan"
              },
              "Tahiti": {
                "exemplarCity": "Tahití"
              },
              "Tarawa": {
                "exemplarCity": "Tarawa"
              },
              "Tongatapu": {
                "exemplarCity": "Tongatapu"
              },
              "Truk": {
                "exemplarCity": "Chuuk"
              },
              "Wake": {
                "exemplarCity": "Wake"
              },
              "Wallis": {
                "exemplarCity": "Wallis"
              }
            },
            "Arctic": {
              "Longyearbyen": {
                "exemplarCity": "Longyearbyen"
              }
            },
            "Antarctica": {
              "Casey": {
                "exemplarCity": "Casey"
              },
              "Davis": {
                "exemplarCity": "Davis"
              },
              "DumontDUrville": {
                "exemplarCity": "Dumont d’Urville"
              },
              "Macquarie": {
                "exemplarCity": "Macquarie"
              },
              "Mawson": {
                "exemplarCity": "Mawson"
              },
              "McMurdo": {
                "exemplarCity": "McMurdo"
              },
              "Palmer": {
                "exemplarCity": "Palmer"
              },
              "Rothera": {
                "exemplarCity": "Rothera"
              },
              "Syowa": {
                "exemplarCity": "Syowa"
              },
              "Troll": {
                "exemplarCity": "Troll"
              },
              "Vostok": {
                "exemplarCity": "Vostok"
              }
            },
            "Etc": {
              "UTC": {
                "long": {
                  "standard": "Temps universal coordinat"
                },
                "short": {
                  "standard": "UTC"
                }
              },
              "Unknown": {
                "exemplarCity": "Ciutat desconeguda"
              }
            }
          },
          "metazone": {
            "Afghanistan": {
              "long": {
                "standard": "Hora de l’Afganistan"
              }
            },
            "Africa_Central": {
              "long": {
                "standard": "Hora de l’Àfrica Central"
              }
            },
            "Africa_Eastern": {
              "long": {
                "standard": "Hora de l’Àfrica Oriental"
              }
            },
            "Africa_Southern": {
              "long": {
                "standard": "Hora estàndard del sud de l’Àfrica"
              }
            },
            "Africa_Western": {
              "long": {
                "generic": "Hora de l’Àfrica Occidental",
                "standard": "Hora estàndard de l’Àfrica Occidental",
                "daylight": "Hora d’estiu de l’Àfrica Occidental"
              }
            },
            "Alaska": {
              "long": {
                "generic": "Hora d’Alaska",
                "standard": "Hora estàndard d’Alaska",
                "daylight": "Hora d’estiu d’Alaska"
              }
            },
            "Amazon": {
              "long": {
                "generic": "Hora de l’Amazones",
                "standard": "Hora estàndard de l’Amazones",
                "daylight": "Hora d’estiu de l’Amazones"
              }
            },
            "America_Central": {
              "long": {
                "generic": "Hora central d’Amèrica del Nord",
                "standard": "Hora estàndard central d’Amèrica del Nord",
                "daylight": "Hora d’estiu central d’Amèrica del Nord"
              }
            },
            "America_Eastern": {
              "long": {
                "generic": "Hora oriental d’Amèrica del Nord",
                "standard": "Hora estàndard oriental d’Amèrica del Nord",
                "daylight": "Hora d’estiu oriental d’Amèrica del Nord"
              }
            },
            "America_Mountain": {
              "long": {
                "generic": "Hora de muntanya d’Amèrica del Nord",
                "standard": "Hora estàndard de muntanya d’Amèrica del Nord",
                "daylight": "Hora d’estiu de muntanya d’Amèrica del Nord"
              }
            },
            "America_Pacific": {
              "long": {
                "generic": "Hora del Pacífic",
                "standard": "Hora estàndard del Pacífic",
                "daylight": "Hora d’estiu del Pacífic"
              }
            },
            "Anadyr": {
              "long": {
                "generic": "Hora d’Anadyr",
                "standard": "Hora estàndard d’Anadyr",
                "daylight": "Horari d’estiu d’Anadyr"
              }
            },
            "Apia": {
              "long": {
                "generic": "Hora d’Apia",
                "standard": "Hora estàndard d’Apia",
                "daylight": "Hora d’estiu d’Apia"
              }
            },
            "Arabian": {
              "long": {
                "generic": "Hora àrab",
                "standard": "Hora estàndard àrab",
                "daylight": "Hora d’estiu àrab"
              }
            },
            "Argentina": {
              "long": {
                "generic": "Hora de l’Argentina",
                "standard": "Hora estàndard de l’Argentina",
                "daylight": "Hora d’estiu de l’Argentina"
              }
            },
            "Argentina_Western": {
              "long": {
                "generic": "Hora de l’oest de l’Argentina",
                "standard": "Hora estàndard de l’oest de l’Argentina",
                "daylight": "Hora d’estiu de l’oest de l’Argentina"
              }
            },
            "Armenia": {
              "long": {
                "generic": "Hora d’Armènia",
                "standard": "Hora estàndard d’Armènia",
                "daylight": "Hora d’estiu d’Armènia"
              }
            },
            "Atlantic": {
              "long": {
                "generic": "Hora de l’Atlàntic",
                "standard": "Hora estàndard de l’Atlàntic",
                "daylight": "Hora d’estiu de l’Atlàntic"
              }
            },
            "Australia_Central": {
              "long": {
                "generic": "Hora d’Austràlia Central",
                "standard": "Hora estàndard d’Austràlia Central",
                "daylight": "Hora d’estiu d’Austràlia Central"
              }
            },
            "Australia_CentralWestern": {
              "long": {
                "generic": "Hora d’Austràlia centre-occidental",
                "standard": "Hora estàndard d’Austràlia centre-occidental",
                "daylight": "Hora d’estiu d’Austràlia centre-occidental"
              }
            },
            "Australia_Eastern": {
              "long": {
                "generic": "Hora d’Austràlia Oriental",
                "standard": "Hora estàndard d’Austràlia Oriental",
                "daylight": "Hora d’estiu d’Austràlia Oriental"
              }
            },
            "Australia_Western": {
              "long": {
                "generic": "Hora d’Austràlia Occidental",
                "standard": "Hora estàndard d’Austràlia Occidental",
                "daylight": "Hora d’estiu d’Austràlia Occidental"
              }
            },
            "Azerbaijan": {
              "long": {
                "generic": "Hora d’Azerbaidjan",
                "standard": "Hora estàndard d’Azerbaidjan",
                "daylight": "Hora d’estiu d’Azerbaidjan"
              }
            },
            "Azores": {
              "long": {
                "generic": "Hora de les Açores",
                "standard": "Hora estàndard de les Açores",
                "daylight": "Hora d’estiu de les Açores"
              }
            },
            "Bangladesh": {
              "long": {
                "generic": "Hora de Bangla Desh",
                "standard": "Hora estàndard de Bangla Desh",
                "daylight": "Hora d’estiu de Bangla Desh"
              }
            },
            "Bhutan": {
              "long": {
                "standard": "Hora de Bhutan"
              }
            },
            "Bolivia": {
              "long": {
                "standard": "Hora de Bolívia"
              }
            },
            "Brasilia": {
              "long": {
                "generic": "Hora de Brasília",
                "standard": "Hora estàndard de Brasília",
                "daylight": "Hora d’estiu de Brasília"
              }
            },
            "Brunei": {
              "long": {
                "standard": "Hora de Brunei Darussalam"
              }
            },
            "Cape_Verde": {
              "long": {
                "generic": "Hora de Cap Verd",
                "standard": "Hora estàndard de Cap Verd",
                "daylight": "Hora d’estiu de Cap Verd"
              }
            },
            "Chamorro": {
              "long": {
                "standard": "Hora de Chamorro"
              }
            },
            "Chatham": {
              "long": {
                "generic": "Hora de Chatham",
                "standard": "Hora estàndard de Chatham",
                "daylight": "Hora d’estiu de Chatham"
              }
            },
            "Chile": {
              "long": {
                "generic": "Hora de Xile",
                "standard": "Hora estàndard de Xile",
                "daylight": "Hora d’estiu de Xile"
              }
            },
            "China": {
              "long": {
                "generic": "Hora de la Xina",
                "standard": "Hora estàndard de la Xina",
                "daylight": "Hora d’estiu de la Xina"
              }
            },
            "Choibalsan": {
              "long": {
                "generic": "Hora de Choibalsan",
                "standard": "Hora estàndard de Choibalsan",
                "daylight": "Hora d’estiu de Choibalsan"
              }
            },
            "Christmas": {
              "long": {
                "standard": "Hora de Kiritimati"
              }
            },
            "Cocos": {
              "long": {
                "standard": "Hora de les illes Cocos"
              }
            },
            "Colombia": {
              "long": {
                "generic": "Hora de Colòmbia",
                "standard": "Hora estàndard de Colòmbia",
                "daylight": "Hora d’estiu de Colòmbia"
              }
            },
            "Cook": {
              "long": {
                "generic": "Hora de les illes Cook",
                "standard": "Hora estàndard de les illes Cook",
                "daylight": "Hora de mig estiu de les illes Cook"
              }
            },
            "Cuba": {
              "long": {
                "generic": "Hora de Cuba",
                "standard": "Hora estàndard de Cuba",
                "daylight": "Hora d’estiu de Cuba"
              }
            },
            "Davis": {
              "long": {
                "standard": "Hora de Davis"
              }
            },
            "DumontDUrville": {
              "long": {
                "standard": "Hora de Dumont-d’Urville"
              }
            },
            "East_Timor": {
              "long": {
                "standard": "Hora de Timor Oriental"
              }
            },
            "Easter": {
              "long": {
                "generic": "Hora de l’illa de Pasqua",
                "standard": "Hora estàndard de l’illa de Pasqua",
                "daylight": "Hora d’estiu de l’illa de Pasqua"
              }
            },
            "Ecuador": {
              "long": {
                "standard": "Hora de l’Equador"
              }
            },
            "Europe_Central": {
              "long": {
                "generic": "Hora del Centre d’Europa",
                "standard": "Hora estàndard del Centre d’Europa",
                "daylight": "Hora d’estiu del Centre d’Europa"
              },
              "short": {
                "generic": "CET",
                "standard": "CET",
                "daylight": "CEST"
              }
            },
            "Europe_Eastern": {
              "long": {
                "generic": "Hora de l’Est d’Europa",
                "standard": "Hora estàndard de l’Est d’Europa",
                "daylight": "Hora d’estiu de l’Est d’Europa"
              },
              "short": {
                "generic": "EET",
                "standard": "EET",
                "daylight": "EEST"
              }
            },
            "Europe_Further_Eastern": {
              "long": {
                "standard": "Hora de l’Extrem Orient Europeu"
              }
            },
            "Europe_Western": {
              "long": {
                "generic": "Hora de l’Oest d’Europa",
                "standard": "Hora estàndard de l’Oest d’Europa",
                "daylight": "Hora d’estiu de l’Oest d’Europa"
              },
              "short": {
                "generic": "WET",
                "standard": "WET",
                "daylight": "WEST"
              }
            },
            "Falkland": {
              "long": {
                "generic": "Hora de les illes Malvines",
                "standard": "Hora estàndard de les illes Malvines",
                "daylight": "Hora d’estiu de les illes Malvines"
              }
            },
            "Fiji": {
              "long": {
                "generic": "Hora de Fiji",
                "standard": "Hora estàndard de Fiji",
                "daylight": "Hora d’estiu de Fiji"
              }
            },
            "French_Guiana": {
              "long": {
                "standard": "Hora de la Guaiana Francesa"
              }
            },
            "French_Southern": {
              "long": {
                "standard": "Hora d’Antàrtida i França del Sud"
              }
            },
            "Galapagos": {
              "long": {
                "standard": "Hora de Galápagos"
              }
            },
            "Gambier": {
              "long": {
                "standard": "Hora de Gambier"
              }
            },
            "Georgia": {
              "long": {
                "generic": "Hora de Geòrgia",
                "standard": "Hora estàndard de Geòrgia",
                "daylight": "Hora d’estiu de Geòrgia"
              }
            },
            "Gilbert_Islands": {
              "long": {
                "standard": "Hora de les illes Gilbert"
              }
            },
            "GMT": {
              "long": {
                "standard": "Hora del Meridià de Greenwich"
              },
              "short": {
                "standard": "GMT"
              }
            },
            "Greenland_Eastern": {
              "long": {
                "generic": "Hora de l’Est de Grenlàndia",
                "standard": "Hora estàndard de l’Est de Grenlàndia",
                "daylight": "Hora d’estiu de l’Est de Grenlàndia"
              }
            },
            "Greenland_Western": {
              "long": {
                "generic": "Hora de l’Oest de Grenlàndia",
                "standard": "Hora estàndard de l’Oest de Grenlàndia",
                "daylight": "Hora d’estiu de l’Oest de Grenlàndia"
              }
            },
            "Gulf": {
              "long": {
                "standard": "Hora del Golf"
              }
            },
            "Guyana": {
              "long": {
                "standard": "Hora de Guyana"
              }
            },
            "Hawaii_Aleutian": {
              "long": {
                "generic": "Hora de Hawaii-Aleutianes",
                "standard": "Hora estàndard de Hawaii-Aleutianes",
                "daylight": "Hora d’estiu de Hawaii-Aleutianes"
              }
            },
            "Hong_Kong": {
              "long": {
                "generic": "Hora de Hong Kong",
                "standard": "Hora estàndard de Hong Kong",
                "daylight": "Hora d’estiu de Hong Kong"
              }
            },
            "Hovd": {
              "long": {
                "generic": "Hora de Hovd",
                "standard": "Hora estàndard de Hovd",
                "daylight": "Hora d’estiu de Hovd"
              }
            },
            "India": {
              "long": {
                "standard": "Hora estàndard de l’Índia"
              }
            },
            "Indian_Ocean": {
              "long": {
                "standard": "Hora de l’oceà Índic"
              }
            },
            "Indochina": {
              "long": {
                "standard": "Hora d’Indoxina"
              }
            },
            "Indonesia_Central": {
              "long": {
                "standard": "Hora central d’Indonèsia"
              }
            },
            "Indonesia_Eastern": {
              "long": {
                "standard": "Hora de l’est d’Indonèsia"
              }
            },
            "Indonesia_Western": {
              "long": {
                "standard": "Hora de l’oest d’Indonèsia"
              }
            },
            "Iran": {
              "long": {
                "generic": "Hora d’Iran",
                "standard": "Hora estàndard d’Iran",
                "daylight": "Hora d’estiu d’Iran"
              }
            },
            "Irkutsk": {
              "long": {
                "generic": "Hora d’Irkutsk",
                "standard": "Hora estàndard d’Irkutsk",
                "daylight": "Hora d’estiu d’Irkutsk"
              }
            },
            "Israel": {
              "long": {
                "generic": "Hora d’Israel",
                "standard": "Hora estàndard d’Israel",
                "daylight": "Hora d’estiu d’Israel"
              }
            },
            "Japan": {
              "long": {
                "generic": "Hora del Japó",
                "standard": "Hora estàndard del Japó",
                "daylight": "Hora d’estiu del Japó"
              }
            },
            "Kamchatka": {
              "long": {
                "generic": "Hora de Kamtxatka",
                "standard": "Hora estàndard de Petropavlovsk de Kamtxatka",
                "daylight": "Horari d’estiu de Petropavlovsk de Kamtxatka"
              }
            },
            "Kazakhstan_Eastern": {
              "long": {
                "standard": "Hora de l’est del Kazakhstan"
              }
            },
            "Kazakhstan_Western": {
              "long": {
                "standard": "Hora de l’oest del Kazakhstan"
              }
            },
            "Korea": {
              "long": {
                "generic": "Hora de Corea",
                "standard": "Hora estàndard de Corea",
                "daylight": "Hora d’estiu de Corea"
              }
            },
            "Kosrae": {
              "long": {
                "standard": "Hora de Kosrae"
              }
            },
            "Krasnoyarsk": {
              "long": {
                "generic": "Hora de Krasnoiarsk",
                "standard": "Hora estàndard de Krasnoiarsk",
                "daylight": "Hora d’estiu de Krasnoiarsk"
              }
            },
            "Kyrgystan": {
              "long": {
                "standard": "Hora del Kirguizistan"
              }
            },
            "Line_Islands": {
              "long": {
                "standard": "Hora de Line Islands"
              }
            },
            "Lord_Howe": {
              "long": {
                "generic": "Hora de Lord Howe",
                "standard": "Hora estàndard de Lord Howe",
                "daylight": "Horari d’estiu de Lord Howe"
              }
            },
            "Macau": {
              "long": {
                "generic": "Hora de Macau",
                "standard": "Hora estàndard de Macau",
                "daylight": "Hora d’estiu de Macau"
              }
            },
            "Macquarie": {
              "long": {
                "standard": "Hora de Macquarie"
              }
            },
            "Magadan": {
              "long": {
                "generic": "Hora de Magadan",
                "standard": "Hora estàndard de Magadan",
                "daylight": "Hora d’estiu de Magadan"
              }
            },
            "Malaysia": {
              "long": {
                "standard": "Hora de Malàisia"
              }
            },
            "Maldives": {
              "long": {
                "standard": "Hora de les Maldives"
              }
            },
            "Marquesas": {
              "long": {
                "standard": "Hora de les Marqueses"
              }
            },
            "Marshall_Islands": {
              "long": {
                "standard": "Hora de les illes Marshall"
              }
            },
            "Mauritius": {
              "long": {
                "generic": "Hora de Maurici",
                "standard": "Hora estàndard de Maurici",
                "daylight": "Hora d’estiu de Maurici"
              }
            },
            "Mawson": {
              "long": {
                "standard": "Hora de Mawson"
              }
            },
            "Mexico_Northwest": {
              "long": {
                "generic": "Hora del nord-oest de Mèxic",
                "standard": "Hora estàndard del nord-oest de Mèxic",
                "daylight": "Hora d’estiu del nord-oest de Mèxic"
              }
            },
            "Mexico_Pacific": {
              "long": {
                "generic": "Hora del Pacífic de Mèxic",
                "standard": "Hora estàndard del Pacífic de Mèxic",
                "daylight": "Hora d’estiu del Pacífic de Mèxic"
              }
            },
            "Mongolia": {
              "long": {
                "generic": "Hora d’Ulan Bator",
                "standard": "Hora estàndard d’Ulan Bator",
                "daylight": "Hora d’estiu d’Ulan Bator"
              }
            },
            "Moscow": {
              "long": {
                "generic": "Hora de Moscou",
                "standard": "Hora estàndard de Moscou",
                "daylight": "Hora d’estiu de Moscou"
              }
            },
            "Myanmar": {
              "long": {
                "standard": "Hora de Myanmar"
              }
            },
            "Nauru": {
              "long": {
                "standard": "Hora de Nauru"
              }
            },
            "Nepal": {
              "long": {
                "standard": "Hora del Nepal"
              }
            },
            "New_Caledonia": {
              "long": {
                "generic": "Hora de Nova Caledònia",
                "standard": "Hora estàndard de Nova Caledònia",
                "daylight": "Hora d’estiu de Nova Caledònia"
              }
            },
            "New_Zealand": {
              "long": {
                "generic": "Hora de Nova Zelanda",
                "standard": "Hora estàndard de Nova Zelanda",
                "daylight": "Hora d’estiu de Nova Zelanda"
              }
            },
            "Newfoundland": {
              "long": {
                "generic": "Hora de Terranova",
                "standard": "Hora estàndard de Terranova",
                "daylight": "Hora d’estiu de Terranova"
              }
            },
            "Niue": {
              "long": {
                "standard": "Hora de Niue"
              }
            },
            "Norfolk": {
              "long": {
                "standard": "Hora de les illes Norfolk"
              }
            },
            "Noronha": {
              "long": {
                "generic": "Hora de Fernando de Noronha",
                "standard": "Hora estàndard de Fernando de Noronha",
                "daylight": "Hora d’estiu de Fernando de Noronha"
              }
            },
            "Novosibirsk": {
              "long": {
                "generic": "Hora de Novosibirsk",
                "standard": "Hora estàndard de Novosibirsk",
                "daylight": "Hora d’estiu de Novosibirsk"
              }
            },
            "Omsk": {
              "long": {
                "generic": "Hora d’Omsk",
                "standard": "Hora estàndard d’Omsk",
                "daylight": "Hora d’estiu d’Omsk"
              }
            },
            "Pakistan": {
              "long": {
                "generic": "Hora del Pakistan",
                "standard": "Hora estàndard del Pakistan",
                "daylight": "Hora d’estiu del Pakistan"
              }
            },
            "Palau": {
              "long": {
                "standard": "Hora de Palau"
              }
            },
            "Papua_New_Guinea": {
              "long": {
                "standard": "Hora de Papua Nova Guinea"
              }
            },
            "Paraguay": {
              "long": {
                "generic": "Hora del Paraguai",
                "standard": "Hora estàndard del Paraguai",
                "daylight": "Hora d’estiu del Paraguai"
              }
            },
            "Peru": {
              "long": {
                "generic": "Hora del Perú",
                "standard": "Hora estàndard del Perú",
                "daylight": "Hora d’estiu del Perú"
              }
            },
            "Philippines": {
              "long": {
                "generic": "Hora de Filipines",
                "standard": "Hora estàndard de Filipines",
                "daylight": "Hora d’estiu de Filipines"
              }
            },
            "Phoenix_Islands": {
              "long": {
                "standard": "Hora de les illes Phoenix"
              }
            },
            "Pierre_Miquelon": {
              "long": {
                "generic": "Hora de Saint-Pierre i Miquelon",
                "standard": "Hora estàndard de Saint-Pierre i Miquelon",
                "daylight": "Hora d’estiu de Saint-Pierre i Miquelon"
              }
            },
            "Pitcairn": {
              "long": {
                "standard": "Hora de Pitcairn"
              }
            },
            "Ponape": {
              "long": {
                "standard": "Hora de Ponape"
              }
            },
            "Pyongyang": {
              "long": {
                "standard": "Hora de Pyongyang"
              }
            },
            "Reunion": {
              "long": {
                "standard": "Hora de Reunió"
              }
            },
            "Rothera": {
              "long": {
                "standard": "Hora de Rothera"
              }
            },
            "Sakhalin": {
              "long": {
                "generic": "Hora de Sakhalin",
                "standard": "Hora estàndard de Sakhalin",
                "daylight": "Hora d’estiu de Sakhalin"
              }
            },
            "Samara": {
              "long": {
                "generic": "Hora de Samara",
                "standard": "Hora estàndard de Samara",
                "daylight": "Hora d’estiu de Samara"
              }
            },
            "Samoa": {
              "long": {
                "generic": "Hora de Samoa",
                "standard": "Hora estàndard de Samoa",
                "daylight": "Hora d’estiu de Samoa"
              }
            },
            "Seychelles": {
              "long": {
                "standard": "Hora de les Seychelles"
              }
            },
            "Singapore": {
              "long": {
                "standard": "Hora de Singapur"
              }
            },
            "Solomon": {
              "long": {
                "standard": "Hora de Salomó"
              }
            },
            "South_Georgia": {
              "long": {
                "standard": "Hora de Geòrgia del Sud"
              }
            },
            "Suriname": {
              "long": {
                "standard": "Hora de Surinam"
              }
            },
            "Syowa": {
              "long": {
                "standard": "Hora de Syowa"
              }
            },
            "Tahiti": {
              "long": {
                "standard": "Hora de Tahití"
              }
            },
            "Taipei": {
              "long": {
                "generic": "Hora de Taipei",
                "standard": "Hora estàndard de Taipei",
                "daylight": "Hora d’estiu de Taipei"
              }
            },
            "Tajikistan": {
              "long": {
                "standard": "Hora del Tadjikistan"
              }
            },
            "Tokelau": {
              "long": {
                "standard": "Hora de Tokelau"
              }
            },
            "Tonga": {
              "long": {
                "generic": "Hora de Tonga",
                "standard": "Hora estàndard de Tonga",
                "daylight": "Hora d’estiu de Tonga"
              }
            },
            "Truk": {
              "long": {
                "standard": "Hora de Chuuk"
              }
            },
            "Turkmenistan": {
              "long": {
                "generic": "Hora del Turkmenistan",
                "standard": "Hora estàndard del Turkmenistan",
                "daylight": "Hora d’estiu del Turkmenistan"
              }
            },
            "Tuvalu": {
              "long": {
                "standard": "Hora de Tuvalu"
              }
            },
            "Uruguay": {
              "long": {
                "generic": "Hora de l’Uruguai",
                "standard": "Hora estàndard de l’Uruguai",
                "daylight": "Hora d’estiu de l’Uruguai"
              }
            },
            "Uzbekistan": {
              "long": {
                "generic": "Hora de l’Uzbekistan",
                "standard": "Hora estàndard de l’Uzbekistan",
                "daylight": "Hora d’estiu de l’Uzbekistan"
              }
            },
            "Vanuatu": {
              "long": {
                "generic": "Hora de Vanatu",
                "standard": "Hora estàndard de Vanatu",
                "daylight": "Hora d’estiu de Vanatu"
              }
            },
            "Venezuela": {
              "long": {
                "standard": "Hora de Veneçuela"
              }
            },
            "Vladivostok": {
              "long": {
                "generic": "Hora de Vladivostok",
                "standard": "Hora estàndard de Vladivostok",
                "daylight": "Hora d’estiu de Vladivostok"
              }
            },
            "Volgograd": {
              "long": {
                "generic": "Hora de Volgograd",
                "standard": "Hora estàndard de Volgograd",
                "daylight": "Hora d’estiu de Volgograd"
              }
            },
            "Vostok": {
              "long": {
                "standard": "Hora de Vostok"
              }
            },
            "Wake": {
              "long": {
                "standard": "Hora de Wake"
              }
            },
            "Wallis": {
              "long": {
                "standard": "Hora de Wallis i Futuna"
              }
            },
            "Yakutsk": {
              "long": {
                "generic": "Hora de Iakutsk",
                "standard": "Hora estàndard de Iakutsk",
                "daylight": "Hora d’estiu de Iakutsk"
              }
            },
            "Yekaterinburg": {
              "long": {
                "generic": "Hora d’Ekaterinburg",
                "standard": "Hora estàndard d’Ekaterinburg",
                "daylight": "Hora d’estiu d’Ekaterinburg"
              }
            }
          }
        }
      }
    }
  }
}
