{
  "main": {
    "ckb-IR": {
      "identity": {
        "version": {
          "_number": "$Revision: 13133 $",
          "_cldrVersion": "32"
        },
        "language": "ckb",
        "territory": "IR"
      },
      "dates": {
        "calendars": {
          "gregorian": {
            "months": {
              "format": {
                "abbreviated": {
                  "1": "کانوونی دووەم",
                  "2": "شوبات",
                  "3": "ئازار",
                  "4": "نیسان",
                  "5": "ئایار",
                  "6": "حوزەیران",
                  "7": "تەمووز",
                  "8": "ئاب",
                  "9": "ئەیلوول",
                  "10": "تشرینی یەکەم",
                  "11": "تشرینی دووەم",
                  "12": "کانونی یەکەم"
                },
                "narrow": {
                  "1": "ک",
                  "2": "ش",
                  "3": "ئ",
                  "4": "ن",
                  "5": "ئ",
                  "6": "ح",
                  "7": "ت",
                  "8": "ئ",
                  "9": "ئ",
                  "10": "ت",
                  "11": "ت",
                  "12": "ک"
                },
                "wide": {
                  "1": "کانوونی دووەم",
                  "2": "شوبات",
                  "3": "ئازار",
                  "4": "نیسان",
                  "5": "ئایار",
                  "6": "حوزەیران",
                  "7": "تەمووز",
                  "8": "ئاب",
                  "9": "ئەیلوول",
                  "10": "تشرینی یەکەم",
                  "11": "تشرینی دووەم",
                  "12": "کانونی یەکەم"
                }
              },
              "stand-alone": {
                "abbreviated": {
                  "1": "کانوونی دووەم",
                  "2": "شوبات",
                  "3": "ئازار",
                  "4": "نیسان",
                  "5": "ئایار",
                  "6": "حوزەیران",
                  "7": "تەمووز",
                  "8": "ئاب",
                  "9": "ئەیلوول",
                  "10": "تشرینی یەکەم",
                  "11": "تشرینی دووەم",
                  "12": "کانونی یەکەم"
                },
                "narrow": {
                  "1": "ک",
                  "2": "ش",
                  "3": "ئ",
                  "4": "ن",
                  "5": "ئ",
                  "6": "ح",
                  "7": "ت",
                  "8": "ئ",
                  "9": "ئ",
                  "10": "ت",
                  "11": "ت",
                  "12": "ک"
                },
                "wide": {
                  "1": "کانوونی دووەم",
                  "2": "شوبات",
                  "3": "ئازار",
                  "4": "نیسان",
                  "5": "ئایار",
                  "6": "حوزەیران",
                  "7": "تەمووز",
                  "8": "ئاب",
                  "9": "ئەیلوول",
                  "10": "تشرینی یەکەم",
                  "11": "تشرینی دووەم",
                  "12": "کانونی یەکەم"
                }
              }
            },
            "days": {
              "format": {
                "abbreviated": {
                  "sun": "یەکشەممە",
                  "mon": "دووشەممە",
                  "tue": "سێشەممە",
                  "wed": "چوارشەممە",
                  "thu": "پێنجشەممە",
                  "fri": "ھەینی",
                  "sat": "شەممە"
                },
                "narrow": {
                  "sun": "ی",
                  "mon": "د",
                  "tue": "س",
                  "wed": "چ",
                  "thu": "پ",
                  "fri": "ھ",
                  "sat": "ش"
                },
                "short": {
                  "sun": "١ش",
                  "mon": "٢ش",
                  "tue": "٣ش",
                  "wed": "٤ش",
                  "thu": "٥ش",
                  "fri": "ھ",
                  "sat": "ش"
                },
                "wide": {
                  "sun": "یەکشەممە",
                  "mon": "دووشەممە",
                  "tue": "سێشەممە",
                  "wed": "چوارشەممە",
                  "thu": "پێنجشەممە",
                  "fri": "ھەینی",
                  "sat": "شەممە"
                }
              },
              "stand-alone": {
                "abbreviated": {
                  "sun": "یەکشەممە",
                  "mon": "دووشەممە",
                  "tue": "سێشەممە",
                  "wed": "چوارشەممە",
                  "thu": "پێنجشەممە",
                  "fri": "ھەینی",
                  "sat": "شەممە"
                },
                "narrow": {
                  "sun": "ی",
                  "mon": "د",
                  "tue": "س",
                  "wed": "چ",
                  "thu": "پ",
                  "fri": "ھ",
                  "sat": "ش"
                },
                "short": {
                  "sun": "١ش",
                  "mon": "٢ش",
                  "tue": "٣ش",
                  "wed": "٤ش",
                  "thu": "٥ش",
                  "fri": "ھ",
                  "sat": "ش"
                },
                "wide": {
                  "sun": "یەکشەممە",
                  "mon": "دووشەممە",
                  "tue": "سێشەممە",
                  "wed": "چوارشەممە",
                  "thu": "پێنجشەممە",
                  "fri": "ھەینی",
                  "sat": "شەممە"
                }
              }
            },
            "quarters": {
              "format": {
                "abbreviated": {
                  "1": "چ١",
                  "2": "چ٢",
                  "3": "چ٣",
                  "4": "چ٤"
                },
                "narrow": {
                  "1": "١",
                  "2": "٢",
                  "3": "٣",
                  "4": "٤"
                },
                "wide": {
                  "1": "چارەکی یەکەم",
                  "2": "چارەکی دووەم",
                  "3": "چارەکی سێەم",
                  "4": "چارەکی چوارەم"
                }
              },
              "stand-alone": {
                "abbreviated": {
                  "1": "چ١",
                  "2": "چ٢",
                  "3": "چ٣",
                  "4": "چ٤"
                },
                "narrow": {
                  "1": "١",
                  "2": "٢",
                  "3": "٣",
                  "4": "٤"
                },
                "wide": {
                  "1": "چارەکی یەکەم",
                  "2": "چارەکی دووەم",
                  "3": "چارەکی سێەم",
                  "4": "چارەکی چوارەم"
                }
              }
            },
            "dayPeriods": {
              "format": {
                "abbreviated": {
                  "am": "ب.ن",
                  "pm": "د.ن"
                },
                "narrow": {
                  "am": "ب.ن",
                  "pm": "د.ن"
                },
                "wide": {
                  "am": "ب.ن",
                  "pm": "د.ن"
                }
              },
              "stand-alone": {
                "abbreviated": {
                  "am": "ب.ن",
                  "pm": "د.ن"
                },
                "narrow": {
                  "am": "ب.ن",
                  "pm": "د.ن"
                },
                "wide": {
                  "am": "ب.ن",
                  "pm": "د.ن"
                }
              }
            },
            "eras": {
              "eraNames": {
                "0": "پێش زایین",
                "0-alt-variant": "BCE",
                "1": "زایینی",
                "1-alt-variant": "CE"
              },
              "eraAbbr": {
                "0": "پێش زایین",
                "0-alt-variant": "BCE",
                "1": "زایینی",
                "1-alt-variant": "CE"
              },
              "eraNarrow": {
                "0": "پێش زایین",
                "0-alt-variant": "BCE",
                "1": "زایینی",
                "1-alt-variant": "CE"
              }
            },
            "dateFormats": {
              "full": "y MMMM d, EEEE",
              "long": "dی MMMMی y",
              "medium": "y MMM d",
              "short": "y-MM-dd"
            },
            "timeFormats": {
              "full": "HH:mm:ss zzzz",
              "long": "HH:mm:ss z",
              "medium": "HH:mm:ss",
              "short": "HH:mm"
            },
            "dateTimeFormats": {
              "full": "{1} {0}",
              "long": "{1} {0}",
              "medium": "{1} {0}",
              "short": "{1} {0}",
              "availableFormats": {
                "Bh": "h B",
                "Bhm": "h:mm B",
                "Bhms": "h:mm:ss B",
                "d": "d",
                "E": "ccc",
                "EBhm": "E h:mm B",
                "EBhms": "E h:mm:ss B",
                "Ed": "E dھەم",
                "Ehm": "E h:mm a",
                "EHm": "E HH:mm",
                "Ehms": "E h:mm:ss a",
                "EHms": "E HH:mm:ss",
                "Gy": "G y",
                "GyMMM": "G y MMM",
                "GyMMMd": "G y MMM d",
                "GyMMMEd": "G y MMM d, E",
                "h": "hی a",
                "H": "HH",
                "hm": "h:mm a",
                "Hm": "HH:mm",
                "hms": "h:mm:ss a",
                "Hms": "HH:mm:ss",
                "hmsv": "h:mm:ss a v",
                "Hmsv": "HH:mm:ss v",
                "hmv": "h:mm a v",
                "Hmv": "HH:mm v",
                "M": "L",
                "Md": "MM-dd",
                "MEd": "E، M/d",
                "MMM": "LLL",
                "MMMd": "dی MMM",
                "MMMEd": "E، dی MMM",
                "MMMMd": "MMMM d",
                "MMMMW-count-one": "هەفتەی W ی MMM",
                "MMMMW-count-other": "هەفتەی W ی MMM",
                "ms": "mm:ss",
                "y": "y",
                "yM": "M/y",
                "yMd": "d/M/y",
                "yMEd": "E، d/M/y",
                "yMMM": "MMMی y",
                "yMMMd": "dی MMMی y",
                "yMMMEd": "E، dی MMMی y",
                "yMMMM": "y MMMM",
                "yQQQ": "y QQQ",
                "yQQQQ": "y QQQQ",
                "yw-count-one": "هەفتەی w ی Y",
                "yw-count-other": "هەفتەی w ی Y"
              },
              "appendItems": {
                "Day": "{0} ({2}: {1})",
                "Day-Of-Week": "{0} {1}",
                "Era": "{1} {0}",
                "Hour": "{0} ({2}: {1})",
                "Minute": "{0} ({2}: {1})",
                "Month": "{0} ({2}: {1})",
                "Quarter": "{0} ({2}: {1})",
                "Second": "{0} ({2}: {1})",
                "Timezone": "{0} {1}",
                "Week": "{0} ({2}: {1})",
                "Year": "{1} {0}"
              },
              "intervalFormats": {
                "intervalFormatFallback": "{0} – {1}",
                "d": {
                  "d": "d–d"
                },
                "h": {
                  "a": "h a – h a",
                  "h": "h–h a"
                },
                "H": {
                  "H": "HH–HH"
                },
                "hm": {
                  "a": "h:mm a – h:mm a",
                  "h": "h:mm–h:mm a",
                  "m": "h:mm–h:mm a"
                },
                "Hm": {
                  "H": "HH:mm–HH:mm",
                  "m": "HH:mm–HH:mm"
                },
                "hmv": {
                  "a": "h:mm a – h:mm a v",
                  "h": "h:mm–h:mm a v",
                  "m": "h:mm–h:mm a v"
                },
                "Hmv": {
                  "H": "HH:mm–HH:mm v",
                  "m": "HH:mm–HH:mm v"
                },
                "hv": {
                  "a": "h a – h a v",
                  "h": "h–h a v"
                },
                "Hv": {
                  "H": "HH–HH v"
                },
                "M": {
                  "M": "MM–MM"
                },
                "Md": {
                  "d": "MM-dd – MM-dd",
                  "M": "MM-dd – MM-dd"
                },
                "MEd": {
                  "d": "MM-dd, E – MM-dd, E",
                  "M": "MM-dd, E – MM-dd, E"
                },
                "MMM": {
                  "M": "LLL–LLL"
                },
                "MMMd": {
                  "d": "MMM d–d",
                  "M": "MMM d – MMM d"
                },
                "MMMEd": {
                  "d": "MMM d, E – MMM d, E",
                  "M": "MMM d, E – MMM d, E"
                },
                "y": {
                  "y": "y–y"
                },
                "yM": {
                  "M": "y-MM – y-MM",
                  "y": "y-MM – y-MM"
                },
                "yMd": {
                  "d": "y-MM-dd – y-MM-dd",
                  "M": "y-MM-dd – y-MM-dd",
                  "y": "y-MM-dd – y-MM-dd"
                },
                "yMEd": {
                  "d": "y-MM-dd, E – y-MM-dd, E",
                  "M": "y-MM-dd, E – y-MM-dd, E",
                  "y": "y-MM-dd, E – y-MM-dd, E"
                },
                "yMMM": {
                  "M": "y MMM–MMM",
                  "y": "y MMM – y MMM"
                },
                "yMMMd": {
                  "d": "y MMM d–d",
                  "M": "y MMM d – MMM d",
                  "y": "y MMM d – y MMM d"
                },
                "yMMMEd": {
                  "d": "y MMM d, E – MMM d, E",
                  "M": "y MMM d, E – MMM d, E",
                  "y": "y MMM d, E – y MMM d, E"
                },
                "yMMMM": {
                  "M": "y MMMM–MMMM",
                  "y": "y MMMM – y MMMM"
                }
              }
            }
          }
        }
      }
    }
  }
}
