{
  "main": {
    "be": {
      "identity": {
        "version": {
          "_number": "$Revision: 13705 $",
          "_cldrVersion": "32"
        },
        "language": "be"
      },
      "dates": {
        "calendars": {
          "gregorian": {
            "months": {
              "format": {
                "abbreviated": {
                  "1": "сту",
                  "2": "лют",
                  "3": "сак",
                  "4": "кра",
                  "5": "мая",
                  "6": "чэр",
                  "7": "ліп",
                  "8": "жні",
                  "9": "вер",
                  "10": "кас",
                  "11": "ліс",
                  "12": "сне"
                },
                "narrow": {
                  "1": "с",
                  "2": "л",
                  "3": "с",
                  "4": "к",
                  "5": "м",
                  "6": "ч",
                  "7": "л",
                  "8": "ж",
                  "9": "в",
                  "10": "к",
                  "11": "л",
                  "12": "с"
                },
                "wide": {
                  "1": "студзеня",
                  "2": "лютага",
                  "3": "сакавіка",
                  "4": "красавіка",
                  "5": "мая",
                  "6": "чэрвеня",
                  "7": "ліпеня",
                  "8": "жніўня",
                  "9": "верасня",
                  "10": "кастрычніка",
                  "11": "лістапада",
                  "12": "снежня"
                }
              },
              "stand-alone": {
                "abbreviated": {
                  "1": "сту",
                  "2": "лют",
                  "3": "сак",
                  "4": "кра",
                  "5": "май",
                  "6": "чэр",
                  "7": "ліп",
                  "8": "жні",
                  "9": "вер",
                  "10": "кас",
                  "11": "ліс",
                  "12": "сне"
                },
                "narrow": {
                  "1": "с",
                  "2": "л",
                  "3": "с",
                  "4": "к",
                  "5": "м",
                  "6": "ч",
                  "7": "л",
                  "8": "ж",
                  "9": "в",
                  "10": "к",
                  "11": "л",
                  "12": "с"
                },
                "wide": {
                  "1": "студзень",
                  "2": "люты",
                  "3": "сакавік",
                  "4": "красавік",
                  "5": "май",
                  "6": "чэрвень",
                  "7": "ліпень",
                  "8": "жнівень",
                  "9": "верасень",
                  "10": "кастрычнік",
                  "11": "лістапад",
                  "12": "снежань"
                }
              }
            },
            "days": {
              "format": {
                "abbreviated": {
                  "sun": "нд",
                  "mon": "пн",
                  "tue": "аў",
                  "wed": "ср",
                  "thu": "чц",
                  "fri": "пт",
                  "sat": "сб"
                },
                "narrow": {
                  "sun": "н",
                  "mon": "п",
                  "tue": "а",
                  "wed": "с",
                  "thu": "ч",
                  "fri": "п",
                  "sat": "с"
                },
                "short": {
                  "sun": "нд",
                  "mon": "пн",
                  "tue": "аў",
                  "wed": "ср",
                  "thu": "чц",
                  "fri": "пт",
                  "sat": "сб"
                },
                "wide": {
                  "sun": "нядзеля",
                  "mon": "панядзелак",
                  "tue": "аўторак",
                  "wed": "серада",
                  "thu": "чацвер",
                  "fri": "пятніца",
                  "sat": "субота"
                }
              },
              "stand-alone": {
                "abbreviated": {
                  "sun": "нд",
                  "mon": "пн",
                  "tue": "аў",
                  "wed": "ср",
                  "thu": "чц",
                  "fri": "пт",
                  "sat": "сб"
                },
                "narrow": {
                  "sun": "н",
                  "mon": "п",
                  "tue": "а",
                  "wed": "с",
                  "thu": "ч",
                  "fri": "п",
                  "sat": "с"
                },
                "short": {
                  "sun": "нд",
                  "mon": "пн",
                  "tue": "аў",
                  "wed": "ср",
                  "thu": "чц",
                  "fri": "пт",
                  "sat": "сб"
                },
                "wide": {
                  "sun": "нядзеля",
                  "mon": "панядзелак",
                  "tue": "аўторак",
                  "wed": "серада",
                  "thu": "чацвер",
                  "fri": "пятніца",
                  "sat": "субота"
                }
              }
            },
            "quarters": {
              "format": {
                "abbreviated": {
                  "1": "1-шы кв.",
                  "2": "2-гі кв.",
                  "3": "3-ці кв.",
                  "4": "4-ты кв."
                },
                "narrow": {
                  "1": "1",
                  "2": "2",
                  "3": "3",
                  "4": "4"
                },
                "wide": {
                  "1": "1-шы квартал",
                  "2": "2-гі квартал",
                  "3": "3-ці квартал",
                  "4": "4-ты квартал"
                }
              },
              "stand-alone": {
                "abbreviated": {
                  "1": "1-шы кв.",
                  "2": "2-гі кв.",
                  "3": "3-ці кв.",
                  "4": "4-ты кв."
                },
                "narrow": {
                  "1": "1",
                  "2": "2",
                  "3": "3",
                  "4": "4"
                },
                "wide": {
                  "1": "1-шы квартал",
                  "2": "2-гі квартал",
                  "3": "3-ці квартал",
                  "4": "4-ты квартал"
                }
              }
            },
            "dayPeriods": {
              "format": {
                "abbreviated": {
                  "am": "AM",
                  "pm": "PM"
                },
                "narrow": {
                  "am": "am",
                  "pm": "pm"
                },
                "wide": {
                  "am": "AM",
                  "pm": "PM"
                }
              },
              "stand-alone": {
                "abbreviated": {
                  "am": "AM",
                  "pm": "PM"
                },
                "narrow": {
                  "am": "AM",
                  "pm": "PM"
                },
                "wide": {
                  "am": "AM",
                  "pm": "PM"
                }
              }
            },
            "eras": {
              "eraNames": {
                "0": "да нараджэння Хрыстова",
                "0-alt-variant": "да нашай эры",
                "1": "ад нараджэння Хрыстова",
                "1-alt-variant": "нашай эры"
              },
              "eraAbbr": {
                "0": "да н.э.",
                "0-alt-variant": "BCE",
                "1": "н.э.",
                "1-alt-variant": "CE"
              },
              "eraNarrow": {
                "0": "да н.э.",
                "0-alt-variant": "BCE",
                "1": "н.э.",
                "1-alt-variant": "CE"
              }
            },
            "dateFormats": {
              "full": "EEEE, d MMMM y 'г'.",
              "long": "d MMMM y 'г'.",
              "medium": "d.MM.y",
              "short": "d.MM.yy"
            },
            "timeFormats": {
              "full": "HH:mm:ss, zzzz",
              "long": "HH:mm:ss z",
              "medium": "HH:mm:ss",
              "short": "HH:mm"
            },
            "dateTimeFormats": {
              "full": "{1} 'у' {0}",
              "long": "{1} 'у' {0}",
              "medium": "{1}, {0}",
              "short": "{1}, {0}",
              "availableFormats": {
                "Bh": "h B",
                "Bhm": "h:mm B",
                "Bhms": "h:mm:ss B",
                "d": "d",
                "E": "ccc",
                "EBhm": "E h:mm B",
                "EBhms": "E h:mm:ss B",
                "Ed": "d, E",
                "Ehm": "E h:mm a",
                "EHm": "E HH:mm",
                "Ehms": "E h:mm:ss a",
                "EHms": "E HH:mm:ss",
                "Gy": "y 'г'. G",
                "GyMMM": "LLL y 'г'. G",
                "GyMMMd": "d MMM y 'г'. G",
                "GyMMMEd": "E, d MMM y 'г'. G",
                "h": "hh a",
                "H": "HH",
                "hm": "h:mm a",
                "Hm": "HH:mm",
                "hms": "h:mm:ss a",
                "Hms": "HH:mm:ss",
                "hmsv": "h:mm:ss a v",
                "Hmsv": "HH:mm:ss v",
                "hmv": "h:mm a v",
                "Hmv": "HH:mm v",
                "M": "L",
                "Md": "d.M",
                "MEd": "E, d.M",
                "MMM": "LLL",
                "MMMd": "d MMM",
                "MMMEd": "E, d MMM",
                "MMMMd": "d MMMM",
                "MMMMEd": "E, d MMMM",
                "MMMMW-count-one": "W 'тыдзень' MMM",
                "MMMMW-count-few": "W 'тыдзень' MMM",
                "MMMMW-count-many": "W 'тыдзень' MMM",
                "MMMMW-count-other": "W 'тыдзень' MMM",
                "ms": "mm.ss",
                "y": "y",
                "yM": "M.y",
                "yMd": "d.M.y",
                "yMEd": "E, d.M.y",
                "yMMM": "LLL y",
                "yMMMd": "d MMM y",
                "yMMMEd": "E, d MMM y",
                "yMMMM": "LLLL y",
                "yQQQ": "QQQ y",
                "yQQQQ": "QQQQ y",
                "yw-count-one": "w 'тыдзень' Y",
                "yw-count-few": "w 'тыдзень' Y",
                "yw-count-many": "w 'тыдзень' Y",
                "yw-count-other": "w 'тыдзень' Y"
              },
              "appendItems": {
                "Day": "{0} ({2}: {1})",
                "Day-Of-Week": "{0} {1}",
                "Era": "{1} {0}",
                "Hour": "{0} ({2}: {1})",
                "Minute": "{0} ({2}: {1})",
                "Month": "{0} ({2}: {1})",
                "Quarter": "{0} ({2}: {1})",
                "Second": "{0} ({2}: {1})",
                "Timezone": "{0} {1}",
                "Week": "{0} ({2}: {1})",
                "Year": "{1} {0}"
              },
              "intervalFormats": {
                "intervalFormatFallback": "{0} – {1}",
                "d": {
                  "d": "d–d"
                },
                "h": {
                  "a": "h a – h a",
                  "h": "h–h a"
                },
                "H": {
                  "H": "HH–HH"
                },
                "hm": {
                  "a": "h:mm a – h:mm a",
                  "h": "h:mm–h:mm a",
                  "m": "h:mm–h:mm a"
                },
                "Hm": {
                  "H": "HH.mm–HH.mm",
                  "m": "HH.mm–HH.mm"
                },
                "hmv": {
                  "a": "h:mm a – h:mm a v",
                  "h": "h:mm–h:mm a v",
                  "m": "h:mm–h:mm a v"
                },
                "Hmv": {
                  "H": "HH.mm–HH.mm v",
                  "m": "HH.mm–HH.mm v"
                },
                "hv": {
                  "a": "h a – h a v",
                  "h": "h–h a v"
                },
                "Hv": {
                  "H": "HH–HH v"
                },
                "M": {
                  "M": "M–M"
                },
                "Md": {
                  "d": "d.M – d.M",
                  "M": "d.M – d.M"
                },
                "MEd": {
                  "d": "E, d.M – E, d.M",
                  "M": "E, d.M – E, d.M"
                },
                "MMM": {
                  "M": "LLL–LLL"
                },
                "MMMd": {
                  "d": "d–d MMM",
                  "M": "d MMM – d MMM"
                },
                "MMMEd": {
                  "d": "E, d – E, d MMM",
                  "M": "E, d MMM – E, d MMM"
                },
                "y": {
                  "y": "y–y"
                },
                "yM": {
                  "M": "M.y – M.y",
                  "y": "M.y – M.y"
                },
                "yMd": {
                  "d": "d.M.y – d.M.y",
                  "M": "d.M.y – d.M.y",
                  "y": "d.M.y – d.M.y"
                },
                "yMEd": {
                  "d": "E, d.M.y – E, d.M.y",
                  "M": "E, d.M.y – E, d.M.y",
                  "y": "E, d.M.y – E, d.M.y"
                },
                "yMMM": {
                  "M": "LLL–LLL y",
                  "y": "LLL y – LLL y"
                },
                "yMMMd": {
                  "d": "d–d MMM y",
                  "M": "d MMM – d MMM y",
                  "y": "d MMM y – d MMM y"
                },
                "yMMMEd": {
                  "d": "E, d – E, d MMM y",
                  "M": "E, d MMM – E, d MMM y",
                  "y": "E, d MMM y – E, d MMM y"
                },
                "yMMMM": {
                  "M": "LLLL–LLLL y",
                  "y": "LLLL y – LLLL y"
                }
              }
            }
          }
        }
      }
    }
  }
}
