{
  "main": {
    "bas": {
      "identity": {
        "version": {
          "_number": "$Revision: 13701 $",
          "_cldrVersion": "32"
        },
        "language": "bas"
      },
      "dates": {
        "calendars": {
          "gregorian": {
            "months": {
              "format": {
                "abbreviated": {
                  "1": "kɔn",
                  "2": "mac",
                  "3": "mat",
                  "4": "mto",
                  "5": "mpu",
                  "6": "hil",
                  "7": "nje",
                  "8": "hik",
                  "9": "dip",
                  "10": "bio",
                  "11": "may",
                  "12": "liɓ"
                },
                "narrow": {
                  "1": "k",
                  "2": "m",
                  "3": "m",
                  "4": "m",
                  "5": "m",
                  "6": "h",
                  "7": "n",
                  "8": "h",
                  "9": "d",
                  "10": "b",
                  "11": "m",
                  "12": "l"
                },
                "wide": {
                  "1": "Kɔndɔŋ",
                  "2": "Màcɛ̂l",
                  "3": "Màtùmb",
                  "4": "Màtop",
                  "5": "M̀puyɛ",
                  "6": "Hìlòndɛ̀",
                  "7": "Njèbà",
                  "8": "Hìkaŋ",
                  "9": "Dìpɔ̀s",
                  "10": "Bìòôm",
                  "11": "Màyɛsèp",
                  "12": "Lìbuy li ńyèe"
                }
              },
              "stand-alone": {
                "abbreviated": {
                  "1": "kɔn",
                  "2": "mac",
                  "3": "mat",
                  "4": "mto",
                  "5": "mpu",
                  "6": "hil",
                  "7": "nje",
                  "8": "hik",
                  "9": "dip",
                  "10": "bio",
                  "11": "may",
                  "12": "liɓ"
                },
                "narrow": {
                  "1": "k",
                  "2": "m",
                  "3": "m",
                  "4": "m",
                  "5": "m",
                  "6": "h",
                  "7": "n",
                  "8": "h",
                  "9": "d",
                  "10": "b",
                  "11": "m",
                  "12": "l"
                },
                "wide": {
                  "1": "Kɔndɔŋ",
                  "2": "Màcɛ̂l",
                  "3": "Màtùmb",
                  "4": "Màtop",
                  "5": "M̀puyɛ",
                  "6": "Hìlòndɛ̀",
                  "7": "Njèbà",
                  "8": "Hìkaŋ",
                  "9": "Dìpɔ̀s",
                  "10": "Bìòôm",
                  "11": "Màyɛsèp",
                  "12": "Lìbuy li ńyèe"
                }
              }
            },
            "days": {
              "format": {
                "abbreviated": {
                  "sun": "nɔy",
                  "mon": "nja",
                  "tue": "uum",
                  "wed": "ŋge",
                  "thu": "mbɔ",
                  "fri": "kɔɔ",
                  "sat": "jon"
                },
                "narrow": {
                  "sun": "n",
                  "mon": "n",
                  "tue": "u",
                  "wed": "ŋ",
                  "thu": "m",
                  "fri": "k",
                  "sat": "j"
                },
                "short": {
                  "sun": "nɔy",
                  "mon": "nja",
                  "tue": "uum",
                  "wed": "ŋge",
                  "thu": "mbɔ",
                  "fri": "kɔɔ",
                  "sat": "jon"
                },
                "wide": {
                  "sun": "ŋgwà nɔ̂y",
                  "mon": "ŋgwà njaŋgumba",
                  "tue": "ŋgwà ûm",
                  "wed": "ŋgwà ŋgê",
                  "thu": "ŋgwà mbɔk",
                  "fri": "ŋgwà kɔɔ",
                  "sat": "ŋgwà jôn"
                }
              },
              "stand-alone": {
                "abbreviated": {
                  "sun": "nɔy",
                  "mon": "nja",
                  "tue": "uum",
                  "wed": "ŋge",
                  "thu": "mbɔ",
                  "fri": "kɔɔ",
                  "sat": "jon"
                },
                "narrow": {
                  "sun": "n",
                  "mon": "n",
                  "tue": "u",
                  "wed": "ŋ",
                  "thu": "m",
                  "fri": "k",
                  "sat": "j"
                },
                "short": {
                  "sun": "nɔy",
                  "mon": "nja",
                  "tue": "uum",
                  "wed": "ŋge",
                  "thu": "mbɔ",
                  "fri": "kɔɔ",
                  "sat": "jon"
                },
                "wide": {
                  "sun": "ŋgwà nɔ̂y",
                  "mon": "ŋgwà njaŋgumba",
                  "tue": "ŋgwà ûm",
                  "wed": "ŋgwà ŋgê",
                  "thu": "ŋgwà mbɔk",
                  "fri": "ŋgwà kɔɔ",
                  "sat": "ŋgwà jôn"
                }
              }
            },
            "quarters": {
              "format": {
                "abbreviated": {
                  "1": "K1s3",
                  "2": "K2s3",
                  "3": "K3s3",
                  "4": "K4s3"
                },
                "narrow": {
                  "1": "1",
                  "2": "2",
                  "3": "3",
                  "4": "4"
                },
                "wide": {
                  "1": "Kèk bisu i soŋ iaâ",
                  "2": "Kèk i ńyonos biɓaà i soŋ iaâ",
                  "3": "Kèk i ńyonos biaâ i soŋ iaâ",
                  "4": "Kèk i ńyonos binâ i soŋ iaâ"
                }
              },
              "stand-alone": {
                "abbreviated": {
                  "1": "K1s3",
                  "2": "K2s3",
                  "3": "K3s3",
                  "4": "K4s3"
                },
                "narrow": {
                  "1": "1",
                  "2": "2",
                  "3": "3",
                  "4": "4"
                },
                "wide": {
                  "1": "Kèk bisu i soŋ iaâ",
                  "2": "Kèk i ńyonos biɓaà i soŋ iaâ",
                  "3": "Kèk i ńyonos biaâ i soŋ iaâ",
                  "4": "Kèk i ńyonos binâ i soŋ iaâ"
                }
              }
            },
            "dayPeriods": {
              "format": {
                "abbreviated": {
                  "am": "I bikɛ̂glà",
                  "pm": "I ɓugajɔp"
                },
                "narrow": {
                  "am": "I bikɛ̂glà",
                  "pm": "I ɓugajɔp"
                },
                "wide": {
                  "am": "I bikɛ̂glà",
                  "pm": "I ɓugajɔp"
                }
              },
              "stand-alone": {
                "abbreviated": {
                  "am": "I bikɛ̂glà",
                  "pm": "I ɓugajɔp"
                },
                "narrow": {
                  "am": "I bikɛ̂glà",
                  "pm": "I ɓugajɔp"
                },
                "wide": {
                  "am": "I bikɛ̂glà",
                  "pm": "I ɓugajɔp"
                }
              }
            },
            "eras": {
              "eraNames": {
                "0": "bisū bi Yesù Krǐstò",
                "0-alt-variant": "BCE",
                "1": "i mbūs Yesù Krǐstò",
                "1-alt-variant": "CE"
              },
              "eraAbbr": {
                "0": "b.Y.K",
                "0-alt-variant": "BCE",
                "1": "m.Y.K",
                "1-alt-variant": "CE"
              },
              "eraNarrow": {
                "0": "b.Y.K",
                "0-alt-variant": "BCE",
                "1": "m.Y.K",
                "1-alt-variant": "CE"
              }
            },
            "dateFormats": {
              "full": "EEEE d MMMM y",
              "long": "d MMMM y",
              "medium": "d MMM, y",
              "short": "d/M/y"
            },
            "timeFormats": {
              "full": "HH:mm:ss zzzz",
              "long": "HH:mm:ss z",
              "medium": "HH:mm:ss",
              "short": "HH:mm"
            },
            "dateTimeFormats": {
              "full": "{1} {0}",
              "long": "{1} {0}",
              "medium": "{1} {0}",
              "short": "{1} {0}",
              "availableFormats": {
                "Bh": "h B",
                "Bhm": "h:mm B",
                "Bhms": "h:mm:ss B",
                "d": "d",
                "E": "ccc",
                "EBhm": "E h:mm B",
                "EBhms": "E h:mm:ss B",
                "Ed": "E d",
                "Ehm": "E h:mm a",
                "EHm": "E HH:mm",
                "Ehms": "E h:mm:ss a",
                "EHms": "E HH:mm:ss",
                "Gy": "G y",
                "GyMMM": "G y MMM",
                "GyMMMd": "G y MMM d",
                "GyMMMEd": "G y MMM d, E",
                "h": "h a",
                "H": "HH",
                "hm": "h:mm a",
                "Hm": "HH:mm",
                "hms": "h:mm:ss a",
                "Hms": "HH:mm:ss",
                "hmsv": "h:mm:ss a v",
                "Hmsv": "HH:mm:ss v",
                "hmv": "h:mm a v",
                "Hmv": "HH:mm v",
                "M": "L",
                "Md": "d/M",
                "MEd": "E d/M",
                "MMM": "LLL",
                "MMMd": "d MMM",
                "MMMEd": "E d MMM",
                "MMMMd": "MMMM d",
                "MMMMW-count-other": "'week' W 'of' MMMM",
                "ms": "m:ss",
                "y": "y",
                "yM": "M/y",
                "yMd": "d/M/y",
                "yMEd": "E d/M/y",
                "yMMM": "MMM y",
                "yMMMd": "d MMM y",
                "yMMMEd": "E d MMM y",
                "yMMMM": "y MMMM",
                "yQQQ": "QQQ y",
                "yQQQQ": "QQQQ y",
                "yw-count-other": "'week' w 'of' Y"
              },
              "appendItems": {
                "Day": "{0} ({2}: {1})",
                "Day-Of-Week": "{0} {1}",
                "Era": "{1} {0}",
                "Hour": "{0} ({2}: {1})",
                "Minute": "{0} ({2}: {1})",
                "Month": "{0} ({2}: {1})",
                "Quarter": "{0} ({2}: {1})",
                "Second": "{0} ({2}: {1})",
                "Timezone": "{0} {1}",
                "Week": "{0} ({2}: {1})",
                "Year": "{1} {0}"
              },
              "intervalFormats": {
                "intervalFormatFallback": "{0} – {1}",
                "d": {
                  "d": "d–d"
                },
                "h": {
                  "a": "h a – h a",
                  "h": "h–h a"
                },
                "H": {
                  "H": "HH–HH"
                },
                "hm": {
                  "a": "h:mm a – h:mm a",
                  "h": "h:mm–h:mm a",
                  "m": "h:mm–h:mm a"
                },
                "Hm": {
                  "H": "HH:mm–HH:mm",
                  "m": "HH:mm–HH:mm"
                },
                "hmv": {
                  "a": "h:mm a – h:mm a v",
                  "h": "h:mm–h:mm a v",
                  "m": "h:mm–h:mm a v"
                },
                "Hmv": {
                  "H": "HH:mm–HH:mm v",
                  "m": "HH:mm–HH:mm v"
                },
                "hv": {
                  "a": "h a – h a v",
                  "h": "h–h a v"
                },
                "Hv": {
                  "H": "HH–HH v"
                },
                "M": {
                  "M": "MM–MM"
                },
                "Md": {
                  "d": "MM-dd – MM-dd",
                  "M": "MM-dd – MM-dd"
                },
                "MEd": {
                  "d": "MM-dd, E – MM-dd, E",
                  "M": "MM-dd, E – MM-dd, E"
                },
                "MMM": {
                  "M": "LLL–LLL"
                },
                "MMMd": {
                  "d": "MMM d–d",
                  "M": "MMM d – MMM d"
                },
                "MMMEd": {
                  "d": "MMM d, E – MMM d, E",
                  "M": "MMM d, E – MMM d, E"
                },
                "y": {
                  "y": "y–y"
                },
                "yM": {
                  "M": "y-MM – y-MM",
                  "y": "y-MM – y-MM"
                },
                "yMd": {
                  "d": "y-MM-dd – y-MM-dd",
                  "M": "y-MM-dd – y-MM-dd",
                  "y": "y-MM-dd – y-MM-dd"
                },
                "yMEd": {
                  "d": "y-MM-dd, E – y-MM-dd, E",
                  "M": "y-MM-dd, E – y-MM-dd, E",
                  "y": "y-MM-dd, E – y-MM-dd, E"
                },
                "yMMM": {
                  "M": "y MMM–MMM",
                  "y": "y MMM – y MMM"
                },
                "yMMMd": {
                  "d": "y MMM d–d",
                  "M": "y MMM d – MMM d",
                  "y": "y MMM d – y MMM d"
                },
                "yMMMEd": {
                  "d": "y MMM d, E – MMM d, E",
                  "M": "y MMM d, E – MMM d, E",
                  "y": "y MMM d, E – y MMM d, E"
                },
                "yMMMM": {
                  "M": "y MMMM–MMMM",
                  "y": "y MMMM – y MMMM"
                }
              }
            }
          }
        }
      }
    }
  }
}
