{
  "main": {
    "ca-FR": {
      "identity": {
        "version": {
          "_number": "$Revision: 13133 $",
          "_cldrVersion": "32"
        },
        "language": "ca",
        "territory": "FR"
      },
      "dates": {
        "fields": {
          "era": {
            "displayName": "era"
          },
          "era-short": {
            "displayName": "era"
          },
          "era-narrow": {
            "displayName": "era"
          },
          "year": {
            "displayName": "any",
            "relative-type--1": "l’any passat",
            "relative-type-0": "enguany",
            "relative-type-1": "l’any que ve",
            "relativeTime-type-future": {
              "relativeTimePattern-count-one": "d’aquí a {0} any",
              "relativeTimePattern-count-other": "d’aquí a {0} anys"
            },
            "relativeTime-type-past": {
              "relativeTimePattern-count-one": "fa {0} any",
              "relativeTimePattern-count-other": "fa {0} anys"
            }
          },
          "year-short": {
            "displayName": "any",
            "relative-type--1": "l’any passat",
            "relative-type-0": "enguany",
            "relative-type-1": "l’any que ve",
            "relativeTime-type-future": {
              "relativeTimePattern-count-one": "d’aquí a {0} any",
              "relativeTimePattern-count-other": "d’aquí a {0} anys"
            },
            "relativeTime-type-past": {
              "relativeTimePattern-count-one": "fa {0} any",
              "relativeTimePattern-count-other": "fa {0} anys"
            }
          },
          "year-narrow": {
            "displayName": "any",
            "relative-type--1": "l’any passat",
            "relative-type-0": "enguany",
            "relative-type-1": "l’any que ve",
            "relativeTime-type-future": {
              "relativeTimePattern-count-one": "d’aquí a {0} any",
              "relativeTimePattern-count-other": "d’aquí a {0} anys"
            },
            "relativeTime-type-past": {
              "relativeTimePattern-count-one": "fa {0} any",
              "relativeTimePattern-count-other": "fa {0} anys"
            }
          },
          "quarter": {
            "displayName": "trimestre",
            "relative-type--1": "el trimestre passat",
            "relative-type-0": "aquest trimestre",
            "relative-type-1": "el trimestre que ve",
            "relativeTime-type-future": {
              "relativeTimePattern-count-one": "d’aquí a {0} trimestre",
              "relativeTimePattern-count-other": "d’aquí a {0} trimestres"
            },
            "relativeTime-type-past": {
              "relativeTimePattern-count-one": "fa {0} trimestre",
              "relativeTimePattern-count-other": "fa {0} trimestres"
            }
          },
          "quarter-short": {
            "displayName": "trim.",
            "relative-type--1": "el trim. passat",
            "relative-type-0": "aquest trim.",
            "relative-type-1": "el trim. que ve",
            "relativeTime-type-future": {
              "relativeTimePattern-count-one": "d’aquí a {0} trim.",
              "relativeTimePattern-count-other": "d’aquí a {0} trim."
            },
            "relativeTime-type-past": {
              "relativeTimePattern-count-one": "fa {0} trim.",
              "relativeTimePattern-count-other": "fa {0} trim."
            }
          },
          "quarter-narrow": {
            "displayName": "trim.",
            "relative-type--1": "trim. passat",
            "relative-type-0": "aquest trim.",
            "relative-type-1": "trim. vinent",
            "relativeTime-type-future": {
              "relativeTimePattern-count-one": "d’aquí a {0} trim.",
              "relativeTimePattern-count-other": "d’aquí a {0} trim."
            },
            "relativeTime-type-past": {
              "relativeTimePattern-count-one": "fa {0} trim.",
              "relativeTimePattern-count-other": "fa {0} trim."
            }
          },
          "month": {
            "displayName": "mes",
            "relative-type--1": "el mes passat",
            "relative-type-0": "aquest mes",
            "relative-type-1": "el mes que ve",
            "relativeTime-type-future": {
              "relativeTimePattern-count-one": "d’aquí a {0} mes",
              "relativeTimePattern-count-other": "d’aquí a {0} mesos"
            },
            "relativeTime-type-past": {
              "relativeTimePattern-count-one": "fa {0} mes",
              "relativeTimePattern-count-other": "fa {0} mesos"
            }
          },
          "month-short": {
            "displayName": "mes",
            "relative-type--1": "el mes passat",
            "relative-type-0": "aquest mes",
            "relative-type-1": "el mes que ve",
            "relativeTime-type-future": {
              "relativeTimePattern-count-one": "d’aquí a {0} mes",
              "relativeTimePattern-count-other": "d’aquí a {0} mesos"
            },
            "relativeTime-type-past": {
              "relativeTimePattern-count-one": "fa {0} mes",
              "relativeTimePattern-count-other": "fa {0} mesos"
            }
          },
          "month-narrow": {
            "displayName": "mes",
            "relative-type--1": "mes passat",
            "relative-type-0": "aquest mes",
            "relative-type-1": "mes vinent",
            "relativeTime-type-future": {
              "relativeTimePattern-count-one": "d’aquí a {0} mes",
              "relativeTimePattern-count-other": "d’aquí a {0} mesos"
            },
            "relativeTime-type-past": {
              "relativeTimePattern-count-one": "fa {0} mes",
              "relativeTimePattern-count-other": "fa {0} mesos"
            }
          },
          "week": {
            "displayName": "setmana",
            "relative-type--1": "la setmana passada",
            "relative-type-0": "aquesta setmana",
            "relative-type-1": "la setmana que ve",
            "relativeTime-type-future": {
              "relativeTimePattern-count-one": "d’aquí a {0} setmana",
              "relativeTimePattern-count-other": "d’aquí a {0} setmanes"
            },
            "relativeTime-type-past": {
              "relativeTimePattern-count-one": "fa {0} setmana",
              "relativeTimePattern-count-other": "fa {0} setmanes"
            },
            "relativePeriod": "la setmana del {0}"
          },
          "week-short": {
            "displayName": "setm.",
            "relative-type--1": "la setm. passada",
            "relative-type-0": "aquesta setm.",
            "relative-type-1": "la setm. que ve",
            "relativeTime-type-future": {
              "relativeTimePattern-count-one": "d’aquí a {0} setm.",
              "relativeTimePattern-count-other": "d’aquí a {0} setm."
            },
            "relativeTime-type-past": {
              "relativeTimePattern-count-one": "fa {0} setm.",
              "relativeTimePattern-count-other": "fa {0} setm."
            },
            "relativePeriod": "la setmana del {0}"
          },
          "week-narrow": {
            "displayName": "setm.",
            "relative-type--1": "setm. passada",
            "relative-type-0": "aquesta setm.",
            "relative-type-1": "setm. vinent",
            "relativeTime-type-future": {
              "relativeTimePattern-count-one": "d’aquí a {0} setm.",
              "relativeTimePattern-count-other": "d’aquí a {0} setm."
            },
            "relativeTime-type-past": {
              "relativeTimePattern-count-one": "fa {0} setm.",
              "relativeTimePattern-count-other": "fa {0} setm."
            },
            "relativePeriod": "la setmana del {0}"
          },
          "weekOfMonth": {
            "displayName": "setmana del mes"
          },
          "weekOfMonth-short": {
            "displayName": "setm. del mes"
          },
          "weekOfMonth-narrow": {
            "displayName": "setm. del mes"
          },
          "day": {
            "displayName": "dia",
            "relative-type--2": "abans-d’ahir",
            "relative-type--1": "ahir",
            "relative-type-0": "avui",
            "relative-type-1": "demà",
            "relative-type-2": "demà passat",
            "relativeTime-type-future": {
              "relativeTimePattern-count-one": "d’aquí a {0} dia",
              "relativeTimePattern-count-other": "d’aquí a {0} dies"
            },
            "relativeTime-type-past": {
              "relativeTimePattern-count-one": "fa {0} dia",
              "relativeTimePattern-count-other": "fa {0} dies"
            }
          },
          "day-short": {
            "displayName": "dia",
            "relative-type--2": "abans-d’ahir",
            "relative-type--1": "ahir",
            "relative-type-0": "avui",
            "relative-type-1": "demà",
            "relative-type-2": "demà passat",
            "relativeTime-type-future": {
              "relativeTimePattern-count-one": "d’aquí a {0} dia",
              "relativeTimePattern-count-other": "d’aquí a {0} dies"
            },
            "relativeTime-type-past": {
              "relativeTimePattern-count-one": "fa {0} dia",
              "relativeTimePattern-count-other": "fa {0} dies"
            }
          },
          "day-narrow": {
            "displayName": "dia",
            "relative-type--2": "abans-d’ahir",
            "relative-type--1": "ahir",
            "relative-type-0": "avui",
            "relative-type-1": "demà",
            "relative-type-2": "demà passat",
            "relativeTime-type-future": {
              "relativeTimePattern-count-one": "d’aquí a {0} dia",
              "relativeTimePattern-count-other": "d’aquí a {0} dies"
            },
            "relativeTime-type-past": {
              "relativeTimePattern-count-one": "fa {0} dia",
              "relativeTimePattern-count-other": "fa {0} dies"
            }
          },
          "dayOfYear": {
            "displayName": "dia de l’any"
          },
          "dayOfYear-short": {
            "displayName": "dia de l’any"
          },
          "dayOfYear-narrow": {
            "displayName": "dia de l’any"
          },
          "weekday": {
            "displayName": "dia de la setmana"
          },
          "weekday-short": {
            "displayName": "dia de la setm."
          },
          "weekday-narrow": {
            "displayName": "dia de la setm."
          },
          "weekdayOfMonth": {
            "displayName": "dia de la setmana del mes"
          },
          "weekdayOfMonth-short": {
            "displayName": "dia de la setm. del mes"
          },
          "weekdayOfMonth-narrow": {
            "displayName": "dia de la setm. del mes"
          },
          "sun": {
            "relative-type--1": "diumenge passat",
            "relative-type-0": "aquest diumenge",
            "relative-type-1": "diumenge que ve",
            "relativeTime-type-future": {
              "relativeTimePattern-count-one": "d’aquí a {0} diumenge",
              "relativeTimePattern-count-other": "d’aquí a {0} diumenges"
            },
            "relativeTime-type-past": {
              "relativeTimePattern-count-one": "fa {0} diumenge",
              "relativeTimePattern-count-other": "fa {0} diumenges"
            }
          },
          "sun-short": {
            "relative-type--1": "dg. passat",
            "relative-type-0": "aquest dg.",
            "relative-type-1": "dg. que ve",
            "relativeTime-type-future": {
              "relativeTimePattern-count-one": "d’aquí a {0} dg.",
              "relativeTimePattern-count-other": "d’aquí a {0} dg."
            },
            "relativeTime-type-past": {
              "relativeTimePattern-count-one": "fa {0} dg.",
              "relativeTimePattern-count-other": "fa {0} dg."
            }
          },
          "sun-narrow": {
            "relative-type--1": "dg. passat",
            "relative-type-0": "aquest dg.",
            "relative-type-1": "dg. que ve",
            "relativeTime-type-future": {
              "relativeTimePattern-count-one": "d’aquí a {0} dg.",
              "relativeTimePattern-count-other": "d’aquí a {0} dg."
            },
            "relativeTime-type-past": {
              "relativeTimePattern-count-one": "fa {0} dg.",
              "relativeTimePattern-count-other": "fa {0} dg."
            }
          },
          "mon": {
            "relative-type--1": "dilluns passat",
            "relative-type-0": "aquest dilluns",
            "relative-type-1": "dilluns que ve",
            "relativeTime-type-future": {
              "relativeTimePattern-count-one": "d’aquí a {0} dilluns",
              "relativeTimePattern-count-other": "d’aquí a {0} dilluns"
            },
            "relativeTime-type-past": {
              "relativeTimePattern-count-one": "fa {0} dilluns",
              "relativeTimePattern-count-other": "fa {0} dilluns"
            }
          },
          "mon-short": {
            "relative-type--1": "dl. passat",
            "relative-type-0": "aquest dl.",
            "relative-type-1": "dl. que ve",
            "relativeTime-type-future": {
              "relativeTimePattern-count-one": "d’aquí a {0} dl.",
              "relativeTimePattern-count-other": "d’aquí a {0} dl."
            },
            "relativeTime-type-past": {
              "relativeTimePattern-count-one": "fa {0} dl.",
              "relativeTimePattern-count-other": "fa {0} dl."
            }
          },
          "mon-narrow": {
            "relative-type--1": "dl. passat",
            "relative-type-0": "aquest dl.",
            "relative-type-1": "dl. que ve",
            "relativeTime-type-future": {
              "relativeTimePattern-count-one": "d’aquí a {0} dl.",
              "relativeTimePattern-count-other": "d’aquí a {0} dl."
            },
            "relativeTime-type-past": {
              "relativeTimePattern-count-one": "fa {0} dl.",
              "relativeTimePattern-count-other": "fa {0} dl."
            }
          },
          "tue": {
            "relative-type--1": "dimarts passat",
            "relative-type-0": "aquest dimarts",
            "relative-type-1": "dimarts que ve",
            "relativeTime-type-future": {
              "relativeTimePattern-count-one": "d’aquí a {0} dimarts",
              "relativeTimePattern-count-other": "d’aquí a {0} dimarts"
            },
            "relativeTime-type-past": {
              "relativeTimePattern-count-one": "fa {0} dimarts",
              "relativeTimePattern-count-other": "fa {0} dimarts"
            }
          },
          "tue-short": {
            "relative-type--1": "dt. passat",
            "relative-type-0": "aquest dt.",
            "relative-type-1": "dt. que ve",
            "relativeTime-type-future": {
              "relativeTimePattern-count-one": "d’aquí a {0} dt.",
              "relativeTimePattern-count-other": "d’aquí a {0} dt."
            },
            "relativeTime-type-past": {
              "relativeTimePattern-count-one": "fa {0} dt.",
              "relativeTimePattern-count-other": "fa {0} dt."
            }
          },
          "tue-narrow": {
            "relative-type--1": "dt. passat",
            "relative-type-0": "aquest dt.",
            "relative-type-1": "dt. que ve",
            "relativeTime-type-future": {
              "relativeTimePattern-count-one": "d’aquí a {0} dt.",
              "relativeTimePattern-count-other": "d’aquí a {0} dt."
            },
            "relativeTime-type-past": {
              "relativeTimePattern-count-one": "fa {0} dt.",
              "relativeTimePattern-count-other": "fa {0} dt."
            }
          },
          "wed": {
            "relative-type--1": "dimecres passat",
            "relative-type-0": "aquest dimecres",
            "relative-type-1": "dimecres que ve",
            "relativeTime-type-future": {
              "relativeTimePattern-count-one": "d’aquí a {0} dimecres",
              "relativeTimePattern-count-other": "d’aquí a {0} dimecres"
            },
            "relativeTime-type-past": {
              "relativeTimePattern-count-one": "fa {0} dimecres",
              "relativeTimePattern-count-other": "fa {0} dimecres"
            }
          },
          "wed-short": {
            "relative-type--1": "dc. passat",
            "relative-type-0": "aquest dc.",
            "relative-type-1": "dc. que ve",
            "relativeTime-type-future": {
              "relativeTimePattern-count-one": "d’aquí a {0} dc.",
              "relativeTimePattern-count-other": "d’aquí a {0} dc."
            },
            "relativeTime-type-past": {
              "relativeTimePattern-count-one": "fa {0} dc.",
              "relativeTimePattern-count-other": "fa {0} dc."
            }
          },
          "wed-narrow": {
            "relative-type--1": "dc. passat",
            "relative-type-0": "aquest dc.",
            "relative-type-1": "dc. que ve",
            "relativeTime-type-future": {
              "relativeTimePattern-count-one": "d’aquí a {0} dc.",
              "relativeTimePattern-count-other": "d’aquí a {0} dc."
            },
            "relativeTime-type-past": {
              "relativeTimePattern-count-one": "fa {0} dc.",
              "relativeTimePattern-count-other": "fa {0} dc."
            }
          },
          "thu": {
            "relative-type--1": "dijous passat",
            "relative-type-0": "aquest dijous",
            "relative-type-1": "dijous que ve",
            "relativeTime-type-future": {
              "relativeTimePattern-count-one": "d’aquí a {0} dijous",
              "relativeTimePattern-count-other": "d’aquí a {0} dijous"
            },
            "relativeTime-type-past": {
              "relativeTimePattern-count-one": "fa {0} dijous",
              "relativeTimePattern-count-other": "fa {0} dijous"
            }
          },
          "thu-short": {
            "relative-type--1": "dj. passat",
            "relative-type-0": "aquest dj.",
            "relative-type-1": "dj. que ve",
            "relativeTime-type-future": {
              "relativeTimePattern-count-one": "d’aquí a {0} dj.",
              "relativeTimePattern-count-other": "d’aquí a {0} dj."
            },
            "relativeTime-type-past": {
              "relativeTimePattern-count-one": "fa {0} dj.",
              "relativeTimePattern-count-other": "fa {0} dj."
            }
          },
          "thu-narrow": {
            "relative-type--1": "dj. passat",
            "relative-type-0": "aquest dj.",
            "relative-type-1": "dj. que ve",
            "relativeTime-type-future": {
              "relativeTimePattern-count-one": "d’aquí a {0} dj.",
              "relativeTimePattern-count-other": "d’aquí a {0} dj."
            },
            "relativeTime-type-past": {
              "relativeTimePattern-count-one": "fa {0} dj.",
              "relativeTimePattern-count-other": "fa {0} dj."
            }
          },
          "fri": {
            "relative-type--1": "divendres passat",
            "relative-type-0": "aquest divendres",
            "relative-type-1": "divendres que ve",
            "relativeTime-type-future": {
              "relativeTimePattern-count-one": "d’aquí a {0} divendres",
              "relativeTimePattern-count-other": "d’aquí a {0} divendres"
            },
            "relativeTime-type-past": {
              "relativeTimePattern-count-one": "fa {0} divendres",
              "relativeTimePattern-count-other": "fa {0} divendres"
            }
          },
          "fri-short": {
            "relative-type--1": "dv. passat",
            "relative-type-0": "aquest dv.",
            "relative-type-1": "dv. que ve",
            "relativeTime-type-future": {
              "relativeTimePattern-count-one": "d’aquí a {0} dv.",
              "relativeTimePattern-count-other": "d’aquí a {0} dv."
            },
            "relativeTime-type-past": {
              "relativeTimePattern-count-one": "fa {0} dv.",
              "relativeTimePattern-count-other": "fa {0} dv."
            }
          },
          "fri-narrow": {
            "relative-type--1": "dv. passat",
            "relative-type-0": "aquest dv.",
            "relative-type-1": "dv. que ve",
            "relativeTime-type-future": {
              "relativeTimePattern-count-one": "d’aquí a {0} dv.",
              "relativeTimePattern-count-other": "d’aquí a {0} dv."
            },
            "relativeTime-type-past": {
              "relativeTimePattern-count-one": "fa {0} dv.",
              "relativeTimePattern-count-other": "fa {0} dv."
            }
          },
          "sat": {
            "relative-type--1": "dissabte passat",
            "relative-type-0": "aquest dissabte",
            "relative-type-1": "dissabte que ve",
            "relativeTime-type-future": {
              "relativeTimePattern-count-one": "d’aquí a {0} dissabte",
              "relativeTimePattern-count-other": "d’aquí a {0} dissabtes"
            },
            "relativeTime-type-past": {
              "relativeTimePattern-count-one": "fa {0} dissabte",
              "relativeTimePattern-count-other": "fa {0} dissabtes"
            }
          },
          "sat-short": {
            "relative-type--1": "ds. passat",
            "relative-type-0": "aquest ds.",
            "relative-type-1": "ds. que ve",
            "relativeTime-type-future": {
              "relativeTimePattern-count-one": "d’aquí a {0} ds.",
              "relativeTimePattern-count-other": "d’aquí a {0} ds."
            },
            "relativeTime-type-past": {
              "relativeTimePattern-count-one": "fa {0} ds.",
              "relativeTimePattern-count-other": "fa {0} ds."
            }
          },
          "sat-narrow": {
            "relative-type--1": "ds. passat",
            "relative-type-0": "aquest ds.",
            "relative-type-1": "ds. que ve",
            "relativeTime-type-future": {
              "relativeTimePattern-count-one": "d’aquí a {0} ds.",
              "relativeTimePattern-count-other": "d’aquí a {0} ds."
            },
            "relativeTime-type-past": {
              "relativeTimePattern-count-one": "fa {0} ds.",
              "relativeTimePattern-count-other": "fa {0} ds."
            }
          },
          "dayperiod-short": {
            "displayName": "a. m./p. m."
          },
          "dayperiod": {
            "displayName": "a. m./p. m."
          },
          "dayperiod-narrow": {
            "displayName": "a. m./p. m."
          },
          "hour": {
            "displayName": "hora",
            "relative-type-0": "aquesta hora",
            "relativeTime-type-future": {
              "relativeTimePattern-count-one": "d’aquí a {0} hora",
              "relativeTimePattern-count-other": "d’aquí a {0} hores"
            },
            "relativeTime-type-past": {
              "relativeTimePattern-count-one": "fa {0} hora",
              "relativeTimePattern-count-other": "fa {0} hores"
            }
          },
          "hour-short": {
            "displayName": "h",
            "relative-type-0": "aquesta hora",
            "relativeTime-type-future": {
              "relativeTimePattern-count-one": "d’aquí a {0} h",
              "relativeTimePattern-count-other": "d’aquí a {0} h"
            },
            "relativeTime-type-past": {
              "relativeTimePattern-count-one": "fa {0} h",
              "relativeTimePattern-count-other": "fa {0} h"
            }
          },
          "hour-narrow": {
            "displayName": "h",
            "relative-type-0": "aquesta hora",
            "relativeTime-type-future": {
              "relativeTimePattern-count-one": "d‘aquí a {0} h",
              "relativeTimePattern-count-other": "d‘aquí a {0} h"
            },
            "relativeTime-type-past": {
              "relativeTimePattern-count-one": "fa {0} h",
              "relativeTimePattern-count-other": "fa {0} h"
            }
          },
          "minute": {
            "displayName": "minut",
            "relative-type-0": "aquest minut",
            "relativeTime-type-future": {
              "relativeTimePattern-count-one": "d’aquí a {0} minut",
              "relativeTimePattern-count-other": "d’aquí a {0} minuts"
            },
            "relativeTime-type-past": {
              "relativeTimePattern-count-one": "fa {0} minut",
              "relativeTimePattern-count-other": "fa {0} minuts"
            }
          },
          "minute-short": {
            "displayName": "min",
            "relative-type-0": "aquest minut",
            "relativeTime-type-future": {
              "relativeTimePattern-count-one": "d’aquí a {0} min",
              "relativeTimePattern-count-other": "d’aquí a {0} min"
            },
            "relativeTime-type-past": {
              "relativeTimePattern-count-one": "fa {0} min",
              "relativeTimePattern-count-other": "fa {0} min"
            }
          },
          "minute-narrow": {
            "displayName": "min",
            "relative-type-0": "aquest minut",
            "relativeTime-type-future": {
              "relativeTimePattern-count-one": "d’aquí a {0} min",
              "relativeTimePattern-count-other": "d’aquí a {0} min"
            },
            "relativeTime-type-past": {
              "relativeTimePattern-count-one": "fa {0} min",
              "relativeTimePattern-count-other": "fa {0} min"
            }
          },
          "second": {
            "displayName": "segon",
            "relative-type-0": "ara",
            "relativeTime-type-future": {
              "relativeTimePattern-count-one": "d’aquí a {0} segon",
              "relativeTimePattern-count-other": "d’aquí a {0} segons"
            },
            "relativeTime-type-past": {
              "relativeTimePattern-count-one": "fa {0} segon",
              "relativeTimePattern-count-other": "fa {0} segons"
            }
          },
          "second-short": {
            "displayName": "s",
            "relative-type-0": "ara",
            "relativeTime-type-future": {
              "relativeTimePattern-count-one": "d’aquí a {0} s",
              "relativeTimePattern-count-other": "d’aquí a {0} s"
            },
            "relativeTime-type-past": {
              "relativeTimePattern-count-one": "fa {0} s",
              "relativeTimePattern-count-other": "fa {0} s"
            }
          },
          "second-narrow": {
            "displayName": "s",
            "relative-type-0": "ara",
            "relativeTime-type-future": {
              "relativeTimePattern-count-one": "d’aquí a {0} s",
              "relativeTimePattern-count-other": "d’aquí a {0} s"
            },
            "relativeTime-type-past": {
              "relativeTimePattern-count-one": "fa {0} s",
              "relativeTimePattern-count-other": "fa {0} s"
            }
          },
          "zone": {
            "displayName": "fus horari"
          },
          "zone-short": {
            "displayName": "fus horari"
          },
          "zone-narrow": {
            "displayName": "fus horari"
          }
        }
      }
    }
  }
}
