{
  "main": {
    "chr": {
      "identity": {
        "version": {
          "_number": "$Revision: 13701 $",
          "_cldrVersion": "32"
        },
        "language": "chr"
      },
      "dates": {
        "calendars": {
          "gregorian": {
            "months": {
              "format": {
                "abbreviated": {
                  "1": "ᎤᏃ",
                  "2": "ᎧᎦ",
                  "3": "ᎠᏅ",
                  "4": "ᎧᏬ",
                  "5": "ᎠᏂ",
                  "6": "ᏕᎭ",
                  "7": "ᎫᏰ",
                  "8": "ᎦᎶ",
                  "9": "ᏚᎵ",
                  "10": "ᏚᏂ",
                  "11": "ᏅᏓ",
                  "12": "ᎥᏍ"
                },
                "narrow": {
                  "1": "Ꭴ",
                  "2": "Ꭷ",
                  "3": "Ꭰ",
                  "4": "Ꭷ",
                  "5": "Ꭰ",
                  "6": "Ꮥ",
                  "7": "Ꭻ",
                  "8": "Ꭶ",
                  "9": "Ꮪ",
                  "10": "Ꮪ",
                  "11": "Ꮕ",
                  "12": "Ꭵ"
                },
                "wide": {
                  "1": "ᎤᏃᎸᏔᏅ",
                  "2": "ᎧᎦᎵ",
                  "3": "ᎠᏅᏱ",
                  "4": "ᎧᏬᏂ",
                  "5": "ᎠᏂᏍᎬᏘ",
                  "6": "ᏕᎭᎷᏱ",
                  "7": "ᎫᏰᏉᏂ",
                  "8": "ᎦᎶᏂ",
                  "9": "ᏚᎵᏍᏗ",
                  "10": "ᏚᏂᏅᏗ",
                  "11": "ᏅᏓᏕᏆ",
                  "12": "ᎥᏍᎩᏱ"
                }
              },
              "stand-alone": {
                "abbreviated": {
                  "1": "ᎤᏃ",
                  "2": "ᎧᎦ",
                  "3": "ᎠᏅ",
                  "4": "ᎧᏬ",
                  "5": "ᎠᏂ",
                  "6": "ᏕᎭ",
                  "7": "ᎫᏰ",
                  "8": "ᎦᎶ",
                  "9": "ᏚᎵ",
                  "10": "ᏚᏂ",
                  "11": "ᏅᏓ",
                  "12": "ᎥᏍ"
                },
                "narrow": {
                  "1": "Ꭴ",
                  "2": "Ꭷ",
                  "3": "Ꭰ",
                  "4": "Ꭷ",
                  "5": "Ꭰ",
                  "6": "Ꮥ",
                  "7": "Ꭻ",
                  "8": "Ꭶ",
                  "9": "Ꮪ",
                  "10": "Ꮪ",
                  "11": "Ꮕ",
                  "12": "Ꭵ"
                },
                "wide": {
                  "1": "ᎤᏃᎸᏔᏅ",
                  "2": "ᎧᎦᎵ",
                  "3": "ᎠᏅᏱ",
                  "4": "ᎧᏬᏂ",
                  "5": "ᎠᏂᏍᎬᏘ",
                  "6": "ᏕᎭᎷᏱ",
                  "7": "ᎫᏰᏉᏂ",
                  "8": "ᎦᎶᏂ",
                  "9": "ᏚᎵᏍᏗ",
                  "10": "ᏚᏂᏅᏗ",
                  "11": "ᏅᏓᏕᏆ",
                  "12": "ᎥᏍᎩᏱ"
                }
              }
            },
            "days": {
              "format": {
                "abbreviated": {
                  "sun": "ᏆᏍᎬ",
                  "mon": "ᏉᏅᎯ",
                  "tue": "ᏔᎵᏁ",
                  "wed": "ᏦᎢᏁ",
                  "thu": "ᏅᎩᏁ",
                  "fri": "ᏧᎾᎩ",
                  "sat": "ᏈᏕᎾ"
                },
                "narrow": {
                  "sun": "Ꮖ",
                  "mon": "Ꮙ",
                  "tue": "Ꮤ",
                  "wed": "Ꮶ",
                  "thu": "Ꮕ",
                  "fri": "Ꮷ",
                  "sat": "Ꭴ"
                },
                "short": {
                  "sun": "ᏍᎬ",
                  "mon": "ᏅᎯ",
                  "tue": "ᏔᎵ",
                  "wed": "ᏦᎢ",
                  "thu": "ᏅᎩ",
                  "fri": "ᏧᎾ",
                  "sat": "ᏕᎾ"
                },
                "wide": {
                  "sun": "ᎤᎾᏙᏓᏆᏍᎬ",
                  "mon": "ᎤᎾᏙᏓᏉᏅᎯ",
                  "tue": "ᏔᎵᏁᎢᎦ",
                  "wed": "ᏦᎢᏁᎢᎦ",
                  "thu": "ᏅᎩᏁᎢᎦ",
                  "fri": "ᏧᎾᎩᎶᏍᏗ",
                  "sat": "ᎤᎾᏙᏓᏈᏕᎾ"
                }
              },
              "stand-alone": {
                "abbreviated": {
                  "sun": "ᏆᏍᎬ",
                  "mon": "ᏉᏅᎯ",
                  "tue": "ᏔᎵᏁ",
                  "wed": "ᏦᎢᏁ",
                  "thu": "ᏅᎩᏁ",
                  "fri": "ᏧᎾᎩ",
                  "sat": "ᏈᏕᎾ"
                },
                "narrow": {
                  "sun": "Ꮖ",
                  "mon": "Ꮙ",
                  "tue": "Ꮤ",
                  "wed": "Ꮶ",
                  "thu": "Ꮕ",
                  "fri": "Ꮷ",
                  "sat": "Ꭴ"
                },
                "short": {
                  "sun": "ᏍᎬ",
                  "mon": "ᏅᎯ",
                  "tue": "ᏔᎵ",
                  "wed": "ᏦᎢ",
                  "thu": "ᏅᎩ",
                  "fri": "ᏧᎾ",
                  "sat": "ᏕᎾ"
                },
                "wide": {
                  "sun": "ᎤᎾᏙᏓᏆᏍᎬ",
                  "mon": "ᎤᎾᏙᏓᏉᏅᎯ",
                  "tue": "ᏔᎵᏁᎢᎦ",
                  "wed": "ᏦᎢᏁᎢᎦ",
                  "thu": "ᏅᎩᏁᎢᎦ",
                  "fri": "ᏧᎾᎩᎶᏍᏗ",
                  "sat": "ᎤᎾᏙᏓᏈᏕᎾ"
                }
              }
            },
            "quarters": {
              "format": {
                "abbreviated": {
                  "1": "Q1",
                  "2": "Q2",
                  "3": "Q3",
                  "4": "Q4"
                },
                "narrow": {
                  "1": "1",
                  "2": "2",
                  "3": "3",
                  "4": "4"
                },
                "wide": {
                  "1": "1st ᎩᏄᏙᏗ",
                  "2": "2nd ᎩᏄᏙᏗ",
                  "3": "3rd ᎩᏄᏙᏗ",
                  "4": "4th ᎩᏄᏙᏗ"
                }
              },
              "stand-alone": {
                "abbreviated": {
                  "1": "Q1",
                  "2": "Q2",
                  "3": "Q3",
                  "4": "Q4"
                },
                "narrow": {
                  "1": "1",
                  "2": "2",
                  "3": "3",
                  "4": "4"
                },
                "wide": {
                  "1": "1st ᎩᏄᏙᏗ",
                  "2": "2nd ᎩᏄᏙᏗ",
                  "3": "3rd ᎩᏄᏙᏗ",
                  "4": "4th ᎩᏄᏙᏗ"
                }
              }
            },
            "dayPeriods": {
              "format": {
                "abbreviated": {
                  "am": "ᏌᎾᎴ",
                  "noon": "ᎢᎦ",
                  "pm": "ᏒᎯᏱᎢᏗᏢ",
                  "morning1": "ᏌᎾᎴ",
                  "afternoon1": "ᏒᎯᏱᎢᏗᏢ"
                },
                "narrow": {
                  "am": "Ꮜ",
                  "noon": "Ꭲ",
                  "pm": "Ꮢ",
                  "morning1": "ᏌᎾᎴ",
                  "afternoon1": "ᏒᎯᏱᎢᏗᏢ"
                },
                "wide": {
                  "am": "ᏌᎾᎴ",
                  "noon": "ᎢᎦ",
                  "pm": "ᏒᎯᏱᎢᏗᏢ",
                  "morning1": "ᏌᎾᎴ",
                  "afternoon1": "ᏒᎯᏱᎢᏗᏢ"
                }
              },
              "stand-alone": {
                "abbreviated": {
                  "am": "ᏌᎾᎴ",
                  "noon": "ᎢᎦ",
                  "pm": "ᏒᎯᏱᎢᏗᏢ",
                  "morning1": "ᏌᎾᎴ",
                  "afternoon1": "ᏒᎯᏱᎢᏗᏢ"
                },
                "narrow": {
                  "am": "ᏌᎾᎴ",
                  "noon": "ᎢᎦ",
                  "pm": "ᏒᎯᏱᎢᏗᏢ",
                  "morning1": "ᏌᎾᎴ",
                  "afternoon1": "ᏒᎯᏱᎢᏗᏢ"
                },
                "wide": {
                  "am": "ᏌᎾᎴ",
                  "noon": "ᎢᎦ",
                  "pm": "ᏒᎯᏱᎢᏗᏢ",
                  "morning1": "ᏌᎾᎴ",
                  "afternoon1": "ᏒᎯᏱᎢᏗᏢ"
                }
              }
            },
            "eras": {
              "eraNames": {
                "0": "ᏧᏓᎷᎸ ᎤᎷᎯᏍᏗ ᎦᎶᏁᏛ",
                "0-alt-variant": "ᏧᏓᎷᎸ ᏯᏃᏉ ᏱᎬᏍᏛᏭ ᎠᏓᎴᏂᏍᎬ",
                "1": "ᎠᏃ ᏙᎻᏂ",
                "1-alt-variant": "ᏯᏃᏉ ᏱᎬᏍᏛᏭ ᎠᏓᎴᏂᏍᎬ"
              },
              "eraAbbr": {
                "0": "BC",
                "0-alt-variant": "BCE",
                "1": "AD",
                "1-alt-variant": "CE"
              },
              "eraNarrow": {
                "0": "BC",
                "0-alt-variant": "BCE",
                "1": "AD",
                "1-alt-variant": "CE"
              }
            },
            "dateFormats": {
              "full": "EEEE, MMMM d, y",
              "long": "MMMM d, y",
              "medium": "MMM d, y",
              "short": "M/d/yy"
            },
            "timeFormats": {
              "full": "h:mm:ss a zzzz",
              "long": "h:mm:ss a z",
              "medium": "h:mm:ss a",
              "short": "h:mm a"
            },
            "dateTimeFormats": {
              "full": "{1} ᎤᎾᎢ {0}",
              "long": "{1} ᎤᎾᎢ {0}",
              "medium": "{1}, {0}",
              "short": "{1}, {0}",
              "availableFormats": {
                "Bh": "h B",
                "Bhm": "h:mm B",
                "Bhms": "h:mm:ss B",
                "d": "d",
                "E": "ccc",
                "EBhm": "E h:mm B",
                "EBhms": "E h:mm:ss B",
                "Ed": "d E",
                "Ehm": "E h:mm a",
                "EHm": "E HH:mm",
                "Ehms": "E h:mm:ss a",
                "EHms": "E HH:mm:ss",
                "Gy": "y G",
                "GyMMM": "MMM y G",
                "GyMMMd": "MMM d, y G",
                "GyMMMEd": "E, MMM d, y G",
                "h": "h a",
                "H": "HH",
                "hm": "h:mm a",
                "Hm": "HH:mm",
                "hms": "h:mm:ss a",
                "Hms": "HH:mm:ss",
                "hmsv": "h:mm:ss a v",
                "Hmsv": "HH:mm:ss v",
                "hmv": "h:mm a v",
                "Hmv": "HH:mm v",
                "M": "L",
                "Md": "M/d",
                "MEd": "E, M/d",
                "MMM": "LLL",
                "MMMd": "MMM d",
                "MMMEd": "E, MMM d",
                "MMMMd": "MMMM d",
                "MMMMW-count-one": "’ᏒᎾᏙᏓᏆᏍᏗ’ W ’ᎾᎿ’ MMMM",
                "MMMMW-count-other": "’ᏒᎾᏙᏓᏆᏍᏗ’ W ’ᎾᎿ’ MMM",
                "ms": "mm:ss",
                "y": "y",
                "yM": "M/y",
                "yMd": "M/d/y",
                "yMEd": "E, M/d/y",
                "yMMM": "MMM y",
                "yMMMd": "MMM d, y",
                "yMMMEd": "E, MMM d, y",
                "yMMMM": "MMMM y",
                "yQQQ": "QQQ y",
                "yQQQQ": "QQQQ y",
                "yw-count-one": "’ᏒᎾᏙᏓᏆᏍᏗ’ w ’ᎾᎿ’ Y",
                "yw-count-other": "’ᏒᎾᏙᏓᏆᏍᏗ’ w ’ᎾᎿ’ Y"
              },
              "appendItems": {
                "Day": "{0} ({2}: {1})",
                "Day-Of-Week": "{0} {1}",
                "Era": "{1} {0}",
                "Hour": "{0} ({2}: {1})",
                "Minute": "{0} ({2}: {1})",
                "Month": "{0} ({2}: {1})",
                "Quarter": "{0} ({2}: {1})",
                "Second": "{0} ({2}: {1})",
                "Timezone": "{0} {1}",
                "Week": "{0} ({2}: {1})",
                "Year": "{1} {0}"
              },
              "intervalFormats": {
                "intervalFormatFallback": "{0} – {1}",
                "d": {
                  "d": "d – d"
                },
                "h": {
                  "a": "h a – h a",
                  "h": "h – h a"
                },
                "H": {
                  "H": "HH – HH"
                },
                "hm": {
                  "a": "h:mm a – h:mm a",
                  "h": "h:mm – h:mm a",
                  "m": "h:mm – h:mm a"
                },
                "Hm": {
                  "H": "HH:mm – HH:mm",
                  "m": "HH:mm – HH:mm"
                },
                "hmv": {
                  "a": "h:mm a – h:mm a v",
                  "h": "h:mm – h:mm a v",
                  "m": "h:mm – h:mm a v"
                },
                "Hmv": {
                  "H": "HH:mm – HH:mm v",
                  "m": "HH:mm – HH:mm v"
                },
                "hv": {
                  "a": "h a – h a v",
                  "h": "h – h a v"
                },
                "Hv": {
                  "H": "HH – HH v"
                },
                "M": {
                  "M": "M – M"
                },
                "Md": {
                  "d": "M/d – M/d",
                  "M": "M/d – M/d"
                },
                "MEd": {
                  "d": "E, M/d – E, M/d",
                  "M": "E, M/d – E, M/d"
                },
                "MMM": {
                  "M": "MMM – MMM"
                },
                "MMMd": {
                  "d": "MMM d – d",
                  "M": "MMM d – MMM d"
                },
                "MMMEd": {
                  "d": "E, MMM d – E, MMM d",
                  "M": "E, MMM d – E, MMM d"
                },
                "y": {
                  "y": "y – y"
                },
                "yM": {
                  "M": "M/y – M/y",
                  "y": "M/y – M/y"
                },
                "yMd": {
                  "d": "M/d/y – M/d/y",
                  "M": "M/d/y – M/d/y",
                  "y": "M/d/y – M/d/y"
                },
                "yMEd": {
                  "d": "E, M/d/y – E, M/d/y",
                  "M": "E, M/d/y – E, M/d/y",
                  "y": "E, M/d/y – E, M/d/y"
                },
                "yMMM": {
                  "M": "MMM – MMM y",
                  "y": "MMM y – MMM y"
                },
                "yMMMd": {
                  "d": "MMM d – d, y",
                  "M": "MMM d – MMM d, y",
                  "y": "MMM d, y – MMM d, y"
                },
                "yMMMEd": {
                  "d": "E, MMM d – E, MMM d, y",
                  "M": "E, MMM d – E, MMM d, y",
                  "y": "E, MMM d, y – E, MMM d, y"
                },
                "yMMMM": {
                  "M": "MMMM – MMMM y",
                  "y": "MMMM y – MMMM y"
                }
              }
            }
          }
        }
      }
    }
  }
}
