{
  "main": {
    "chr": {
      "identity": {
        "version": {
          "_number": "$Revision: 13701 $",
          "_cldrVersion": "32"
        },
        "language": "chr"
      },
      "dates": {
        "calendars": {
          "generic": {
            "months": {
              "format": {
                "abbreviated": {
                  "1": "M01",
                  "2": "M02",
                  "3": "M03",
                  "4": "M04",
                  "5": "M05",
                  "6": "M06",
                  "7": "M07",
                  "8": "M08",
                  "9": "M09",
                  "10": "M10",
                  "11": "M11",
                  "12": "M12"
                },
                "narrow": {
                  "1": "1",
                  "2": "2",
                  "3": "3",
                  "4": "4",
                  "5": "5",
                  "6": "6",
                  "7": "7",
                  "8": "8",
                  "9": "9",
                  "10": "10",
                  "11": "11",
                  "12": "12"
                },
                "wide": {
                  "1": "M01",
                  "2": "M02",
                  "3": "M03",
                  "4": "M04",
                  "5": "M05",
                  "6": "M06",
                  "7": "M07",
                  "8": "M08",
                  "9": "M09",
                  "10": "M10",
                  "11": "M11",
                  "12": "M12"
                }
              },
              "stand-alone": {
                "abbreviated": {
                  "1": "M01",
                  "2": "M02",
                  "3": "M03",
                  "4": "M04",
                  "5": "M05",
                  "6": "M06",
                  "7": "M07",
                  "8": "M08",
                  "9": "M09",
                  "10": "M10",
                  "11": "M11",
                  "12": "M12"
                },
                "narrow": {
                  "1": "1",
                  "2": "2",
                  "3": "3",
                  "4": "4",
                  "5": "5",
                  "6": "6",
                  "7": "7",
                  "8": "8",
                  "9": "9",
                  "10": "10",
                  "11": "11",
                  "12": "12"
                },
                "wide": {
                  "1": "M01",
                  "2": "M02",
                  "3": "M03",
                  "4": "M04",
                  "5": "M05",
                  "6": "M06",
                  "7": "M07",
                  "8": "M08",
                  "9": "M09",
                  "10": "M10",
                  "11": "M11",
                  "12": "M12"
                }
              }
            },
            "days": {
              "format": {
                "abbreviated": {
                  "sun": "ᏆᏍᎬ",
                  "mon": "ᏉᏅᎯ",
                  "tue": "ᏔᎵᏁ",
                  "wed": "ᏦᎢᏁ",
                  "thu": "ᏅᎩᏁ",
                  "fri": "ᏧᎾᎩ",
                  "sat": "ᏈᏕᎾ"
                },
                "narrow": {
                  "sun": "Ꮖ",
                  "mon": "Ꮙ",
                  "tue": "Ꮤ",
                  "wed": "Ꮶ",
                  "thu": "Ꮕ",
                  "fri": "Ꮷ",
                  "sat": "Ꭴ"
                },
                "short": {
                  "sun": "ᏍᎬ",
                  "mon": "ᏅᎯ",
                  "tue": "ᏔᎵ",
                  "wed": "ᏦᎢ",
                  "thu": "ᏅᎩ",
                  "fri": "ᏧᎾ",
                  "sat": "ᏕᎾ"
                },
                "wide": {
                  "sun": "ᎤᎾᏙᏓᏆᏍᎬ",
                  "mon": "ᎤᎾᏙᏓᏉᏅᎯ",
                  "tue": "ᏔᎵᏁᎢᎦ",
                  "wed": "ᏦᎢᏁᎢᎦ",
                  "thu": "ᏅᎩᏁᎢᎦ",
                  "fri": "ᏧᎾᎩᎶᏍᏗ",
                  "sat": "ᎤᎾᏙᏓᏈᏕᎾ"
                }
              },
              "stand-alone": {
                "abbreviated": {
                  "sun": "ᏆᏍᎬ",
                  "mon": "ᏉᏅᎯ",
                  "tue": "ᏔᎵᏁ",
                  "wed": "ᏦᎢᏁ",
                  "thu": "ᏅᎩᏁ",
                  "fri": "ᏧᎾᎩ",
                  "sat": "ᏈᏕᎾ"
                },
                "narrow": {
                  "sun": "Ꮖ",
                  "mon": "Ꮙ",
                  "tue": "Ꮤ",
                  "wed": "Ꮶ",
                  "thu": "Ꮕ",
                  "fri": "Ꮷ",
                  "sat": "Ꭴ"
                },
                "short": {
                  "sun": "ᏍᎬ",
                  "mon": "ᏅᎯ",
                  "tue": "ᏔᎵ",
                  "wed": "ᏦᎢ",
                  "thu": "ᏅᎩ",
                  "fri": "ᏧᎾ",
                  "sat": "ᏕᎾ"
                },
                "wide": {
                  "sun": "ᎤᎾᏙᏓᏆᏍᎬ",
                  "mon": "ᎤᎾᏙᏓᏉᏅᎯ",
                  "tue": "ᏔᎵᏁᎢᎦ",
                  "wed": "ᏦᎢᏁᎢᎦ",
                  "thu": "ᏅᎩᏁᎢᎦ",
                  "fri": "ᏧᎾᎩᎶᏍᏗ",
                  "sat": "ᎤᎾᏙᏓᏈᏕᎾ"
                }
              }
            },
            "quarters": {
              "format": {
                "abbreviated": {
                  "1": "Q1",
                  "2": "Q2",
                  "3": "Q3",
                  "4": "Q4"
                },
                "narrow": {
                  "1": "1",
                  "2": "2",
                  "3": "3",
                  "4": "4"
                },
                "wide": {
                  "1": "1st ᎩᏄᏙᏗ",
                  "2": "2nd ᎩᏄᏙᏗ",
                  "3": "3rd ᎩᏄᏙᏗ",
                  "4": "4th ᎩᏄᏙᏗ"
                }
              },
              "stand-alone": {
                "abbreviated": {
                  "1": "Q1",
                  "2": "Q2",
                  "3": "Q3",
                  "4": "Q4"
                },
                "narrow": {
                  "1": "1",
                  "2": "2",
                  "3": "3",
                  "4": "4"
                },
                "wide": {
                  "1": "1st ᎩᏄᏙᏗ",
                  "2": "2nd ᎩᏄᏙᏗ",
                  "3": "3rd ᎩᏄᏙᏗ",
                  "4": "4th ᎩᏄᏙᏗ"
                }
              }
            },
            "dayPeriods": {
              "format": {
                "abbreviated": {
                  "am": "ᏌᎾᎴ",
                  "noon": "ᎢᎦ",
                  "pm": "ᏒᎯᏱᎢᏗᏢ",
                  "morning1": "ᏌᎾᎴ",
                  "afternoon1": "ᏒᎯᏱᎢᏗᏢ"
                },
                "narrow": {
                  "am": "Ꮜ",
                  "noon": "Ꭲ",
                  "pm": "Ꮢ",
                  "morning1": "ᏌᎾᎴ",
                  "afternoon1": "ᏒᎯᏱᎢᏗᏢ"
                },
                "wide": {
                  "am": "ᏌᎾᎴ",
                  "noon": "ᎢᎦ",
                  "pm": "ᏒᎯᏱᎢᏗᏢ",
                  "morning1": "ᏌᎾᎴ",
                  "afternoon1": "ᏒᎯᏱᎢᏗᏢ"
                }
              },
              "stand-alone": {
                "abbreviated": {
                  "am": "ᏌᎾᎴ",
                  "noon": "ᎢᎦ",
                  "pm": "ᏒᎯᏱᎢᏗᏢ",
                  "morning1": "ᏌᎾᎴ",
                  "afternoon1": "ᏒᎯᏱᎢᏗᏢ"
                },
                "narrow": {
                  "am": "ᏌᎾᎴ",
                  "noon": "ᎢᎦ",
                  "pm": "ᏒᎯᏱᎢᏗᏢ",
                  "morning1": "ᏌᎾᎴ",
                  "afternoon1": "ᏒᎯᏱᎢᏗᏢ"
                },
                "wide": {
                  "am": "ᏌᎾᎴ",
                  "noon": "ᎢᎦ",
                  "pm": "ᏒᎯᏱᎢᏗᏢ",
                  "morning1": "ᏌᎾᎴ",
                  "afternoon1": "ᏒᎯᏱᎢᏗᏢ"
                }
              }
            },
            "eras": {
              "eraNames": {
                "0": "ERA0",
                "1": "ERA1"
              },
              "eraAbbr": {
                "0": "ERA0",
                "1": "ERA1"
              },
              "eraNarrow": {
                "0": "ERA0",
                "1": "ERA1"
              }
            },
            "dateFormats": {
              "full": "EEEE, MMMM d, y G",
              "long": "MMMM d, y G",
              "medium": "MMM d, y G",
              "short": "M/d/y GGGGG"
            },
            "timeFormats": {
              "full": "h:mm:ss a zzzz",
              "long": "h:mm:ss a z",
              "medium": "h:mm:ss a",
              "short": "h:mm a"
            },
            "dateTimeFormats": {
              "full": "{1} ᎤᎾᎢ {0}",
              "long": "{1} ᎤᎾᎢ {0}",
              "medium": "{1}, {0}",
              "short": "{1}, {0}",
              "availableFormats": {
                "Bh": "h B",
                "Bhm": "h:mm B",
                "Bhms": "h:mm:ss B",
                "d": "d",
                "E": "ccc",
                "EBhm": "E h:mm B",
                "EBhms": "E h:mm:ss B",
                "Ed": "d E",
                "Ehm": "E h:mm a",
                "EHm": "E HH:mm",
                "Ehms": "E h:mm:ss a",
                "EHms": "E HH:mm:ss",
                "Gy": "y G",
                "GyMMM": "MMM y G",
                "GyMMMd": "MMM d, y G",
                "GyMMMEd": "E, MMM d, y G",
                "h": "h a",
                "H": "HH",
                "hm": "h:mm a",
                "Hm": "H:mm",
                "hms": "h:mm:ss a",
                "Hms": "H:mm:ss",
                "M": "L",
                "Md": "M/d",
                "MEd": "E, M/d",
                "MMM": "LLL",
                "MMMd": "MMM d",
                "MMMEd": "E, MMM d",
                "MMMMd": "MMMM d",
                "ms": "mm:ss",
                "y": "y G",
                "yyyy": "y G",
                "yyyyM": "M/y GGGGG",
                "yyyyMd": "M/d/y GGGGG",
                "yyyyMEd": "E, M/d/y GGGGG",
                "yyyyMMM": "MMM y G",
                "yyyyMMMd": "MMM d, y G",
                "yyyyMMMEd": "E, MMM d, y G",
                "yyyyMMMM": "MMMM y G",
                "yyyyQQQ": "QQQ y G",
                "yyyyQQQQ": "QQQQ y G"
              },
              "appendItems": {
                "Day": "{0} ({2}: {1})",
                "Day-Of-Week": "{0} {1}",
                "Era": "{1} {0}",
                "Hour": "{0} ({2}: {1})",
                "Minute": "{0} ({2}: {1})",
                "Month": "{0} ({2}: {1})",
                "Quarter": "{0} ({2}: {1})",
                "Second": "{0} ({2}: {1})",
                "Timezone": "{0} {1}",
                "Week": "{0} ({2}: {1})",
                "Year": "{1} {0}"
              },
              "intervalFormats": {
                "intervalFormatFallback": "{0} – {1}",
                "d": {
                  "d": "d – d"
                },
                "h": {
                  "a": "h a – h a",
                  "h": "h–h a"
                },
                "H": {
                  "H": "HH–HH"
                },
                "hm": {
                  "a": "h:mm a – h:mm a",
                  "h": "h:mm–h:mm a",
                  "m": "h:mm–h:mm a"
                },
                "Hm": {
                  "H": "HH:mm–HH:mm",
                  "m": "HH:mm–HH:mm"
                },
                "hmv": {
                  "a": "h:mm a – h:mm a v",
                  "h": "h:mm–h:mm a v",
                  "m": "h:mm–h:mm a v"
                },
                "Hmv": {
                  "H": "HH:mm–HH:mm v",
                  "m": "HH:mm–HH:mm v"
                },
                "hv": {
                  "a": "h a – h a v",
                  "h": "h–h a v"
                },
                "Hv": {
                  "H": "HH–HH v"
                },
                "M": {
                  "M": "M – M"
                },
                "Md": {
                  "d": "M/d – M/d",
                  "M": "M/d – M/d"
                },
                "MEd": {
                  "d": "E, M/d – E, M/d",
                  "M": "E, M/d – E, M/d"
                },
                "MMM": {
                  "M": "MMM – MMM"
                },
                "MMMd": {
                  "d": "MMM d – d",
                  "M": "MMM d – MMM d"
                },
                "MMMEd": {
                  "d": "E, MMM d – E, MMM d",
                  "M": "E, MMM d – E, MMM d"
                },
                "y": {
                  "y": "y – y G"
                },
                "yM": {
                  "M": "M/y – M/y GGGGG",
                  "y": "M/y – M/y GGGGG"
                },
                "yMd": {
                  "d": "M/d/y – M/d/y GGGGG",
                  "M": "M/d/y – M/d/y GGGGG",
                  "y": "M/d/y – M/d/y GGGGG"
                },
                "yMEd": {
                  "d": "E, M/d/y – E, M/d/y GGGGG",
                  "M": "E, M/d/y – E, M/d/y GGGGG",
                  "y": "E, M/d/y – E, M/d/y GGGGG"
                },
                "yMMM": {
                  "M": "MMM – MMM y G",
                  "y": "MMM y – MMM y G"
                },
                "yMMMd": {
                  "d": "MMM d – d, y G",
                  "M": "MMM d – MMM d, y G",
                  "y": "MMM d, y – MMM d, y G"
                },
                "yMMMEd": {
                  "d": "E, MMM d – E, MMM d, y G",
                  "M": "E, MMM d – E, MMM d, y G",
                  "y": "E, MMM d, y – E, MMM d, y G"
                },
                "yMMMM": {
                  "M": "MMMM – MMMM y G",
                  "y": "MMMM y – MMMM y G"
                }
              }
            }
          }
        }
      }
    }
  }
}
