{
  "main": {
    "br": {
      "identity": {
        "version": {
          "_number": "$Revision: 13701 $",
          "_cldrVersion": "32"
        },
        "language": "br"
      },
      "dates": {
        "calendars": {
          "gregorian": {
            "months": {
              "format": {
                "abbreviated": {
                  "1": "Gen.",
                  "2": "Cʼhwe.",
                  "3": "Meur.",
                  "4": "Ebr.",
                  "5": "Mae",
                  "6": "Mezh.",
                  "7": "Goue.",
                  "8": "Eost",
                  "9": "Gwen.",
                  "10": "Here",
                  "11": "Du",
                  "12": "Kzu."
                },
                "narrow": {
                  "1": "01",
                  "2": "02",
                  "3": "03",
                  "4": "04",
                  "5": "05",
                  "6": "06",
                  "7": "07",
                  "8": "08",
                  "9": "09",
                  "10": "10",
                  "11": "11",
                  "12": "12"
                },
                "wide": {
                  "1": "Genver",
                  "2": "Cʼhwevrer",
                  "3": "Meurzh",
                  "4": "Ebrel",
                  "5": "Mae",
                  "6": "Mezheven",
                  "7": "Gouere",
                  "8": "Eost",
                  "9": "Gwengolo",
                  "10": "Here",
                  "11": "Du",
                  "12": "Kerzu"
                }
              },
              "stand-alone": {
                "abbreviated": {
                  "1": "Gen.",
                  "2": "Cʼhwe.",
                  "3": "Meur.",
                  "4": "Ebr.",
                  "5": "Mae",
                  "6": "Mezh.",
                  "7": "Goue.",
                  "8": "Eost",
                  "9": "Gwen.",
                  "10": "Here",
                  "11": "Du",
                  "12": "Ker."
                },
                "narrow": {
                  "1": "01",
                  "2": "02",
                  "3": "03",
                  "4": "04",
                  "5": "05",
                  "6": "06",
                  "7": "07",
                  "8": "08",
                  "9": "09",
                  "10": "10",
                  "11": "11",
                  "12": "12"
                },
                "wide": {
                  "1": "Genver",
                  "2": "Cʼhwevrer",
                  "3": "Meurzh",
                  "4": "Ebrel",
                  "5": "Mae",
                  "6": "Mezheven",
                  "7": "Gouere",
                  "8": "Eost",
                  "9": "Gwengolo",
                  "10": "Here",
                  "11": "Du",
                  "12": "Kerzu"
                }
              }
            },
            "days": {
              "format": {
                "abbreviated": {
                  "sun": "Sul",
                  "mon": "Lun",
                  "tue": "Meu.",
                  "wed": "Mer.",
                  "thu": "Yaou",
                  "fri": "Gwe.",
                  "sat": "Sad."
                },
                "narrow": {
                  "sun": "Su",
                  "mon": "L",
                  "tue": "Mz",
                  "wed": "Mc",
                  "thu": "Y",
                  "fri": "G",
                  "sat": "Sa"
                },
                "short": {
                  "sun": "Sul",
                  "mon": "Lun",
                  "tue": "Meu.",
                  "wed": "Mer.",
                  "thu": "Yaou",
                  "fri": "Gwe.",
                  "sat": "Sad."
                },
                "wide": {
                  "sun": "Sul",
                  "mon": "Lun",
                  "tue": "Meurzh",
                  "wed": "Mercʼher",
                  "thu": "Yaou",
                  "fri": "Gwener",
                  "sat": "Sadorn"
                }
              },
              "stand-alone": {
                "abbreviated": {
                  "sun": "Sul",
                  "mon": "Lun",
                  "tue": "Meu.",
                  "wed": "Mer.",
                  "thu": "Yaou",
                  "fri": "Gwe.",
                  "sat": "Sad."
                },
                "narrow": {
                  "sun": "Su",
                  "mon": "L",
                  "tue": "Mz",
                  "wed": "Mc",
                  "thu": "Y",
                  "fri": "G",
                  "sat": "Sa"
                },
                "short": {
                  "sun": "Sul",
                  "mon": "Lun",
                  "tue": "Meu.",
                  "wed": "Mer.",
                  "thu": "Yaou",
                  "fri": "Gwe.",
                  "sat": "Sad."
                },
                "wide": {
                  "sun": "Sul",
                  "mon": "Lun",
                  "tue": "Meurzh",
                  "wed": "Mercʼher",
                  "thu": "Yaou",
                  "fri": "Gwener",
                  "sat": "Sadorn"
                }
              }
            },
            "quarters": {
              "format": {
                "abbreviated": {
                  "1": "1añ trim.",
                  "2": "2l trim.",
                  "3": "3e trim.",
                  "4": "4e trim."
                },
                "narrow": {
                  "1": "1",
                  "2": "2",
                  "3": "3",
                  "4": "4"
                },
                "wide": {
                  "1": "1añ trimiziad",
                  "2": "2l trimiziad",
                  "3": "3e trimiziad",
                  "4": "4e trimiziad"
                }
              },
              "stand-alone": {
                "abbreviated": {
                  "1": "1añ trim.",
                  "2": "2l trim.",
                  "3": "3e trim.",
                  "4": "4e trim."
                },
                "narrow": {
                  "1": "1",
                  "2": "2",
                  "3": "3",
                  "4": "4"
                },
                "wide": {
                  "1": "1añ trimiziad",
                  "2": "2l trimiziad",
                  "3": "3e trimiziad",
                  "4": "4e trimiziad"
                }
              }
            },
            "dayPeriods": {
              "format": {
                "abbreviated": {
                  "am": "A.M.",
                  "pm": "G.M."
                },
                "narrow": {
                  "am": "am",
                  "pm": "gm"
                },
                "wide": {
                  "am": "A.M.",
                  "pm": "G.M."
                }
              },
              "stand-alone": {
                "abbreviated": {
                  "am": "A.M.",
                  "pm": "G.M."
                },
                "narrow": {
                  "am": "A.M.",
                  "pm": "G.M."
                },
                "wide": {
                  "am": "A.M.",
                  "pm": "G.M."
                }
              }
            },
            "eras": {
              "eraNames": {
                "0": "a-raok Jezuz-Krist",
                "0-alt-variant": "BCE",
                "1": "goude Jezuz-Krist",
                "1-alt-variant": "CE"
              },
              "eraAbbr": {
                "0": "a-raok J.K.",
                "0-alt-variant": "BCE",
                "1": "goude J.K.",
                "1-alt-variant": "CE"
              },
              "eraNarrow": {
                "0": "a-raok J.K.",
                "0-alt-variant": "BCE",
                "1": "goude J.K.",
                "1-alt-variant": "CE"
              }
            },
            "dateFormats": {
              "full": "y MMMM d, EEEE",
              "long": "y MMMM d",
              "medium": "y MMM d",
              "short": "y-MM-dd"
            },
            "timeFormats": {
              "full": "HH:mm:ss zzzz",
              "long": "HH:mm:ss z",
              "medium": "HH:mm:ss",
              "short": "HH:mm"
            },
            "dateTimeFormats": {
              "full": "{1} 'da' {0}",
              "long": "{1} 'da' {0}",
              "medium": "{1} {0}",
              "short": "{1} {0}",
              "availableFormats": {
                "Bh": "h B",
                "Bhm": "h:mm B",
                "Bhms": "h:mm:ss B",
                "d": "d",
                "E": "ccc",
                "EBhm": "E h:mm B",
                "EBhms": "E h:mm:ss B",
                "Ed": "E d",
                "Ehm": "E h:mm a",
                "EHm": "E HH:mm",
                "Ehms": "E h:mm:ss a",
                "EHms": "E HH:mm:ss",
                "Gy": "G y",
                "GyMMM": "G y MMM",
                "GyMMMd": "G y MMM d",
                "GyMMMEd": "G y MMM d, E",
                "h": "h a",
                "H": "HH",
                "hm": "h:mm a",
                "Hm": "HH:mm",
                "hms": "h:mm:ss a",
                "Hms": "HH:mm:ss",
                "hmsv": "h:mm:ss a v",
                "Hmsv": "HH:mm:ss v",
                "hmv": "h:mm a v",
                "Hmv": "HH:mm v",
                "M": "MM",
                "Md": "dd/MM",
                "MEd": "E dd/MM",
                "MMM": "LLL",
                "MMMd": "d MMM",
                "MMMEd": "E d MMM",
                "MMMMd": "MMMM d",
                "MMMMW-count-one": "'week' W 'of' MMM",
                "MMMMW-count-two": "'week' W 'of' MMM",
                "MMMMW-count-few": "'week' W 'of' MMM",
                "MMMMW-count-many": "'week' W 'of' MMM",
                "MMMMW-count-other": "'week' W 'of' MMM",
                "ms": "mm:ss",
                "y": "y",
                "yM": "MM/y",
                "yMd": "dd/MM/y",
                "yMEd": "E dd/MM/y",
                "yMMM": "MMM y",
                "yMMMd": "d MMM y",
                "yMMMEd": "E d MMM y",
                "yMMMM": "y MMMM",
                "yQQQ": "QQQ y",
                "yQQQQ": "QQQQ y",
                "yw-count-one": "'week' w 'of' Y",
                "yw-count-two": "'week' w 'of' Y",
                "yw-count-few": "'week' w 'of' Y",
                "yw-count-many": "'week' w 'of' Y",
                "yw-count-other": "'week' w 'of' Y"
              },
              "appendItems": {
                "Day": "{0} ({2}: {1})",
                "Day-Of-Week": "{0} {1}",
                "Era": "{1} {0}",
                "Hour": "{0} ({2}: {1})",
                "Minute": "{0} ({2}: {1})",
                "Month": "{0} ({2}: {1})",
                "Quarter": "{0} ({2}: {1})",
                "Second": "{0} ({2}: {1})",
                "Timezone": "{0} {1}",
                "Week": "{0} ({2}: {1})",
                "Year": "{1} {0}"
              },
              "intervalFormats": {
                "intervalFormatFallback": "{0} – {1}",
                "d": {
                  "d": "d–d"
                },
                "h": {
                  "a": "h a – h a",
                  "h": "h–h a"
                },
                "H": {
                  "H": "HH–HH"
                },
                "hm": {
                  "a": "h:mm a – h:mm a",
                  "h": "h:mm–h:mm a",
                  "m": "h:mm–h:mm a"
                },
                "Hm": {
                  "H": "HH:mm–HH:mm",
                  "m": "HH:mm–HH:mm"
                },
                "hmv": {
                  "a": "h:mm a – h:mm a v",
                  "h": "h:mm–h:mm a v",
                  "m": "h:mm–h:mm a v"
                },
                "Hmv": {
                  "H": "HH:mm–HH:mm v",
                  "m": "HH:mm–HH:mm v"
                },
                "hv": {
                  "a": "h a – h a v",
                  "h": "h–h a v"
                },
                "Hv": {
                  "H": "HH–HH v"
                },
                "M": {
                  "M": "MM–MM"
                },
                "Md": {
                  "d": "dd/MM – dd/MM",
                  "M": "dd/MM – dd/MM"
                },
                "MEd": {
                  "d": "E dd/MM – E dd/MM",
                  "M": "E dd/MM – E dd/MM"
                },
                "MMM": {
                  "M": "LLL–LLL"
                },
                "MMMd": {
                  "d": "d–d MMM",
                  "M": "d MMM – d MMM"
                },
                "MMMEd": {
                  "d": "E d MMM – E d MMM",
                  "M": "E d MMM – E d MMM"
                },
                "y": {
                  "y": "y–y"
                },
                "yM": {
                  "M": "MM/y – MM/y",
                  "y": "MM/y – MM/y"
                },
                "yMd": {
                  "d": "dd/MM/y – dd/MM/y",
                  "M": "dd/MM/y – dd/MM/y",
                  "y": "dd/MM/y – dd/MM/y"
                },
                "yMEd": {
                  "d": "E dd/MM/y – E dd/MM/y",
                  "M": "E dd/MM/y – E dd/MM/y",
                  "y": "E dd/MM/y – E dd/MM/y"
                },
                "yMMM": {
                  "M": "MMM – MMM y",
                  "y": "MMM y – MMM y"
                },
                "yMMMd": {
                  "d": "d–d MMM y",
                  "M": "d MMM – d MMM y",
                  "y": "d MMM y – d MMM y"
                },
                "yMMMEd": {
                  "d": "E d MMM – E d MMM y",
                  "M": "E d MMM – E d MMM y",
                  "y": "E d MMM y – E d MMM y"
                },
                "yMMMM": {
                  "M": "MMMM – MMMM y",
                  "y": "MMMM y – MMMM y"
                }
              }
            }
          }
        }
      }
    }
  }
}
