{
  "main": {
    "ar-DJ": {
      "identity": {
        "version": {
          "_number": "$Revision: 13133 $",
          "_cldrVersion": "32"
        },
        "language": "ar",
        "territory": "DJ"
      },
      "dates": {
        "calendars": {
          "gregorian": {
            "months": {
              "format": {
                "abbreviated": {
                  "1": "يناير",
                  "2": "فبراير",
                  "3": "مارس",
                  "4": "أبريل",
                  "5": "مايو",
                  "6": "يونيو",
                  "7": "يوليو",
                  "8": "أغسطس",
                  "9": "سبتمبر",
                  "10": "أكتوبر",
                  "11": "نوفمبر",
                  "12": "ديسمبر"
                },
                "narrow": {
                  "1": "ي",
                  "2": "ف",
                  "3": "م",
                  "4": "أ",
                  "5": "و",
                  "6": "ن",
                  "7": "ل",
                  "8": "غ",
                  "9": "س",
                  "10": "ك",
                  "11": "ب",
                  "12": "د"
                },
                "wide": {
                  "1": "يناير",
                  "2": "فبراير",
                  "3": "مارس",
                  "4": "أبريل",
                  "5": "مايو",
                  "6": "يونيو",
                  "7": "يوليو",
                  "8": "أغسطس",
                  "9": "سبتمبر",
                  "10": "أكتوبر",
                  "11": "نوفمبر",
                  "12": "ديسمبر"
                }
              },
              "stand-alone": {
                "abbreviated": {
                  "1": "يناير",
                  "2": "فبراير",
                  "3": "مارس",
                  "4": "أبريل",
                  "5": "مايو",
                  "6": "يونيو",
                  "7": "يوليو",
                  "8": "أغسطس",
                  "9": "سبتمبر",
                  "10": "أكتوبر",
                  "11": "نوفمبر",
                  "12": "ديسمبر"
                },
                "narrow": {
                  "1": "ي",
                  "2": "ف",
                  "3": "م",
                  "4": "أ",
                  "5": "و",
                  "6": "ن",
                  "7": "ل",
                  "8": "غ",
                  "9": "س",
                  "10": "ك",
                  "11": "ب",
                  "12": "د"
                },
                "wide": {
                  "1": "يناير",
                  "2": "فبراير",
                  "3": "مارس",
                  "4": "أبريل",
                  "5": "مايو",
                  "6": "يونيو",
                  "7": "يوليو",
                  "8": "أغسطس",
                  "9": "سبتمبر",
                  "10": "أكتوبر",
                  "11": "نوفمبر",
                  "12": "ديسمبر"
                }
              }
            },
            "days": {
              "format": {
                "abbreviated": {
                  "sun": "الأحد",
                  "mon": "الاثنين",
                  "tue": "الثلاثاء",
                  "wed": "الأربعاء",
                  "thu": "الخميس",
                  "fri": "الجمعة",
                  "sat": "السبت"
                },
                "narrow": {
                  "sun": "ح",
                  "mon": "ن",
                  "tue": "ث",
                  "wed": "ر",
                  "thu": "خ",
                  "fri": "ج",
                  "sat": "س"
                },
                "short": {
                  "sun": "أحد",
                  "mon": "إثنين",
                  "tue": "ثلاثاء",
                  "wed": "أربعاء",
                  "thu": "خميس",
                  "fri": "جمعة",
                  "sat": "سبت"
                },
                "wide": {
                  "sun": "الأحد",
                  "mon": "الاثنين",
                  "tue": "الثلاثاء",
                  "wed": "الأربعاء",
                  "thu": "الخميس",
                  "fri": "الجمعة",
                  "sat": "السبت"
                }
              },
              "stand-alone": {
                "abbreviated": {
                  "sun": "الأحد",
                  "mon": "الاثنين",
                  "tue": "الثلاثاء",
                  "wed": "الأربعاء",
                  "thu": "الخميس",
                  "fri": "الجمعة",
                  "sat": "السبت"
                },
                "narrow": {
                  "sun": "ح",
                  "mon": "ن",
                  "tue": "ث",
                  "wed": "ر",
                  "thu": "خ",
                  "fri": "ج",
                  "sat": "س"
                },
                "short": {
                  "sun": "أحد",
                  "mon": "إثنين",
                  "tue": "ثلاثاء",
                  "wed": "أربعاء",
                  "thu": "خميس",
                  "fri": "جمعة",
                  "sat": "سبت"
                },
                "wide": {
                  "sun": "الأحد",
                  "mon": "الاثنين",
                  "tue": "الثلاثاء",
                  "wed": "الأربعاء",
                  "thu": "الخميس",
                  "fri": "الجمعة",
                  "sat": "السبت"
                }
              }
            },
            "quarters": {
              "format": {
                "abbreviated": {
                  "1": "الربع الأول",
                  "2": "الربع الثاني",
                  "3": "الربع الثالث",
                  "4": "الربع الرابع"
                },
                "narrow": {
                  "1": "١",
                  "2": "٢",
                  "3": "٣",
                  "4": "٤"
                },
                "wide": {
                  "1": "الربع الأول",
                  "2": "الربع الثاني",
                  "3": "الربع الثالث",
                  "4": "الربع الرابع"
                }
              },
              "stand-alone": {
                "abbreviated": {
                  "1": "الربع الأول",
                  "2": "الربع الثاني",
                  "3": "الربع الثالث",
                  "4": "الربع الرابع"
                },
                "narrow": {
                  "1": "١",
                  "2": "٢",
                  "3": "٣",
                  "4": "٤"
                },
                "wide": {
                  "1": "الربع الأول",
                  "2": "الربع الثاني",
                  "3": "الربع الثالث",
                  "4": "الربع الرابع"
                }
              }
            },
            "dayPeriods": {
              "format": {
                "abbreviated": {
                  "am": "ص",
                  "pm": "م",
                  "morning1": "فجرًا",
                  "morning2": "ص",
                  "afternoon1": "ظهرًا",
                  "afternoon2": "بعد الظهر",
                  "evening1": "مساءً",
                  "night1": "منتصف الليل",
                  "night2": "ليلاً"
                },
                "narrow": {
                  "am": "ص",
                  "pm": "م",
                  "morning1": "فجرًا",
                  "morning2": "صباحًا",
                  "afternoon1": "ظهرًا",
                  "afternoon2": "بعد الظهر",
                  "evening1": "مساءً",
                  "night1": "منتصف الليل",
                  "night2": "ليلاً"
                },
                "wide": {
                  "am": "ص",
                  "pm": "م",
                  "morning1": "فجرًا",
                  "morning2": "صباحًا",
                  "afternoon1": "ظهرًا",
                  "afternoon2": "بعد الظهر",
                  "evening1": "مساءً",
                  "night1": "منتصف الليل",
                  "night2": "ليلاً"
                }
              },
              "stand-alone": {
                "abbreviated": {
                  "am": "ص",
                  "pm": "م",
                  "morning1": "فجرًا",
                  "morning2": "ص",
                  "afternoon1": "ظهرًا",
                  "afternoon2": "بعد الظهر",
                  "evening1": "مساءً",
                  "night1": "منتصف الليل",
                  "night2": "ليلاً"
                },
                "narrow": {
                  "am": "ص",
                  "pm": "م",
                  "morning1": "فجرًا",
                  "morning2": "صباحًا",
                  "afternoon1": "ظهرًا",
                  "afternoon2": "بعد الظهر",
                  "evening1": "مساءً",
                  "night1": "منتصف الليل",
                  "night2": "ليلاً"
                },
                "wide": {
                  "am": "صباحًا",
                  "pm": "مساءً",
                  "morning1": "فجرًا",
                  "morning2": "صباحًا",
                  "afternoon1": "ظهرًا",
                  "afternoon2": "بعد الظهر",
                  "evening1": "مساءً",
                  "night1": "منتصف الليل",
                  "night2": "ليلاً"
                }
              }
            },
            "eras": {
              "eraNames": {
                "0": "قبل الميلاد",
                "0-alt-variant": "قبل الحقبة الحالية",
                "1": "ميلادي",
                "1-alt-variant": "بعد الميلاد"
              },
              "eraAbbr": {
                "0": "ق.م",
                "0-alt-variant": "ق. م",
                "1": "م",
                "1-alt-variant": "ب.م"
              },
              "eraNarrow": {
                "0": "ق.م",
                "0-alt-variant": "ق. م",
                "1": "م",
                "1-alt-variant": "ب.م"
              }
            },
            "dateFormats": {
              "full": "EEEE، d MMMM y",
              "long": "d MMMM y",
              "medium": "dd‏/MM‏/y",
              "short": "d‏/M‏/y"
            },
            "timeFormats": {
              "full": "h:mm:ss a zzzz",
              "long": "h:mm:ss a z",
              "medium": "h:mm:ss a",
              "short": "h:mm a"
            },
            "dateTimeFormats": {
              "full": "{1} {0}",
              "long": "{1} {0}",
              "medium": "{1} {0}",
              "short": "{1} {0}",
              "availableFormats": {
                "Bh": "h B",
                "Bhm": "h:mm B",
                "Bhms": "h:mm:ss B",
                "d": "d",
                "E": "ccc",
                "EBhm": "E h:mm B",
                "EBhms": "E h:mm:ss B",
                "Ed": "E، d",
                "Ehm": "E h:mm a",
                "EHm": "E HH:mm",
                "Ehms": "E h:mm:ss a",
                "EHms": "E HH:mm:ss",
                "Gy": "y G",
                "GyMMM": "MMM y G",
                "GyMMMd": "d MMM y G",
                "GyMMMEd": "E، d MMM y G",
                "h": "h a",
                "H": "HH",
                "hm": "h:mm a",
                "Hm": "HH:mm",
                "hms": "h:mm:ss a",
                "Hms": "HH:mm:ss",
                "hmsv": "h:mm:ss a v",
                "Hmsv": "HH:mm:ss v",
                "hmv": "h:mm a v",
                "Hmv": "HH:mm v",
                "M": "L",
                "Md": "d/‏M",
                "MEd": "E، d/M",
                "MMdd": "dd‏/MM",
                "MMM": "LLL",
                "MMMd": "d MMM",
                "MMMEd": "E، d MMM",
                "MMMMd": "d MMMM",
                "MMMMEd": "E، d MMMM",
                "MMMMW-count-zero": "الأسبوع W من MMM",
                "MMMMW-count-one": "الأسبوع W من MMM",
                "MMMMW-count-two": "الأسبوع W من MMM",
                "MMMMW-count-few": "الأسبوع W من MMM",
                "MMMMW-count-many": "الأسبوع W من MMM",
                "MMMMW-count-other": "الأسبوع W من MMM",
                "ms": "mm:ss",
                "y": "y",
                "yM": "M‏/y",
                "yMd": "d‏/M‏/y",
                "yMEd": "E، d/‏M/‏y",
                "yMM": "MM‏/y",
                "yMMM": "MMM y",
                "yMMMd": "d MMM y",
                "yMMMEd": "E، d MMM y",
                "yMMMM": "MMMM y",
                "yQQQ": "QQQ y",
                "yQQQQ": "QQQQ y",
                "yw-count-zero": "الأسبوع w من سنة Y",
                "yw-count-one": "الأسبوع w من سنة Y",
                "yw-count-two": "الأسبوع w من سنة Y",
                "yw-count-few": "الأسبوع w من سنة Y",
                "yw-count-many": "الأسبوع w من سنة Y",
                "yw-count-other": "الأسبوع w من سنة Y"
              },
              "appendItems": {
                "Day": "{0} ({2}: {1})",
                "Day-Of-Week": "{0} {1}",
                "Era": "{1} {0}",
                "Hour": "{0} ({2}: {1})",
                "Minute": "{0} ({2}: {1})",
                "Month": "{0} ({2}: {1})",
                "Quarter": "{0} ({2}: {1})",
                "Second": "{0} ({2}: {1})",
                "Timezone": "{0} {1}",
                "Week": "{0} ({2}: {1})",
                "Year": "{1} {0}"
              },
              "intervalFormats": {
                "intervalFormatFallback": "{0} – {1}",
                "d": {
                  "d": "d–d"
                },
                "h": {
                  "a": "h a – h a",
                  "h": "h–h a"
                },
                "H": {
                  "H": "HH–HH"
                },
                "hm": {
                  "a": "h:mm a – h:mm a",
                  "h": "h:mm–h:mm a",
                  "m": "h:mm–h:mm a"
                },
                "Hm": {
                  "H": "HH:mm–HH:mm",
                  "m": "HH:mm–HH:mm"
                },
                "hmv": {
                  "a": "h:mm a – h:mm a v",
                  "h": "h:mm–h:mm a v",
                  "m": "h:mm–h:mm a v"
                },
                "Hmv": {
                  "H": "HH:mm–HH:mm v",
                  "m": "HH:mm–HH:mm v"
                },
                "hv": {
                  "a": "h a – h a v",
                  "h": "h–h a v"
                },
                "Hv": {
                  "H": "HH–HH v"
                },
                "M": {
                  "M": "M–M"
                },
                "Md": {
                  "d": "M/d – M/d",
                  "M": "M/d – M/d"
                },
                "MEd": {
                  "d": "E، d/‏M –‏ E، d/‏M",
                  "M": "E، d/‏M – E، d/‏M"
                },
                "MMM": {
                  "M": "MMM–MMM"
                },
                "MMMd": {
                  "d": "d–d MMM",
                  "M": "d MMM – d MMM"
                },
                "MMMEd": {
                  "d": "E، d – E، d MMM",
                  "M": "E، d MMM – E، d MMM"
                },
                "MMMM": {
                  "M": "LLLL–LLLL"
                },
                "y": {
                  "y": "y–y"
                },
                "yM": {
                  "M": "M‏/y – M‏/y",
                  "y": "M‏/y – M‏/y"
                },
                "yMd": {
                  "d": "d‏/M‏/y – d‏/M‏/y",
                  "M": "d‏/M‏/y – d‏/M‏/y",
                  "y": "d‏/M‏/y – d‏/M‏/y"
                },
                "yMEd": {
                  "d": "E، dd‏/MM‏/y – E، dd‏/MM‏/y",
                  "M": "E، d‏/M‏/y – E، d‏/M‏/y",
                  "y": "E، d‏/M‏/y – E، d‏/M‏/y"
                },
                "yMMM": {
                  "M": "MMM – MMM، y",
                  "y": "MMM، y – MMM، y"
                },
                "yMMMd": {
                  "d": "d–d MMM، y",
                  "M": "d MMM – d MMM، y",
                  "y": "d MMM، y – d MMM، y"
                },
                "yMMMEd": {
                  "d": "E، d – E، d MMM، y",
                  "M": "E، d MMM – E، d MMM، y",
                  "y": "E، d MMM، y – E، d MMM، y"
                },
                "yMMMM": {
                  "M": "MMMM – MMMM، y",
                  "y": "MMMM، y – MMMM، y"
                }
              }
            }
          }
        }
      }
    }
  }
}
