{
  "main": {
    "bm": {
      "identity": {
        "version": {
          "_number": "$Revision: 13133 $",
          "_cldrVersion": "32"
        },
        "language": "bm"
      },
      "dates": {
        "fields": {
          "era": {
            "displayName": "tile"
          },
          "era-short": {
            "displayName": "tile"
          },
          "era-narrow": {
            "displayName": "tile"
          },
          "year": {
            "displayName": "san",
            "relative-type--1": "last year",
            "relative-type-0": "this year",
            "relative-type-1": "next year",
            "relativeTime-type-future": {
              "relativeTimePattern-count-other": "+{0} y"
            },
            "relativeTime-type-past": {
              "relativeTimePattern-count-other": "-{0} y"
            }
          },
          "year-short": {
            "displayName": "san",
            "relative-type--1": "last year",
            "relative-type-0": "this year",
            "relative-type-1": "next year",
            "relativeTime-type-future": {
              "relativeTimePattern-count-other": "+{0} y"
            },
            "relativeTime-type-past": {
              "relativeTimePattern-count-other": "-{0} y"
            }
          },
          "year-narrow": {
            "displayName": "san",
            "relative-type--1": "last year",
            "relative-type-0": "this year",
            "relative-type-1": "next year",
            "relativeTime-type-future": {
              "relativeTimePattern-count-other": "+{0} y"
            },
            "relativeTime-type-past": {
              "relativeTimePattern-count-other": "-{0} y"
            }
          },
          "quarter": {
            "displayName": "Quarter",
            "relative-type--1": "last quarter",
            "relative-type-0": "this quarter",
            "relative-type-1": "next quarter",
            "relativeTime-type-future": {
              "relativeTimePattern-count-other": "+{0} Q"
            },
            "relativeTime-type-past": {
              "relativeTimePattern-count-other": "-{0} Q"
            }
          },
          "quarter-short": {
            "displayName": "Quarter",
            "relative-type--1": "last quarter",
            "relative-type-0": "this quarter",
            "relative-type-1": "next quarter",
            "relativeTime-type-future": {
              "relativeTimePattern-count-other": "+{0} Q"
            },
            "relativeTime-type-past": {
              "relativeTimePattern-count-other": "-{0} Q"
            }
          },
          "quarter-narrow": {
            "displayName": "Quarter",
            "relative-type--1": "last quarter",
            "relative-type-0": "this quarter",
            "relative-type-1": "next quarter",
            "relativeTime-type-future": {
              "relativeTimePattern-count-other": "+{0} Q"
            },
            "relativeTime-type-past": {
              "relativeTimePattern-count-other": "-{0} Q"
            }
          },
          "month": {
            "displayName": "kalo",
            "relative-type--1": "last month",
            "relative-type-0": "this month",
            "relative-type-1": "next month",
            "relativeTime-type-future": {
              "relativeTimePattern-count-other": "+{0} m"
            },
            "relativeTime-type-past": {
              "relativeTimePattern-count-other": "-{0} m"
            }
          },
          "month-short": {
            "displayName": "kalo",
            "relative-type--1": "last month",
            "relative-type-0": "this month",
            "relative-type-1": "next month",
            "relativeTime-type-future": {
              "relativeTimePattern-count-other": "+{0} m"
            },
            "relativeTime-type-past": {
              "relativeTimePattern-count-other": "-{0} m"
            }
          },
          "month-narrow": {
            "displayName": "kalo",
            "relative-type--1": "last month",
            "relative-type-0": "this month",
            "relative-type-1": "next month",
            "relativeTime-type-future": {
              "relativeTimePattern-count-other": "+{0} m"
            },
            "relativeTime-type-past": {
              "relativeTimePattern-count-other": "-{0} m"
            }
          },
          "week": {
            "displayName": "dɔgɔkun",
            "relative-type--1": "last week",
            "relative-type-0": "this week",
            "relative-type-1": "next week",
            "relativeTime-type-future": {
              "relativeTimePattern-count-other": "+{0} w"
            },
            "relativeTime-type-past": {
              "relativeTimePattern-count-other": "-{0} w"
            },
            "relativePeriod": "the week of {0}"
          },
          "week-short": {
            "displayName": "dɔgɔkun",
            "relative-type--1": "last week",
            "relative-type-0": "this week",
            "relative-type-1": "next week",
            "relativeTime-type-future": {
              "relativeTimePattern-count-other": "+{0} w"
            },
            "relativeTime-type-past": {
              "relativeTimePattern-count-other": "-{0} w"
            },
            "relativePeriod": "the week of {0}"
          },
          "week-narrow": {
            "displayName": "dɔgɔkun",
            "relative-type--1": "last week",
            "relative-type-0": "this week",
            "relative-type-1": "next week",
            "relativeTime-type-future": {
              "relativeTimePattern-count-other": "+{0} w"
            },
            "relativeTime-type-past": {
              "relativeTimePattern-count-other": "-{0} w"
            },
            "relativePeriod": "the week of {0}"
          },
          "weekOfMonth": {
            "displayName": "Week Of Month"
          },
          "weekOfMonth-short": {
            "displayName": "Week Of Month"
          },
          "weekOfMonth-narrow": {
            "displayName": "Week Of Month"
          },
          "day": {
            "displayName": "don",
            "relative-type--1": "kunu",
            "relative-type-0": "bi",
            "relative-type-1": "sini",
            "relativeTime-type-future": {
              "relativeTimePattern-count-other": "+{0} d"
            },
            "relativeTime-type-past": {
              "relativeTimePattern-count-other": "-{0} d"
            }
          },
          "day-short": {
            "displayName": "don",
            "relative-type--1": "kunu",
            "relative-type-0": "bi",
            "relative-type-1": "sini",
            "relativeTime-type-future": {
              "relativeTimePattern-count-other": "+{0} d"
            },
            "relativeTime-type-past": {
              "relativeTimePattern-count-other": "-{0} d"
            }
          },
          "day-narrow": {
            "displayName": "don",
            "relative-type--1": "kunu",
            "relative-type-0": "bi",
            "relative-type-1": "sini",
            "relativeTime-type-future": {
              "relativeTimePattern-count-other": "+{0} d"
            },
            "relativeTime-type-past": {
              "relativeTimePattern-count-other": "-{0} d"
            }
          },
          "dayOfYear": {
            "displayName": "Day Of Year"
          },
          "dayOfYear-short": {
            "displayName": "Day Of Year"
          },
          "dayOfYear-narrow": {
            "displayName": "Day Of Year"
          },
          "weekday": {
            "displayName": "Day of the Week"
          },
          "weekday-short": {
            "displayName": "Day of the Week"
          },
          "weekday-narrow": {
            "displayName": "Day of the Week"
          },
          "weekdayOfMonth": {
            "displayName": "Weekday Of Month"
          },
          "weekdayOfMonth-short": {
            "displayName": "Weekday Of Month"
          },
          "weekdayOfMonth-narrow": {
            "displayName": "Weekday Of Month"
          },
          "sun": {
            "relative-type--1": "last Sunday",
            "relative-type-0": "this Sunday",
            "relative-type-1": "next Sunday",
            "relativeTime-type-future": {
              "relativeTimePattern-count-other": "+{0} Sundays"
            },
            "relativeTime-type-past": {
              "relativeTimePattern-count-other": "-{0} Sundays"
            }
          },
          "sun-short": {
            "relative-type--1": "last Sunday",
            "relative-type-0": "this Sunday",
            "relative-type-1": "next Sunday",
            "relativeTime-type-future": {
              "relativeTimePattern-count-other": "+{0} Sundays"
            },
            "relativeTime-type-past": {
              "relativeTimePattern-count-other": "-{0} Sundays"
            }
          },
          "sun-narrow": {
            "relative-type--1": "last Sunday",
            "relative-type-0": "this Sunday",
            "relative-type-1": "next Sunday",
            "relativeTime-type-future": {
              "relativeTimePattern-count-other": "+{0} Sundays"
            },
            "relativeTime-type-past": {
              "relativeTimePattern-count-other": "-{0} Sundays"
            }
          },
          "mon": {
            "relative-type--1": "last Monday",
            "relative-type-0": "this Monday",
            "relative-type-1": "next Monday",
            "relativeTime-type-future": {
              "relativeTimePattern-count-other": "+{0} Mondays"
            },
            "relativeTime-type-past": {
              "relativeTimePattern-count-other": "-{0} Mondays"
            }
          },
          "mon-short": {
            "relative-type--1": "last Monday",
            "relative-type-0": "this Monday",
            "relative-type-1": "next Monday",
            "relativeTime-type-future": {
              "relativeTimePattern-count-other": "+{0} Mondays"
            },
            "relativeTime-type-past": {
              "relativeTimePattern-count-other": "-{0} Mondays"
            }
          },
          "mon-narrow": {
            "relative-type--1": "last Monday",
            "relative-type-0": "this Monday",
            "relative-type-1": "next Monday",
            "relativeTime-type-future": {
              "relativeTimePattern-count-other": "+{0} Mondays"
            },
            "relativeTime-type-past": {
              "relativeTimePattern-count-other": "-{0} Mondays"
            }
          },
          "tue": {
            "relative-type--1": "last Tuesday",
            "relative-type-0": "this Tuesday",
            "relative-type-1": "next Tuesday",
            "relativeTime-type-future": {
              "relativeTimePattern-count-other": "+{0} Tuesdays"
            },
            "relativeTime-type-past": {
              "relativeTimePattern-count-other": "-{0} Tuesdays"
            }
          },
          "tue-short": {
            "relative-type--1": "last Tuesday",
            "relative-type-0": "this Tuesday",
            "relative-type-1": "next Tuesday",
            "relativeTime-type-future": {
              "relativeTimePattern-count-other": "+{0} Tuesdays"
            },
            "relativeTime-type-past": {
              "relativeTimePattern-count-other": "-{0} Tuesdays"
            }
          },
          "tue-narrow": {
            "relative-type--1": "last Tuesday",
            "relative-type-0": "this Tuesday",
            "relative-type-1": "next Tuesday",
            "relativeTime-type-future": {
              "relativeTimePattern-count-other": "+{0} Tuesdays"
            },
            "relativeTime-type-past": {
              "relativeTimePattern-count-other": "-{0} Tuesdays"
            }
          },
          "wed": {
            "relative-type--1": "last Wednesday",
            "relative-type-0": "this Wednesday",
            "relative-type-1": "next Wednesday",
            "relativeTime-type-future": {
              "relativeTimePattern-count-other": "+{0} Wednesdays"
            },
            "relativeTime-type-past": {
              "relativeTimePattern-count-other": "-{0} Wednesdays"
            }
          },
          "wed-short": {
            "relative-type--1": "last Wednesday",
            "relative-type-0": "this Wednesday",
            "relative-type-1": "next Wednesday",
            "relativeTime-type-future": {
              "relativeTimePattern-count-other": "+{0} Wednesdays"
            },
            "relativeTime-type-past": {
              "relativeTimePattern-count-other": "-{0} Wednesdays"
            }
          },
          "wed-narrow": {
            "relative-type--1": "last Wednesday",
            "relative-type-0": "this Wednesday",
            "relative-type-1": "next Wednesday",
            "relativeTime-type-future": {
              "relativeTimePattern-count-other": "+{0} Wednesdays"
            },
            "relativeTime-type-past": {
              "relativeTimePattern-count-other": "-{0} Wednesdays"
            }
          },
          "thu": {
            "relative-type--1": "last Thursday",
            "relative-type-0": "this Thursday",
            "relative-type-1": "next Thursday",
            "relativeTime-type-future": {
              "relativeTimePattern-count-other": "+{0} Thursdays"
            },
            "relativeTime-type-past": {
              "relativeTimePattern-count-other": "-{0} Thursdays"
            }
          },
          "thu-short": {
            "relative-type--1": "last Thursday",
            "relative-type-0": "this Thursday",
            "relative-type-1": "next Thursday",
            "relativeTime-type-future": {
              "relativeTimePattern-count-other": "+{0} Thursdays"
            },
            "relativeTime-type-past": {
              "relativeTimePattern-count-other": "-{0} Thursdays"
            }
          },
          "thu-narrow": {
            "relative-type--1": "last Thursday",
            "relative-type-0": "this Thursday",
            "relative-type-1": "next Thursday",
            "relativeTime-type-future": {
              "relativeTimePattern-count-other": "+{0} Thursdays"
            },
            "relativeTime-type-past": {
              "relativeTimePattern-count-other": "-{0} Thursdays"
            }
          },
          "fri": {
            "relative-type--1": "last Friday",
            "relative-type-0": "this Friday",
            "relative-type-1": "next Friday",
            "relativeTime-type-future": {
              "relativeTimePattern-count-other": "+{0} Fridays"
            },
            "relativeTime-type-past": {
              "relativeTimePattern-count-other": "-{0} Fridays"
            }
          },
          "fri-short": {
            "relative-type--1": "last Friday",
            "relative-type-0": "this Friday",
            "relative-type-1": "next Friday",
            "relativeTime-type-future": {
              "relativeTimePattern-count-other": "+{0} Fridays"
            },
            "relativeTime-type-past": {
              "relativeTimePattern-count-other": "-{0} Fridays"
            }
          },
          "fri-narrow": {
            "relative-type--1": "last Friday",
            "relative-type-0": "this Friday",
            "relative-type-1": "next Friday",
            "relativeTime-type-future": {
              "relativeTimePattern-count-other": "+{0} Fridays"
            },
            "relativeTime-type-past": {
              "relativeTimePattern-count-other": "-{0} Fridays"
            }
          },
          "sat": {
            "relative-type--1": "last Saturday",
            "relative-type-0": "this Saturday",
            "relative-type-1": "next Saturday",
            "relativeTime-type-future": {
              "relativeTimePattern-count-other": "+{0} Saturdays"
            },
            "relativeTime-type-past": {
              "relativeTimePattern-count-other": "-{0} Saturdays"
            }
          },
          "sat-short": {
            "relative-type--1": "last Saturday",
            "relative-type-0": "this Saturday",
            "relative-type-1": "next Saturday",
            "relativeTime-type-future": {
              "relativeTimePattern-count-other": "+{0} Saturdays"
            },
            "relativeTime-type-past": {
              "relativeTimePattern-count-other": "-{0} Saturdays"
            }
          },
          "sat-narrow": {
            "relative-type--1": "last Saturday",
            "relative-type-0": "this Saturday",
            "relative-type-1": "next Saturday",
            "relativeTime-type-future": {
              "relativeTimePattern-count-other": "+{0} Saturdays"
            },
            "relativeTime-type-past": {
              "relativeTimePattern-count-other": "-{0} Saturdays"
            }
          },
          "dayperiod-short": {
            "displayName": "sɔgɔma/tile/wula/su"
          },
          "dayperiod": {
            "displayName": "sɔgɔma/tile/wula/su"
          },
          "dayperiod-narrow": {
            "displayName": "sɔgɔma/tile/wula/su"
          },
          "hour": {
            "displayName": "lɛrɛ",
            "relative-type-0": "this hour",
            "relativeTime-type-future": {
              "relativeTimePattern-count-other": "+{0} h"
            },
            "relativeTime-type-past": {
              "relativeTimePattern-count-other": "-{0} h"
            }
          },
          "hour-short": {
            "displayName": "lɛrɛ",
            "relative-type-0": "this hour",
            "relativeTime-type-future": {
              "relativeTimePattern-count-other": "+{0} h"
            },
            "relativeTime-type-past": {
              "relativeTimePattern-count-other": "-{0} h"
            }
          },
          "hour-narrow": {
            "displayName": "lɛrɛ",
            "relative-type-0": "this hour",
            "relativeTime-type-future": {
              "relativeTimePattern-count-other": "+{0} h"
            },
            "relativeTime-type-past": {
              "relativeTimePattern-count-other": "-{0} h"
            }
          },
          "minute": {
            "displayName": "miniti",
            "relative-type-0": "this minute",
            "relativeTime-type-future": {
              "relativeTimePattern-count-other": "+{0} min"
            },
            "relativeTime-type-past": {
              "relativeTimePattern-count-other": "-{0} min"
            }
          },
          "minute-short": {
            "displayName": "miniti",
            "relative-type-0": "this minute",
            "relativeTime-type-future": {
              "relativeTimePattern-count-other": "+{0} min"
            },
            "relativeTime-type-past": {
              "relativeTimePattern-count-other": "-{0} min"
            }
          },
          "minute-narrow": {
            "displayName": "miniti",
            "relative-type-0": "this minute",
            "relativeTime-type-future": {
              "relativeTimePattern-count-other": "+{0} min"
            },
            "relativeTime-type-past": {
              "relativeTimePattern-count-other": "-{0} min"
            }
          },
          "second": {
            "displayName": "sekondi",
            "relative-type-0": "now",
            "relativeTime-type-future": {
              "relativeTimePattern-count-other": "+{0} s"
            },
            "relativeTime-type-past": {
              "relativeTimePattern-count-other": "-{0} s"
            }
          },
          "second-short": {
            "displayName": "sekondi",
            "relative-type-0": "now",
            "relativeTime-type-future": {
              "relativeTimePattern-count-other": "+{0} s"
            },
            "relativeTime-type-past": {
              "relativeTimePattern-count-other": "-{0} s"
            }
          },
          "second-narrow": {
            "displayName": "sekondi",
            "relative-type-0": "now",
            "relativeTime-type-future": {
              "relativeTimePattern-count-other": "+{0} s"
            },
            "relativeTime-type-past": {
              "relativeTimePattern-count-other": "-{0} s"
            }
          },
          "zone": {
            "displayName": "sigikun tilena"
          },
          "zone-short": {
            "displayName": "sigikun tilena"
          },
          "zone-narrow": {
            "displayName": "sigikun tilena"
          }
        }
      }
    }
  }
}
