{
  "main": {
    "ee": {
      "identity": {
        "version": {
          "_number": "$Revision: 13701 $",
          "_cldrVersion": "32"
        },
        "language": "ee"
      },
      "dates": {
        "timeZoneNames": {
          "hourFormat": "+HH:mm;-HH:mm",
          "gmtFormat": "{0} GMT",
          "gmtZeroFormat": "GMT",
          "regionFormat": "{0} gaƒoƒo me",
          "regionFormat-type-daylight": "{0} kele gaƒoƒo me",
          "regionFormat-type-standard": "{0} nutome gaƒoƒo me",
          "fallbackFormat": "{1} ({0})",
          "zone": {
            "America": {
              "Adak": {
                "exemplarCity": "Adak"
              },
              "Anchorage": {
                "exemplarCity": "Anchorage"
              },
              "Anguilla": {
                "exemplarCity": "Anguilla"
              },
              "Antigua": {
                "exemplarCity": "Antigua"
              },
              "Araguaina": {
                "exemplarCity": "Araguaina"
              },
              "Argentina": {
                "Rio_Gallegos": {
                  "exemplarCity": "Rio Gallegos"
                },
                "San_Juan": {
                  "exemplarCity": "San Juan"
                },
                "Ushuaia": {
                  "exemplarCity": "Ushuaia"
                },
                "La_Rioja": {
                  "exemplarCity": "La Rioja"
                },
                "San_Luis": {
                  "exemplarCity": "San Luis"
                },
                "Salta": {
                  "exemplarCity": "Salta"
                },
                "Tucuman": {
                  "exemplarCity": "Tucuman"
                }
              },
              "Aruba": {
                "exemplarCity": "Aruba"
              },
              "Asuncion": {
                "exemplarCity": "Asuncion"
              },
              "Bahia": {
                "exemplarCity": "Bahia"
              },
              "Bahia_Banderas": {
                "exemplarCity": "Bahia Banderas"
              },
              "Barbados": {
                "exemplarCity": "Barbados"
              },
              "Belem": {
                "exemplarCity": "Belem"
              },
              "Belize": {
                "exemplarCity": "Belize"
              },
              "Blanc-Sablon": {
                "exemplarCity": "Blanc-Sablon"
              },
              "Boa_Vista": {
                "exemplarCity": "Boa Vista"
              },
              "Bogota": {
                "exemplarCity": "Bogota"
              },
              "Boise": {
                "exemplarCity": "Boise"
              },
              "Buenos_Aires": {
                "exemplarCity": "Buenos Aires"
              },
              "Cambridge_Bay": {
                "exemplarCity": "Cambridge Bay"
              },
              "Campo_Grande": {
                "exemplarCity": "Campo Grande"
              },
              "Cancun": {
                "exemplarCity": "Cancun"
              },
              "Caracas": {
                "exemplarCity": "Caracas"
              },
              "Catamarca": {
                "exemplarCity": "Catamarca"
              },
              "Cayenne": {
                "exemplarCity": "Cayenne"
              },
              "Cayman": {
                "exemplarCity": "Cayman"
              },
              "Chicago": {
                "exemplarCity": "Chicago"
              },
              "Chihuahua": {
                "exemplarCity": "Chihuahua"
              },
              "Coral_Harbour": {
                "exemplarCity": "Atikokan"
              },
              "Cordoba": {
                "exemplarCity": "Cordoba"
              },
              "Costa_Rica": {
                "exemplarCity": "Costa Rica"
              },
              "Creston": {
                "exemplarCity": "Creston"
              },
              "Cuiaba": {
                "exemplarCity": "Cuiaba"
              },
              "Curacao": {
                "exemplarCity": "Curacao"
              },
              "Danmarkshavn": {
                "exemplarCity": "Danmarkshavn"
              },
              "Dawson": {
                "exemplarCity": "Dawson"
              },
              "Dawson_Creek": {
                "exemplarCity": "Dawson Creek"
              },
              "Denver": {
                "exemplarCity": "Denver"
              },
              "Detroit": {
                "exemplarCity": "Detroit"
              },
              "Dominica": {
                "exemplarCity": "Dominica"
              },
              "Edmonton": {
                "exemplarCity": "Edmonton"
              },
              "Eirunepe": {
                "exemplarCity": "Eirunepe"
              },
              "El_Salvador": {
                "exemplarCity": "El Salvador"
              },
              "Fort_Nelson": {
                "exemplarCity": "Fort Nelson"
              },
              "Fortaleza": {
                "exemplarCity": "Fortaleza"
              },
              "Glace_Bay": {
                "exemplarCity": "Glace Bay"
              },
              "Godthab": {
                "exemplarCity": "Nuuk"
              },
              "Goose_Bay": {
                "exemplarCity": "Goose Bay"
              },
              "Grand_Turk": {
                "exemplarCity": "Grand Turk"
              },
              "Grenada": {
                "exemplarCity": "Grenada"
              },
              "Guadeloupe": {
                "exemplarCity": "Guadeloupe"
              },
              "Guatemala": {
                "exemplarCity": "Guatemala"
              },
              "Guayaquil": {
                "exemplarCity": "Guayaquil"
              },
              "Guyana": {
                "exemplarCity": "Guyana"
              },
              "Halifax": {
                "exemplarCity": "Halifax"
              },
              "Havana": {
                "exemplarCity": "Havana"
              },
              "Hermosillo": {
                "exemplarCity": "Hermosillo"
              },
              "Indiana": {
                "Vincennes": {
                  "exemplarCity": "Vincennes, Indiana"
                },
                "Petersburg": {
                  "exemplarCity": "Petersburg, Indiana"
                },
                "Tell_City": {
                  "exemplarCity": "Tell City, Indiana"
                },
                "Knox": {
                  "exemplarCity": "Knox, Indiana"
                },
                "Winamac": {
                  "exemplarCity": "Winamac, Indiana"
                },
                "Marengo": {
                  "exemplarCity": "Marengo, Indiana"
                },
                "Vevay": {
                  "exemplarCity": "Vevay, Indiana"
                }
              },
              "Indianapolis": {
                "exemplarCity": "Indianapolis"
              },
              "Inuvik": {
                "exemplarCity": "Inuvik"
              },
              "Iqaluit": {
                "exemplarCity": "Iqaluit"
              },
              "Jamaica": {
                "exemplarCity": "Jamaica"
              },
              "Jujuy": {
                "exemplarCity": "Jujuy"
              },
              "Juneau": {
                "exemplarCity": "Juneau"
              },
              "Kentucky": {
                "Monticello": {
                  "exemplarCity": "Monticello, Kentucky"
                }
              },
              "Kralendijk": {
                "exemplarCity": "Kralendijk"
              },
              "La_Paz": {
                "exemplarCity": "La Paz"
              },
              "Lima": {
                "exemplarCity": "Lima"
              },
              "Los_Angeles": {
                "exemplarCity": "Los Angeles"
              },
              "Louisville": {
                "exemplarCity": "Louisville"
              },
              "Lower_Princes": {
                "exemplarCity": "Lower Prince’s Quarter"
              },
              "Maceio": {
                "exemplarCity": "Maceio"
              },
              "Managua": {
                "exemplarCity": "Managua"
              },
              "Manaus": {
                "exemplarCity": "Manaus"
              },
              "Marigot": {
                "exemplarCity": "Marigot"
              },
              "Martinique": {
                "exemplarCity": "Martinique"
              },
              "Matamoros": {
                "exemplarCity": "Matamoros"
              },
              "Mazatlan": {
                "exemplarCity": "Mazatlan"
              },
              "Mendoza": {
                "exemplarCity": "Mendoza"
              },
              "Menominee": {
                "exemplarCity": "Menominee"
              },
              "Merida": {
                "exemplarCity": "Merida"
              },
              "Metlakatla": {
                "exemplarCity": "Metlakatla"
              },
              "Mexico_City": {
                "exemplarCity": "Mexico City"
              },
              "Miquelon": {
                "exemplarCity": "Miquelon"
              },
              "Moncton": {
                "exemplarCity": "Moncton"
              },
              "Monterrey": {
                "exemplarCity": "Monterrey"
              },
              "Montevideo": {
                "exemplarCity": "Montevideo"
              },
              "Montserrat": {
                "exemplarCity": "Montserrat"
              },
              "Nassau": {
                "exemplarCity": "Nassau"
              },
              "New_York": {
                "exemplarCity": "New York"
              },
              "Nipigon": {
                "exemplarCity": "Nipigon"
              },
              "Nome": {
                "exemplarCity": "Nome"
              },
              "Noronha": {
                "exemplarCity": "Noronha"
              },
              "North_Dakota": {
                "Beulah": {
                  "exemplarCity": "Beulah, North Dakota"
                },
                "New_Salem": {
                  "exemplarCity": "New Salem, North Dakota"
                },
                "Center": {
                  "exemplarCity": "Center, North Dakota"
                }
              },
              "Ojinaga": {
                "exemplarCity": "Ojinaga"
              },
              "Panama": {
                "exemplarCity": "Panama"
              },
              "Pangnirtung": {
                "exemplarCity": "Pangnirtung"
              },
              "Paramaribo": {
                "exemplarCity": "Paramaribo"
              },
              "Phoenix": {
                "exemplarCity": "Phoenix"
              },
              "Port-au-Prince": {
                "exemplarCity": "Port-au-Prince"
              },
              "Port_of_Spain": {
                "exemplarCity": "Port of Spain"
              },
              "Porto_Velho": {
                "exemplarCity": "Porto Velho"
              },
              "Puerto_Rico": {
                "exemplarCity": "Puerto Rico"
              },
              "Punta_Arenas": {
                "exemplarCity": "Punta Arenas"
              },
              "Rainy_River": {
                "exemplarCity": "Rainy River"
              },
              "Rankin_Inlet": {
                "exemplarCity": "Rankin Inlet"
              },
              "Recife": {
                "exemplarCity": "Recife"
              },
              "Regina": {
                "exemplarCity": "Regina"
              },
              "Resolute": {
                "exemplarCity": "Resolute"
              },
              "Rio_Branco": {
                "exemplarCity": "Rio Branco"
              },
              "Santarem": {
                "exemplarCity": "Santarem"
              },
              "Santiago": {
                "exemplarCity": "Santiago"
              },
              "Santo_Domingo": {
                "exemplarCity": "Santo Domingo"
              },
              "Sao_Paulo": {
                "exemplarCity": "Sao Paulo"
              },
              "Scoresbysund": {
                "exemplarCity": "Ittoqqortoormiit"
              },
              "Sitka": {
                "exemplarCity": "Sitka"
              },
              "St_Barthelemy": {
                "exemplarCity": "St. Barthelemy"
              },
              "St_Johns": {
                "exemplarCity": "St. John’s"
              },
              "St_Kitts": {
                "exemplarCity": "St. Kitts"
              },
              "St_Lucia": {
                "exemplarCity": "St. Lucia"
              },
              "St_Thomas": {
                "exemplarCity": "St. Thomas"
              },
              "St_Vincent": {
                "exemplarCity": "St. Vincent"
              },
              "Swift_Current": {
                "exemplarCity": "Swift Current"
              },
              "Tegucigalpa": {
                "exemplarCity": "Tegucigalpa"
              },
              "Thule": {
                "exemplarCity": "Thule"
              },
              "Thunder_Bay": {
                "exemplarCity": "Thunder Bay"
              },
              "Tijuana": {
                "exemplarCity": "Tijuana"
              },
              "Toronto": {
                "exemplarCity": "Toronto"
              },
              "Tortola": {
                "exemplarCity": "Tortola"
              },
              "Vancouver": {
                "exemplarCity": "Vancouver"
              },
              "Whitehorse": {
                "exemplarCity": "Whitehorse"
              },
              "Winnipeg": {
                "exemplarCity": "Winnipeg"
              },
              "Yakutat": {
                "exemplarCity": "Yakutat"
              },
              "Yellowknife": {
                "exemplarCity": "Yellowknife"
              }
            },
            "Atlantic": {
              "Azores": {
                "exemplarCity": "Azores"
              },
              "Bermuda": {
                "exemplarCity": "Bermuda"
              },
              "Canary": {
                "exemplarCity": "Canary"
              },
              "Cape_Verde": {
                "exemplarCity": "Cape Verde"
              },
              "Faeroe": {
                "exemplarCity": "Faroe"
              },
              "Madeira": {
                "exemplarCity": "Madeira"
              },
              "Reykjavik": {
                "exemplarCity": "Reykjavik"
              },
              "South_Georgia": {
                "exemplarCity": "South Georgia"
              },
              "St_Helena": {
                "exemplarCity": "St. Helena"
              },
              "Stanley": {
                "exemplarCity": "Stanley"
              }
            },
            "Europe": {
              "Amsterdam": {
                "exemplarCity": "Amsterdam"
              },
              "Andorra": {
                "exemplarCity": "Andorra"
              },
              "Astrakhan": {
                "exemplarCity": "Astrakhan"
              },
              "Athens": {
                "exemplarCity": "Athens"
              },
              "Belgrade": {
                "exemplarCity": "Belgrade"
              },
              "Berlin": {
                "exemplarCity": "Berlin"
              },
              "Bratislava": {
                "exemplarCity": "Bratislava"
              },
              "Brussels": {
                "exemplarCity": "Brussels"
              },
              "Bucharest": {
                "exemplarCity": "Bucharest"
              },
              "Budapest": {
                "exemplarCity": "Budapest"
              },
              "Busingen": {
                "exemplarCity": "Busingen"
              },
              "Chisinau": {
                "exemplarCity": "Chisinau"
              },
              "Copenhagen": {
                "exemplarCity": "Copenhagen"
              },
              "Dublin": {
                "long": {
                  "daylight": "Ireland nutome gaƒoƒo me"
                },
                "exemplarCity": "Dublin"
              },
              "Gibraltar": {
                "exemplarCity": "Gibraltar"
              },
              "Guernsey": {
                "exemplarCity": "Guernsey"
              },
              "Helsinki": {
                "exemplarCity": "Helsinki"
              },
              "Isle_of_Man": {
                "exemplarCity": "Isle of Man"
              },
              "Istanbul": {
                "exemplarCity": "Istanbul"
              },
              "Jersey": {
                "exemplarCity": "Jersey"
              },
              "Kaliningrad": {
                "exemplarCity": "Kaliningrad"
              },
              "Kiev": {
                "exemplarCity": "Kiev"
              },
              "Kirov": {
                "exemplarCity": "Kirov"
              },
              "Lisbon": {
                "exemplarCity": "Lisbon"
              },
              "Ljubljana": {
                "exemplarCity": "Ljubljana"
              },
              "London": {
                "long": {
                  "daylight": "British dzomeŋɔli gaƒoƒo me"
                },
                "exemplarCity": "London"
              },
              "Luxembourg": {
                "exemplarCity": "Luxembourg"
              },
              "Madrid": {
                "exemplarCity": "Madrid"
              },
              "Malta": {
                "exemplarCity": "Malta"
              },
              "Mariehamn": {
                "exemplarCity": "Mariehamn"
              },
              "Minsk": {
                "exemplarCity": "Minsk"
              },
              "Monaco": {
                "exemplarCity": "Monaco"
              },
              "Moscow": {
                "exemplarCity": "Moscow"
              },
              "Oslo": {
                "exemplarCity": "Oslo"
              },
              "Paris": {
                "exemplarCity": "Paris"
              },
              "Podgorica": {
                "exemplarCity": "Podgorica"
              },
              "Prague": {
                "exemplarCity": "Prague"
              },
              "Riga": {
                "exemplarCity": "Riga"
              },
              "Rome": {
                "exemplarCity": "Rome"
              },
              "Samara": {
                "exemplarCity": "Samara"
              },
              "San_Marino": {
                "exemplarCity": "San Marino"
              },
              "Sarajevo": {
                "exemplarCity": "Sarajevo"
              },
              "Saratov": {
                "exemplarCity": "Saratov"
              },
              "Simferopol": {
                "exemplarCity": "Simferopol"
              },
              "Skopje": {
                "exemplarCity": "Skopje"
              },
              "Sofia": {
                "exemplarCity": "Sofia"
              },
              "Stockholm": {
                "exemplarCity": "Stockholm"
              },
              "Tallinn": {
                "exemplarCity": "Tallinn"
              },
              "Tirane": {
                "exemplarCity": "Tirane"
              },
              "Ulyanovsk": {
                "exemplarCity": "Ulyanovsk"
              },
              "Uzhgorod": {
                "exemplarCity": "Uzhgorod"
              },
              "Vaduz": {
                "exemplarCity": "Vaduz"
              },
              "Vatican": {
                "exemplarCity": "Vatican"
              },
              "Vienna": {
                "exemplarCity": "Vienna"
              },
              "Vilnius": {
                "exemplarCity": "Vilnius"
              },
              "Volgograd": {
                "exemplarCity": "Volgograd"
              },
              "Warsaw": {
                "exemplarCity": "Warsaw"
              },
              "Zagreb": {
                "exemplarCity": "Zagreb"
              },
              "Zaporozhye": {
                "exemplarCity": "Zaporozhye"
              },
              "Zurich": {
                "exemplarCity": "Zurich"
              }
            },
            "Africa": {
              "Abidjan": {
                "exemplarCity": "Abidjan"
              },
              "Accra": {
                "exemplarCity": "Accra"
              },
              "Addis_Ababa": {
                "exemplarCity": "Addis Ababa"
              },
              "Algiers": {
                "exemplarCity": "Algiers"
              },
              "Asmera": {
                "exemplarCity": "Asmara"
              },
              "Bamako": {
                "exemplarCity": "Bamako"
              },
              "Bangui": {
                "exemplarCity": "Bangui"
              },
              "Banjul": {
                "exemplarCity": "Banjul"
              },
              "Bissau": {
                "exemplarCity": "Bissau"
              },
              "Blantyre": {
                "exemplarCity": "Blantyre"
              },
              "Brazzaville": {
                "exemplarCity": "Brazzaville"
              },
              "Bujumbura": {
                "exemplarCity": "Bujumbura"
              },
              "Cairo": {
                "exemplarCity": "Cairo"
              },
              "Casablanca": {
                "exemplarCity": "Casablanca"
              },
              "Ceuta": {
                "exemplarCity": "Ceuta"
              },
              "Conakry": {
                "exemplarCity": "Conakry"
              },
              "Dakar": {
                "exemplarCity": "Dakar"
              },
              "Dar_es_Salaam": {
                "exemplarCity": "Dar es Salaam"
              },
              "Djibouti": {
                "exemplarCity": "Djibouti"
              },
              "Douala": {
                "exemplarCity": "Douala"
              },
              "El_Aaiun": {
                "exemplarCity": "El Aaiun"
              },
              "Freetown": {
                "exemplarCity": "Freetown"
              },
              "Gaborone": {
                "exemplarCity": "Gaborone"
              },
              "Harare": {
                "exemplarCity": "Harare"
              },
              "Johannesburg": {
                "exemplarCity": "Johannesburg"
              },
              "Juba": {
                "exemplarCity": "Juba"
              },
              "Kampala": {
                "exemplarCity": "Kampala"
              },
              "Khartoum": {
                "exemplarCity": "Khartoum"
              },
              "Kigali": {
                "exemplarCity": "Kigali"
              },
              "Kinshasa": {
                "exemplarCity": "Kinshasa"
              },
              "Lagos": {
                "exemplarCity": "Lagos"
              },
              "Libreville": {
                "exemplarCity": "Libreville"
              },
              "Lome": {
                "exemplarCity": "Lome"
              },
              "Luanda": {
                "exemplarCity": "Luanda"
              },
              "Lubumbashi": {
                "exemplarCity": "Lubumbashi"
              },
              "Lusaka": {
                "exemplarCity": "Lusaka"
              },
              "Malabo": {
                "exemplarCity": "Malabo"
              },
              "Maputo": {
                "exemplarCity": "Maputo"
              },
              "Maseru": {
                "exemplarCity": "Maseru"
              },
              "Mbabane": {
                "exemplarCity": "Mbabane"
              },
              "Mogadishu": {
                "exemplarCity": "Mogadishu"
              },
              "Monrovia": {
                "exemplarCity": "Monrovia"
              },
              "Nairobi": {
                "exemplarCity": "Nairobi"
              },
              "Ndjamena": {
                "exemplarCity": "Ndjamena"
              },
              "Niamey": {
                "exemplarCity": "Niamey"
              },
              "Nouakchott": {
                "exemplarCity": "Nouakchott"
              },
              "Ouagadougou": {
                "exemplarCity": "Ouagadougou"
              },
              "Porto-Novo": {
                "exemplarCity": "Porto-Novo"
              },
              "Sao_Tome": {
                "exemplarCity": "Sao Tome"
              },
              "Tripoli": {
                "exemplarCity": "Tripoli"
              },
              "Tunis": {
                "exemplarCity": "Tunis"
              },
              "Windhoek": {
                "exemplarCity": "Windhoek"
              }
            },
            "Asia": {
              "Aden": {
                "exemplarCity": "Aden"
              },
              "Almaty": {
                "exemplarCity": "Almaty"
              },
              "Amman": {
                "exemplarCity": "Amman"
              },
              "Anadyr": {
                "exemplarCity": "Anadyr"
              },
              "Aqtau": {
                "exemplarCity": "Aqtau"
              },
              "Aqtobe": {
                "exemplarCity": "Aqtobe"
              },
              "Ashgabat": {
                "exemplarCity": "Ashgabat"
              },
              "Atyrau": {
                "exemplarCity": "Atyrau"
              },
              "Baghdad": {
                "exemplarCity": "Baghdad"
              },
              "Bahrain": {
                "exemplarCity": "Bahrain"
              },
              "Baku": {
                "exemplarCity": "Baku"
              },
              "Bangkok": {
                "exemplarCity": "Bangkok"
              },
              "Barnaul": {
                "exemplarCity": "Barnaul"
              },
              "Beirut": {
                "exemplarCity": "Beirut"
              },
              "Bishkek": {
                "exemplarCity": "Bishkek"
              },
              "Brunei": {
                "exemplarCity": "Brunei"
              },
              "Calcutta": {
                "exemplarCity": "Kolkata"
              },
              "Chita": {
                "exemplarCity": "Chita"
              },
              "Choibalsan": {
                "exemplarCity": "Choibalsan"
              },
              "Colombo": {
                "exemplarCity": "Colombo"
              },
              "Damascus": {
                "exemplarCity": "Damascus"
              },
              "Dhaka": {
                "exemplarCity": "Dhaka"
              },
              "Dili": {
                "exemplarCity": "Dili"
              },
              "Dubai": {
                "exemplarCity": "Dubai"
              },
              "Dushanbe": {
                "exemplarCity": "Dushanbe"
              },
              "Famagusta": {
                "exemplarCity": "Famagusta"
              },
              "Gaza": {
                "exemplarCity": "Gaza"
              },
              "Hebron": {
                "exemplarCity": "Hebron"
              },
              "Hong_Kong": {
                "exemplarCity": "Hong Kong"
              },
              "Hovd": {
                "exemplarCity": "Hovd"
              },
              "Irkutsk": {
                "exemplarCity": "Irkutsk"
              },
              "Jakarta": {
                "exemplarCity": "Jakarta"
              },
              "Jayapura": {
                "exemplarCity": "Jayapura"
              },
              "Jerusalem": {
                "exemplarCity": "Jerusalem"
              },
              "Kabul": {
                "exemplarCity": "Kabul"
              },
              "Kamchatka": {
                "exemplarCity": "Kamchatka"
              },
              "Karachi": {
                "exemplarCity": "Karachi"
              },
              "Katmandu": {
                "exemplarCity": "Kathmandu nutomegaƒoƒome"
              },
              "Khandyga": {
                "exemplarCity": "Khandyga"
              },
              "Krasnoyarsk": {
                "exemplarCity": "Krasnoyarsk"
              },
              "Kuala_Lumpur": {
                "exemplarCity": "Kuala Lumpur"
              },
              "Kuching": {
                "exemplarCity": "Kuching"
              },
              "Kuwait": {
                "exemplarCity": "Kuwait"
              },
              "Macau": {
                "exemplarCity": "Macau"
              },
              "Magadan": {
                "exemplarCity": "Magadan"
              },
              "Makassar": {
                "exemplarCity": "Makassar"
              },
              "Manila": {
                "exemplarCity": "Manila"
              },
              "Muscat": {
                "exemplarCity": "Muscat"
              },
              "Nicosia": {
                "exemplarCity": "Nicosia"
              },
              "Novokuznetsk": {
                "exemplarCity": "Novokuznetsk"
              },
              "Novosibirsk": {
                "exemplarCity": "Novosibirsk"
              },
              "Omsk": {
                "exemplarCity": "Omsk"
              },
              "Oral": {
                "exemplarCity": "Oral"
              },
              "Phnom_Penh": {
                "exemplarCity": "Phnom Penh"
              },
              "Pontianak": {
                "exemplarCity": "Pontianak"
              },
              "Pyongyang": {
                "exemplarCity": "Pyongyang"
              },
              "Qatar": {
                "exemplarCity": "Qatar"
              },
              "Qyzylorda": {
                "exemplarCity": "Qyzylorda"
              },
              "Rangoon": {
                "exemplarCity": "Yangon"
              },
              "Riyadh": {
                "exemplarCity": "Riyadh"
              },
              "Saigon": {
                "exemplarCity": "Ho Chi Minh"
              },
              "Sakhalin": {
                "exemplarCity": "Sakhalin"
              },
              "Samarkand": {
                "exemplarCity": "Samarkand"
              },
              "Seoul": {
                "exemplarCity": "Seoul"
              },
              "Shanghai": {
                "exemplarCity": "Shanghai"
              },
              "Singapore": {
                "exemplarCity": "Singapore"
              },
              "Srednekolymsk": {
                "exemplarCity": "Srednekolymsk"
              },
              "Taipei": {
                "exemplarCity": "Taipei"
              },
              "Tashkent": {
                "exemplarCity": "Tashkent"
              },
              "Tbilisi": {
                "exemplarCity": "Tbilisi"
              },
              "Tehran": {
                "exemplarCity": "Tehran"
              },
              "Thimphu": {
                "exemplarCity": "Thimphu"
              },
              "Tokyo": {
                "exemplarCity": "Tokyo"
              },
              "Tomsk": {
                "exemplarCity": "Tomsk"
              },
              "Ulaanbaatar": {
                "exemplarCity": "Ulaanbaatar"
              },
              "Urumqi": {
                "exemplarCity": "Urumqi"
              },
              "Ust-Nera": {
                "exemplarCity": "Ust-Nera"
              },
              "Vientiane": {
                "exemplarCity": "Vientiane"
              },
              "Vladivostok": {
                "exemplarCity": "Vladivostok"
              },
              "Yakutsk": {
                "exemplarCity": "Yakutsk"
              },
              "Yekaterinburg": {
                "exemplarCity": "Yekaterinburg"
              },
              "Yerevan": {
                "exemplarCity": "Yerevan"
              }
            },
            "Indian": {
              "Antananarivo": {
                "exemplarCity": "Antananarivo"
              },
              "Chagos": {
                "exemplarCity": "Chagos"
              },
              "Christmas": {
                "exemplarCity": "Christmas"
              },
              "Cocos": {
                "exemplarCity": "Cocos"
              },
              "Comoro": {
                "exemplarCity": "Comoro"
              },
              "Kerguelen": {
                "exemplarCity": "Kerguelen"
              },
              "Mahe": {
                "exemplarCity": "Mahe"
              },
              "Maldives": {
                "exemplarCity": "Maldives"
              },
              "Mauritius": {
                "exemplarCity": "Mauritius"
              },
              "Mayotte": {
                "exemplarCity": "Mayotte"
              },
              "Reunion": {
                "exemplarCity": "Reunion"
              }
            },
            "Australia": {
              "Adelaide": {
                "exemplarCity": "Adelaide"
              },
              "Brisbane": {
                "exemplarCity": "Brisbane"
              },
              "Broken_Hill": {
                "exemplarCity": "Broken Hill"
              },
              "Currie": {
                "exemplarCity": "Currie"
              },
              "Darwin": {
                "exemplarCity": "Darwin"
              },
              "Eucla": {
                "exemplarCity": "Eucla"
              },
              "Hobart": {
                "exemplarCity": "Hobart"
              },
              "Lindeman": {
                "exemplarCity": "Lindeman"
              },
              "Lord_Howe": {
                "exemplarCity": "Lord Howe"
              },
              "Melbourne": {
                "exemplarCity": "Melbourne"
              },
              "Perth": {
                "exemplarCity": "Perth"
              },
              "Sydney": {
                "exemplarCity": "Sydney"
              }
            },
            "Pacific": {
              "Apia": {
                "exemplarCity": "Apia"
              },
              "Auckland": {
                "exemplarCity": "Auckland"
              },
              "Bougainville": {
                "exemplarCity": "Bougainville"
              },
              "Chatham": {
                "exemplarCity": "Chatham"
              },
              "Easter": {
                "exemplarCity": "Easter"
              },
              "Efate": {
                "exemplarCity": "Efate"
              },
              "Enderbury": {
                "exemplarCity": "Enderbury"
              },
              "Fakaofo": {
                "exemplarCity": "Fakaofo"
              },
              "Fiji": {
                "exemplarCity": "Fiji"
              },
              "Funafuti": {
                "exemplarCity": "Funafuti"
              },
              "Galapagos": {
                "exemplarCity": "Galapagos"
              },
              "Gambier": {
                "exemplarCity": "Gambier"
              },
              "Guadalcanal": {
                "exemplarCity": "Guadalcanal"
              },
              "Guam": {
                "exemplarCity": "Guam"
              },
              "Honolulu": {
                "exemplarCity": "Honolulu"
              },
              "Johnston": {
                "exemplarCity": "Johnston"
              },
              "Kiritimati": {
                "exemplarCity": "Kiritimati"
              },
              "Kosrae": {
                "exemplarCity": "Kosrae"
              },
              "Kwajalein": {
                "exemplarCity": "Kwajalein"
              },
              "Majuro": {
                "exemplarCity": "Majuro"
              },
              "Marquesas": {
                "exemplarCity": "Marquesas"
              },
              "Midway": {
                "exemplarCity": "Midway"
              },
              "Nauru": {
                "exemplarCity": "Nauru"
              },
              "Niue": {
                "exemplarCity": "Niue"
              },
              "Norfolk": {
                "exemplarCity": "Norfolk"
              },
              "Noumea": {
                "exemplarCity": "Noumea"
              },
              "Pago_Pago": {
                "exemplarCity": "Pago Pago"
              },
              "Palau": {
                "exemplarCity": "Palau"
              },
              "Pitcairn": {
                "exemplarCity": "Pitcairn"
              },
              "Ponape": {
                "exemplarCity": "Pohnpei"
              },
              "Port_Moresby": {
                "exemplarCity": "Port Moresby"
              },
              "Rarotonga": {
                "exemplarCity": "Rarotonga"
              },
              "Saipan": {
                "exemplarCity": "Saipan"
              },
              "Tahiti": {
                "exemplarCity": "Tahiti"
              },
              "Tarawa": {
                "exemplarCity": "Tarawa"
              },
              "Tongatapu": {
                "exemplarCity": "Tongatapu"
              },
              "Truk": {
                "exemplarCity": "Chuuk"
              },
              "Wake": {
                "exemplarCity": "Wake"
              },
              "Wallis": {
                "exemplarCity": "Wallis"
              }
            },
            "Arctic": {
              "Longyearbyen": {
                "exemplarCity": "Longyearbyen"
              }
            },
            "Antarctica": {
              "Casey": {
                "exemplarCity": "Casey"
              },
              "Davis": {
                "exemplarCity": "Davis"
              },
              "DumontDUrville": {
                "exemplarCity": "Dumont d’Urville"
              },
              "Macquarie": {
                "exemplarCity": "Macquarie"
              },
              "Mawson": {
                "exemplarCity": "Mawson"
              },
              "McMurdo": {
                "exemplarCity": "McMurdo"
              },
              "Palmer": {
                "exemplarCity": "Palmer"
              },
              "Rothera": {
                "exemplarCity": "Rothera"
              },
              "Syowa": {
                "exemplarCity": "Syowa"
              },
              "Troll": {
                "exemplarCity": "Troll"
              },
              "Vostok": {
                "exemplarCity": "Vostok"
              }
            },
            "Etc": {
              "UTC": {
                "long": {
                  "standard": "Xexeme gaƒoƒoɖoanyi me"
                },
                "short": {
                  "standard": "UTC"
                }
              },
              "Unknown": {
                "exemplarCity": "Du manya"
              }
            }
          },
          "metazone": {
            "Afghanistan": {
              "long": {
                "standard": "Afghanistan gaƒoƒo me"
              }
            },
            "Africa_Central": {
              "long": {
                "standard": "Central Africa gaƒoƒo me"
              },
              "short": {
                "standard": "CAT"
              }
            },
            "Africa_Eastern": {
              "long": {
                "standard": "East Africa gaƒoƒo me"
              },
              "short": {
                "standard": "EAT"
              }
            },
            "Africa_Southern": {
              "long": {
                "standard": "South Africa nutome gaƒoƒo me"
              },
              "short": {
                "standard": "SAST"
              }
            },
            "Africa_Western": {
              "long": {
                "generic": "West Africa gaƒoƒo me",
                "standard": "West Africa nutome gaƒoƒo me",
                "daylight": "West Africa dzomeŋɔli gaƒoƒo me"
              },
              "short": {
                "generic": "WAT",
                "standard": "WAT",
                "daylight": "WAST"
              }
            },
            "Alaska": {
              "long": {
                "generic": "Alaska gaƒoƒome",
                "standard": "Alaska nutome gaƒoƒo me",
                "daylight": "Alaska kele gaƒoƒo me"
              }
            },
            "Amazon": {
              "long": {
                "generic": "Amazon gaƒoƒome",
                "standard": "Amazon nutome gaƒoƒo me",
                "daylight": "Amazon dzomeŋɔli gaƒoƒo me"
              }
            },
            "America_Central": {
              "long": {
                "generic": "Titina America gaƒoƒome",
                "standard": "Titina America nutome gaƒoƒo me",
                "daylight": "Titina America kele gaƒoƒo me"
              }
            },
            "America_Eastern": {
              "long": {
                "generic": "Eastern America gaƒoƒo me",
                "standard": "Eastern America nutome gaƒoƒo me",
                "daylight": "Eastern America kele gaƒoƒo me"
              }
            },
            "America_Mountain": {
              "long": {
                "generic": "Mountain gaƒoƒo me",
                "standard": "Mountain nutome gaƒoƒo me",
                "daylight": "Mountain kele gaƒoƒo me"
              }
            },
            "America_Pacific": {
              "long": {
                "generic": "Pacific gaƒoƒome",
                "standard": "Pacific nutome gaƒoƒo me",
                "daylight": "Pacific kele gaƒoƒo me"
              }
            },
            "Apia": {
              "long": {
                "generic": "Apia gaƒoƒo me",
                "standard": "Apia nutome gaƒoƒo me",
                "daylight": "Apia kele gaƒoƒo me"
              }
            },
            "Arabian": {
              "long": {
                "generic": "Arabia gaƒoƒo me",
                "standard": "Arabia nutome gaƒoƒo me",
                "daylight": "Arabia dzomeŋɔli gaƒoƒo me"
              }
            },
            "Argentina": {
              "long": {
                "generic": "Argentina gaƒoƒo me",
                "standard": "Argentina nutome gaƒoƒo me",
                "daylight": "Argentina dzomeŋɔli gaƒoƒo me"
              }
            },
            "Argentina_Western": {
              "long": {
                "generic": "Ɣetoɖoƒe Argentina gaƒoƒo me",
                "standard": "Ɣetoɖoƒe Argentina nutome gaƒoƒo me",
                "daylight": "Ɣetoɖoƒe Argentina dzomeŋɔli gaƒoƒo me"
              }
            },
            "Armenia": {
              "long": {
                "generic": "Armenia gaƒoƒo me",
                "standard": "Armenia nutome gaƒoƒo me",
                "daylight": "Armenia dzomeŋɔli gaƒoƒo me"
              }
            },
            "Atlantic": {
              "long": {
                "generic": "Atlantic gaƒoƒome",
                "standard": "Atlantic nutome gaƒoƒome",
                "daylight": "Atlantic kele gaƒoƒome"
              }
            },
            "Australia_Central": {
              "long": {
                "generic": "Central Australia gaƒoƒo me",
                "standard": "Australian Central nutome gaƒoƒo me",
                "daylight": "Australian Central dzomeli gaƒoƒo me"
              }
            },
            "Australia_CentralWestern": {
              "long": {
                "generic": "Australian Central Australia ɣetoɖofe gaƒoƒo me",
                "standard": "Australian Central Western nutome gaƒoƒo me",
                "daylight": "Australian Central Western kele gaƒoƒo me"
              }
            },
            "Australia_Eastern": {
              "long": {
                "generic": "Eastern Australia gaƒoƒo me",
                "standard": "Australian Eastern nutome gaƒoƒo me",
                "daylight": "Australian Eastern kele gaƒoƒo me"
              }
            },
            "Australia_Western": {
              "long": {
                "generic": "Western Australia gaƒoƒo me",
                "standard": "Australian Western nutome gaƒoƒo me",
                "daylight": "Australian Western kele gaƒoƒo me"
              }
            },
            "Azerbaijan": {
              "long": {
                "generic": "Azerbaijan gaƒoƒo me",
                "standard": "Azerbaijan nutome gaƒoƒo me",
                "daylight": "Azerbaijan dzomeŋɔli gaƒoƒo me"
              }
            },
            "Azores": {
              "long": {
                "generic": "Azores gaƒoƒo me",
                "standard": "Azores nutome gaƒoƒo me",
                "daylight": "Azores dzomeŋɔli gaƒoƒo me"
              }
            },
            "Bangladesh": {
              "long": {
                "generic": "Bangladesh gaƒoƒo me",
                "standard": "Bangladesh nutome gaƒoƒo me",
                "daylight": "Bangladesh dzomeŋɔli gaƒoƒo me"
              }
            },
            "Bhutan": {
              "long": {
                "standard": "Bhutan gaƒoƒo me"
              }
            },
            "Bolivia": {
              "long": {
                "standard": "Bolivia gaƒoƒo me"
              }
            },
            "Brasilia": {
              "long": {
                "generic": "Brasilia gaƒoƒo me",
                "standard": "Brasilia nutome gaƒoƒo me",
                "daylight": "Brasilia dzomeŋɔli gaƒoƒo me"
              }
            },
            "Brunei": {
              "long": {
                "standard": "Brunei Darussalam gaƒoƒo me"
              }
            },
            "Cape_Verde": {
              "long": {
                "generic": "Cape Verde gaƒoƒo me",
                "standard": "Cape Verde nutome gaƒoƒo me",
                "daylight": "Cape Verde dzomeŋɔli gaƒoƒo me"
              }
            },
            "Chamorro": {
              "long": {
                "standard": "Chamorro gaƒoƒo me"
              }
            },
            "Chatham": {
              "long": {
                "generic": "Chatham gaƒoƒo me",
                "standard": "Chatham nutome gaƒoƒo me",
                "daylight": "Chatham kele gaƒoƒo me"
              }
            },
            "Chile": {
              "long": {
                "generic": "Chile gaƒoƒo me",
                "standard": "Chile nutome gaƒoƒo me",
                "daylight": "Chile dzomeŋɔli gaƒoƒo me"
              }
            },
            "China": {
              "long": {
                "generic": "China gaƒoƒo me",
                "standard": "China nutome gaƒoƒo me",
                "daylight": "China kele gaƒoƒo me"
              }
            },
            "Choibalsan": {
              "long": {
                "generic": "Choibalsan gaƒoƒo me",
                "standard": "Choibalsan nutome gaƒoƒo me",
                "daylight": "Choibalsan dzomeŋɔli gaƒoƒo me"
              }
            },
            "Christmas": {
              "long": {
                "standard": "Christmas Island gaƒoƒo me"
              }
            },
            "Cocos": {
              "long": {
                "standard": "Cocos Islands gaƒoƒo me"
              }
            },
            "Colombia": {
              "long": {
                "generic": "Colombia gaƒoƒo me",
                "standard": "Colombia nutome gaƒoƒo me",
                "daylight": "Colombia dzomeŋɔli gaƒoƒo me"
              }
            },
            "Cook": {
              "long": {
                "generic": "Cook Islands gaƒoƒo me",
                "standard": "Cook Islands nutome gaƒoƒo me",
                "daylight": "Cook Islands dzomeŋɔli gaƒoƒo me"
              }
            },
            "Cuba": {
              "long": {
                "generic": "Cuba gaƒoƒome",
                "standard": "Cuba nutome gaƒoƒome",
                "daylight": "Cuba kele gaƒoƒome"
              }
            },
            "Davis": {
              "long": {
                "standard": "Davis gaƒoƒo me"
              }
            },
            "DumontDUrville": {
              "long": {
                "standard": "Dumont-d’Urville gaƒoƒo me"
              }
            },
            "East_Timor": {
              "long": {
                "standard": "East Timor gaƒoƒo me"
              }
            },
            "Easter": {
              "long": {
                "generic": "Easter Island gaƒoƒo me",
                "standard": "Easter Island nutome gaƒoƒo me",
                "daylight": "Easter Island dzomeŋɔli gaƒoƒo me"
              }
            },
            "Ecuador": {
              "long": {
                "standard": "Ecuador gaƒoƒo me"
              }
            },
            "Europe_Central": {
              "long": {
                "generic": "Central Europe gaƒoƒo me",
                "standard": "Central Europe nutome gaƒoƒo me",
                "daylight": "Central Europe dzomeŋɔli gaƒoƒo me"
              }
            },
            "Europe_Eastern": {
              "long": {
                "generic": "Ɣedzeƒe Europe gaƒoƒome",
                "standard": "Ɣedzeƒe Europe gaƒoƒoɖoanyime",
                "daylight": "Ɣedzeƒe Europe ŋkekeme gaƒoƒome"
              }
            },
            "Europe_Western": {
              "long": {
                "generic": "Western Europe gaƒoƒo me",
                "standard": "Western Europe nutome gaƒoƒo me",
                "daylight": "Western Europe dzomeŋɔli gaƒoƒo me"
              }
            },
            "Falkland": {
              "long": {
                "generic": "Falkland Islands gaƒoƒo me",
                "standard": "Falkland Islands nutome gaƒoƒo me",
                "daylight": "Falkland Islands dzomeŋɔli gaƒoƒo me"
              }
            },
            "Fiji": {
              "long": {
                "generic": "Fiji gaƒoƒo me",
                "standard": "Fiji nutome gaƒoƒo me",
                "daylight": "Fiji dzomeŋɔli gaƒoƒo me"
              }
            },
            "French_Guiana": {
              "long": {
                "standard": "French Guiana gaƒoƒo me"
              }
            },
            "French_Southern": {
              "long": {
                "standard": "French Southern & Antarctic gaƒoƒo me"
              }
            },
            "Galapagos": {
              "long": {
                "standard": "Galapagos gaƒoƒo me"
              }
            },
            "Gambier": {
              "long": {
                "standard": "Gambier gaƒoƒo me"
              }
            },
            "Georgia": {
              "long": {
                "generic": "Georgia gaƒoƒo me",
                "standard": "Georgia nutome gaƒoƒo me",
                "daylight": "Georgia dzomeŋɔli gaƒoƒo me"
              }
            },
            "Gilbert_Islands": {
              "long": {
                "standard": "Gilbert Islands gaƒoƒo me"
              }
            },
            "GMT": {
              "long": {
                "standard": "Greenwich gaƒoƒo me"
              }
            },
            "Greenland_Eastern": {
              "long": {
                "generic": "East Greenland gaƒoƒome",
                "standard": "East Greenland nutome gaƒoƒo me",
                "daylight": "East Greenland dzomeŋɔli gaƒoƒo me"
              }
            },
            "Greenland_Western": {
              "long": {
                "generic": "West Greenland gaƒoƒo me",
                "standard": "West Greenland nutome gaƒoƒo me",
                "daylight": "West Greenland kele gaƒoƒo me"
              }
            },
            "Gulf": {
              "long": {
                "standard": "Gulf nutome gaƒoƒo me"
              }
            },
            "Guyana": {
              "long": {
                "standard": "Guyana gaƒoƒo me"
              }
            },
            "Hawaii_Aleutian": {
              "long": {
                "generic": "Hawaii-Aleutia gaƒoƒo me",
                "standard": "Hawaii-Aleutia nutome gaƒoƒo me",
                "daylight": "Hawaii-Aleutia kele gaƒoƒo me"
              }
            },
            "Hong_Kong": {
              "long": {
                "generic": "Hong Kong gaƒoƒo me",
                "standard": "Hong Kong nutome gaƒoƒo me",
                "daylight": "Hong Kong dzomeŋɔli gaƒoƒo me"
              }
            },
            "Hovd": {
              "long": {
                "generic": "Hovd gaƒoƒo me",
                "standard": "Hovd nutome gaƒoƒo me",
                "daylight": "Hovd dzomeŋɔli gaƒoƒo me"
              }
            },
            "India": {
              "long": {
                "standard": "India gaƒoƒo me"
              }
            },
            "Indian_Ocean": {
              "long": {
                "standard": "Indian Ocean gaƒoƒo me"
              }
            },
            "Indochina": {
              "long": {
                "standard": "Indonesia gaƒoƒo me"
              }
            },
            "Indonesia_Central": {
              "long": {
                "standard": "Central Indonesia gaƒoƒo me"
              }
            },
            "Indonesia_Eastern": {
              "long": {
                "standard": "Eastern Indonesia gaƒoƒo me"
              }
            },
            "Indonesia_Western": {
              "long": {
                "standard": "Western Indonesia gaƒoƒo me"
              }
            },
            "Iran": {
              "long": {
                "generic": "Iran gaƒoƒo me",
                "standard": "Iran nutome gaƒoƒo me",
                "daylight": "Iran kele gaƒoƒo me"
              }
            },
            "Irkutsk": {
              "long": {
                "generic": "Irkutsk gaƒoƒo me",
                "standard": "Irkutsk nutome gaƒoƒo me",
                "daylight": "Irkutsk dzomeŋɔli gaƒoƒo me"
              }
            },
            "Israel": {
              "long": {
                "generic": "Israel gaƒoƒo me",
                "standard": "Israel nutome gaƒoƒo me",
                "daylight": "Israel kele gaƒoƒo me"
              }
            },
            "Japan": {
              "long": {
                "generic": "Japan gaƒoƒo me",
                "standard": "Japan nutome gaƒoƒo me",
                "daylight": "Japan dzomeŋɔli gaƒoƒo me"
              }
            },
            "Kazakhstan_Eastern": {
              "long": {
                "standard": "East Kazakhstan gaƒoƒo me"
              }
            },
            "Kazakhstan_Western": {
              "long": {
                "standard": "West Kazakhstan gaƒoƒo me"
              }
            },
            "Korea": {
              "long": {
                "generic": "Korea gaƒoƒo me",
                "standard": "Korea nutome gaƒoƒo me",
                "daylight": "Korea dzomeŋɔli gaƒoƒo me"
              }
            },
            "Kosrae": {
              "long": {
                "standard": "Kosrae gaƒoƒo me"
              }
            },
            "Krasnoyarsk": {
              "long": {
                "generic": "Krasnoyarsk gaƒoƒo me",
                "standard": "Krasnoyarsk nutome gaƒoƒo me",
                "daylight": "Krasnoyarsk dzomeŋɔli gaƒoƒo me"
              }
            },
            "Kyrgystan": {
              "long": {
                "standard": "Kyrgystan gaƒoƒo me"
              }
            },
            "Line_Islands": {
              "long": {
                "standard": "Line Islands gaƒoƒo me"
              }
            },
            "Lord_Howe": {
              "long": {
                "generic": "Lord Howe gaƒoƒo me",
                "standard": "Lord Howe nutome gaƒoƒo me",
                "daylight": "Lord Howe kele gaƒoƒo me"
              }
            },
            "Macquarie": {
              "long": {
                "standard": "Macquarie Island gaƒoƒo me"
              }
            },
            "Magadan": {
              "long": {
                "generic": "Magadan gaƒoƒo me",
                "standard": "Magadan nutome gaƒoƒo me",
                "daylight": "Magadan dzomeŋɔli gaƒoƒo me"
              }
            },
            "Malaysia": {
              "long": {
                "standard": "Malaysia gaƒoƒo me"
              }
            },
            "Maldives": {
              "long": {
                "standard": "Maldives gaƒoƒo me"
              }
            },
            "Marquesas": {
              "long": {
                "standard": "Marquesas gaƒoƒo me"
              }
            },
            "Marshall_Islands": {
              "long": {
                "standard": "Marshall Islands gaƒoƒo me"
              }
            },
            "Mauritius": {
              "long": {
                "generic": "Mauritius gaƒoƒo me",
                "standard": "Mauritius nutome gaƒoƒo me",
                "daylight": "Mauritius dzomeŋɔli gaƒoƒo me"
              }
            },
            "Mawson": {
              "long": {
                "standard": "Mawson gaƒoƒo me"
              }
            },
            "Mexico_Northwest": {
              "long": {
                "generic": "Northwest Mexico gaƒoƒo me",
                "standard": "Northwest Mexico nutome gaƒoƒo me",
                "daylight": "Northwest Mexico kele gaƒoƒo me"
              }
            },
            "Mexico_Pacific": {
              "long": {
                "generic": "Mexican Pacific gaƒoƒo me",
                "standard": "Mexican Pacific nutome gaƒoƒo me",
                "daylight": "Mexican Pacific kele gaƒoƒome"
              }
            },
            "Mongolia": {
              "long": {
                "generic": "Ulan Bator gaƒoƒo me",
                "standard": "Ulan Bator nutome gaƒoƒo me",
                "daylight": "Ulan Bator dzomeŋɔli gaƒoƒo me"
              }
            },
            "Moscow": {
              "long": {
                "generic": "Moscow gaƒoƒo me",
                "standard": "Moscow nutome gaƒoƒo me",
                "daylight": "Moscow dzomeŋɔli gaƒoƒo me"
              }
            },
            "Myanmar": {
              "long": {
                "standard": "Myanmar gaƒoƒo me"
              }
            },
            "Nauru": {
              "long": {
                "standard": "Nauru gaƒoƒo me"
              }
            },
            "Nepal": {
              "long": {
                "standard": "Nepal gaƒoƒo me"
              }
            },
            "New_Caledonia": {
              "long": {
                "generic": "New Caledonia gaƒoƒo me",
                "standard": "New Caledonia nutome gaƒoƒo me",
                "daylight": "New Caledonia dzomeŋɔli gaƒoƒo me"
              }
            },
            "New_Zealand": {
              "long": {
                "generic": "New Zealand gaƒoƒo me",
                "standard": "New Zealand nutome gaƒoƒo me",
                "daylight": "New Zealand kele gaƒoƒo me"
              }
            },
            "Newfoundland": {
              "long": {
                "generic": "Newfoundland gaƒoƒome",
                "standard": "Newfoundland nutome gaƒoƒome",
                "daylight": "Newfoundland kele gaƒoƒome"
              }
            },
            "Niue": {
              "long": {
                "standard": "Niue gaƒoƒo me"
              }
            },
            "Norfolk": {
              "long": {
                "standard": "Norfolk Island gaƒoƒo me"
              }
            },
            "Noronha": {
              "long": {
                "generic": "Fernando de Noronha gaƒoƒo me",
                "standard": "Fernando de Noronha nutome gaƒoƒo me",
                "daylight": "Fernando de Noronha dzomeŋɔli gaƒoƒo me"
              }
            },
            "Novosibirsk": {
              "long": {
                "generic": "Novosibirsk gaƒoƒo me",
                "standard": "Novosibirsk nutome gaƒoƒo me",
                "daylight": "Novosibirsk dzomeŋɔli gaƒoƒo me"
              }
            },
            "Omsk": {
              "long": {
                "generic": "Omsk gaƒoƒo me",
                "standard": "Omsk nutome gaƒoƒo me",
                "daylight": "Omsk dzomeŋɔli gaƒoƒo me"
              }
            },
            "Pakistan": {
              "long": {
                "generic": "Pakistan gaƒoƒo me",
                "standard": "Pakistan nutome gaƒoƒo me",
                "daylight": "Pakistan dzomeŋɔli gaƒoƒo me"
              }
            },
            "Palau": {
              "long": {
                "standard": "Palau gaƒoƒo me"
              }
            },
            "Papua_New_Guinea": {
              "long": {
                "standard": "Papua New Guinea gaƒoƒo me"
              }
            },
            "Paraguay": {
              "long": {
                "generic": "Paraguay gaƒoƒo me",
                "standard": "Paraguay nutome gaƒoƒo me",
                "daylight": "Paraguay dzomeŋɔli gaƒoƒo me"
              }
            },
            "Peru": {
              "long": {
                "generic": "Peru gaƒoƒo me",
                "standard": "Peru nutome gaƒoƒo me",
                "daylight": "Peru dzomeŋɔli gaƒoƒome"
              }
            },
            "Philippines": {
              "long": {
                "generic": "Philippine gaƒoƒo me",
                "standard": "Philippine nutome gaƒoƒo me",
                "daylight": "Philippine dzomeŋɔli gaƒoƒo me"
              }
            },
            "Phoenix_Islands": {
              "long": {
                "standard": "Phoenix Islands gaƒoƒo me"
              }
            },
            "Pierre_Miquelon": {
              "long": {
                "generic": "St. Pierre & Miquelon gaƒoƒome",
                "standard": "St. Pierre & Miquelon nutome gaƒoƒome",
                "daylight": "St. Pierre & Miquelon kele gaƒoƒome"
              }
            },
            "Pitcairn": {
              "long": {
                "standard": "Pitcairn gaƒoƒo me"
              }
            },
            "Ponape": {
              "long": {
                "standard": "Ponape gaƒoƒo me"
              }
            },
            "Pyongyang": {
              "long": {
                "standard": "Pyongyang gaƒoƒo me"
              }
            },
            "Reunion": {
              "long": {
                "standard": "Reunion gaƒoƒo me"
              }
            },
            "Rothera": {
              "long": {
                "standard": "Rothera gaƒoƒo me"
              }
            },
            "Sakhalin": {
              "long": {
                "generic": "Sakhalin gaƒoƒo me",
                "standard": "Sakhalin nutome gaƒoƒo me",
                "daylight": "Sakhalin dzomeŋɔli gaƒoƒo me"
              }
            },
            "Samoa": {
              "long": {
                "generic": "Samoa gaƒoƒo me",
                "standard": "Samoa nutome gaƒoƒo me",
                "daylight": "Samoa kele gaƒoƒo me"
              }
            },
            "Seychelles": {
              "long": {
                "standard": "Seychelles gaƒoƒo me"
              }
            },
            "Singapore": {
              "long": {
                "standard": "Singapore nutome gaƒoƒo me"
              }
            },
            "Solomon": {
              "long": {
                "standard": "Solomon Islands gaƒoƒo me"
              }
            },
            "South_Georgia": {
              "long": {
                "standard": "South Georgia gaƒoƒo me"
              }
            },
            "Suriname": {
              "long": {
                "standard": "Suriname gaƒoƒome"
              }
            },
            "Syowa": {
              "long": {
                "standard": "Syowa gaƒoƒo me"
              }
            },
            "Tahiti": {
              "long": {
                "standard": "Tahiti gaƒoƒo me"
              }
            },
            "Taipei": {
              "long": {
                "generic": "Taipei gaƒoƒo me",
                "standard": "Taipei nutome gaƒoƒo me",
                "daylight": "Taipei kele gaƒoƒo me"
              }
            },
            "Tajikistan": {
              "long": {
                "standard": "Tajikistan gaƒoƒo me"
              }
            },
            "Tokelau": {
              "long": {
                "standard": "Tokelau gaƒoƒo me"
              }
            },
            "Tonga": {
              "long": {
                "generic": "Tonga gaƒoƒo me",
                "standard": "Tonga nutome gaƒoƒo me",
                "daylight": "Tonga dzomeŋɔli gaƒoƒo me"
              }
            },
            "Truk": {
              "long": {
                "standard": "Chuuk gaƒoƒo me"
              }
            },
            "Turkmenistan": {
              "long": {
                "generic": "Turkmenistan gaƒoƒo me",
                "standard": "Turkmenistan nutome gaƒoƒo me",
                "daylight": "Turkmenistan dzomeŋɔli gaƒoƒo me"
              }
            },
            "Tuvalu": {
              "long": {
                "standard": "Tuvalu gaƒoƒo me"
              }
            },
            "Uruguay": {
              "long": {
                "generic": "Uruguay gaƒoƒo me",
                "standard": "Uruguay nutome gaƒoƒo me",
                "daylight": "Uruguay dzomeŋɔli gaƒoƒo me"
              }
            },
            "Uzbekistan": {
              "long": {
                "generic": "Uzbekistan gaƒoƒo me",
                "standard": "Uzbekistan nutome gaƒoƒo me",
                "daylight": "Uzbekistan dzomeŋɔli gaƒoƒo me"
              }
            },
            "Vanuatu": {
              "long": {
                "generic": "Vanuatu gaƒoƒo me",
                "standard": "Vanuatu nutome gaƒoƒo me",
                "daylight": "Vanuatu dzomeŋɔli gaƒoƒo me"
              }
            },
            "Venezuela": {
              "long": {
                "standard": "Venezuela gaƒoƒo me"
              }
            },
            "Vladivostok": {
              "long": {
                "generic": "Vladivostok gaƒoƒo me",
                "standard": "Vladivostok nutome gaƒoƒo me",
                "daylight": "Vladivostok dzomeŋɔli gaƒoƒo me"
              }
            },
            "Volgograd": {
              "long": {
                "generic": "Volgograd gaƒoƒo me",
                "standard": "Volgograd nutome gaƒoƒo me",
                "daylight": "Vogograd dzomeŋɔli gaƒoƒo me"
              }
            },
            "Vostok": {
              "long": {
                "standard": "Vostok gaƒoƒo me"
              }
            },
            "Wake": {
              "long": {
                "standard": "Wake Island gaƒoƒo me"
              }
            },
            "Wallis": {
              "long": {
                "standard": "Wallis & Futuna gaƒoƒo me"
              }
            },
            "Yakutsk": {
              "long": {
                "generic": "Yakutsk gaƒoƒo me",
                "standard": "Yakutsk nutome gaƒoƒo me",
                "daylight": "Yakutsk dzomeŋɔli gaƒoƒo me"
              }
            },
            "Yekaterinburg": {
              "long": {
                "generic": "Yekaterinburg gaƒoƒo me",
                "standard": "Yekaterinburg nutome gaƒoƒo me",
                "daylight": "Yekaterinburg dzomeŋɔli gaƒoƒo me"
              }
            }
          }
        }
      }
    }
  }
}
