{
  "main": {
    "dav": {
      "identity": {
        "version": {
          "_number": "$Revision: 13133 $",
          "_cldrVersion": "32"
        },
        "language": "dav"
      },
      "dates": {
        "calendars": {
          "gregorian": {
            "months": {
              "format": {
                "abbreviated": {
                  "1": "Imb",
                  "2": "Kaw",
                  "3": "Kad",
                  "4": "Kan",
                  "5": "Kas",
                  "6": "Kar",
                  "7": "Mfu",
                  "8": "Wun",
                  "9": "Ike",
                  "10": "Iku",
                  "11": "Imw",
                  "12": "Iwi"
                },
                "narrow": {
                  "1": "I",
                  "2": "K",
                  "3": "K",
                  "4": "K",
                  "5": "K",
                  "6": "K",
                  "7": "M",
                  "8": "W",
                  "9": "I",
                  "10": "I",
                  "11": "I",
                  "12": "I"
                },
                "wide": {
                  "1": "Mori ghwa imbiri",
                  "2": "Mori ghwa kawi",
                  "3": "Mori ghwa kadadu",
                  "4": "Mori ghwa kana",
                  "5": "Mori ghwa kasanu",
                  "6": "Mori ghwa karandadu",
                  "7": "Mori ghwa mfungade",
                  "8": "Mori ghwa wunyanya",
                  "9": "Mori ghwa ikenda",
                  "10": "Mori ghwa ikumi",
                  "11": "Mori ghwa ikumi na imweri",
                  "12": "Mori ghwa ikumi na iwi"
                }
              },
              "stand-alone": {
                "abbreviated": {
                  "1": "Imb",
                  "2": "Kaw",
                  "3": "Kad",
                  "4": "Kan",
                  "5": "Kas",
                  "6": "Kar",
                  "7": "Mfu",
                  "8": "Wun",
                  "9": "Ike",
                  "10": "Iku",
                  "11": "Imw",
                  "12": "Iwi"
                },
                "narrow": {
                  "1": "I",
                  "2": "K",
                  "3": "K",
                  "4": "K",
                  "5": "K",
                  "6": "K",
                  "7": "M",
                  "8": "W",
                  "9": "I",
                  "10": "I",
                  "11": "I",
                  "12": "I"
                },
                "wide": {
                  "1": "Mori ghwa imbiri",
                  "2": "Mori ghwa kawi",
                  "3": "Mori ghwa kadadu",
                  "4": "Mori ghwa kana",
                  "5": "Mori ghwa kasanu",
                  "6": "Mori ghwa karandadu",
                  "7": "Mori ghwa mfungade",
                  "8": "Mori ghwa wunyanya",
                  "9": "Mori ghwa ikenda",
                  "10": "Mori ghwa ikumi",
                  "11": "Mori ghwa ikumi na imweri",
                  "12": "Mori ghwa ikumi na iwi"
                }
              }
            },
            "days": {
              "format": {
                "abbreviated": {
                  "sun": "Jum",
                  "mon": "Jim",
                  "tue": "Kaw",
                  "wed": "Kad",
                  "thu": "Kan",
                  "fri": "Kas",
                  "sat": "Ngu"
                },
                "narrow": {
                  "sun": "J",
                  "mon": "J",
                  "tue": "K",
                  "wed": "K",
                  "thu": "K",
                  "fri": "K",
                  "sat": "N"
                },
                "short": {
                  "sun": "Jum",
                  "mon": "Jim",
                  "tue": "Kaw",
                  "wed": "Kad",
                  "thu": "Kan",
                  "fri": "Kas",
                  "sat": "Ngu"
                },
                "wide": {
                  "sun": "Ituku ja jumwa",
                  "mon": "Kuramuka jimweri",
                  "tue": "Kuramuka kawi",
                  "wed": "Kuramuka kadadu",
                  "thu": "Kuramuka kana",
                  "fri": "Kuramuka kasanu",
                  "sat": "Kifula nguwo"
                }
              },
              "stand-alone": {
                "abbreviated": {
                  "sun": "Jum",
                  "mon": "Jim",
                  "tue": "Kaw",
                  "wed": "Kad",
                  "thu": "Kan",
                  "fri": "Kas",
                  "sat": "Ngu"
                },
                "narrow": {
                  "sun": "J",
                  "mon": "J",
                  "tue": "K",
                  "wed": "K",
                  "thu": "K",
                  "fri": "K",
                  "sat": "N"
                },
                "short": {
                  "sun": "Jum",
                  "mon": "Jim",
                  "tue": "Kaw",
                  "wed": "Kad",
                  "thu": "Kan",
                  "fri": "Kas",
                  "sat": "Ngu"
                },
                "wide": {
                  "sun": "Ituku ja jumwa",
                  "mon": "Kuramuka jimweri",
                  "tue": "Kuramuka kawi",
                  "wed": "Kuramuka kadadu",
                  "thu": "Kuramuka kana",
                  "fri": "Kuramuka kasanu",
                  "sat": "Kifula nguwo"
                }
              }
            },
            "quarters": {
              "format": {
                "abbreviated": {
                  "1": "K1",
                  "2": "K2",
                  "3": "K3",
                  "4": "K4"
                },
                "narrow": {
                  "1": "1",
                  "2": "2",
                  "3": "3",
                  "4": "4"
                },
                "wide": {
                  "1": "Kimu cha imbiri",
                  "2": "Kimu cha kawi",
                  "3": "Kimu cha kadadu",
                  "4": "Kimu cha kana"
                }
              },
              "stand-alone": {
                "abbreviated": {
                  "1": "K1",
                  "2": "K2",
                  "3": "K3",
                  "4": "K4"
                },
                "narrow": {
                  "1": "1",
                  "2": "2",
                  "3": "3",
                  "4": "4"
                },
                "wide": {
                  "1": "Kimu cha imbiri",
                  "2": "Kimu cha kawi",
                  "3": "Kimu cha kadadu",
                  "4": "Kimu cha kana"
                }
              }
            },
            "dayPeriods": {
              "format": {
                "abbreviated": {
                  "am": "Luma lwa K",
                  "pm": "luma lwa p"
                },
                "narrow": {
                  "am": "Luma lwa K",
                  "pm": "luma lwa p"
                },
                "wide": {
                  "am": "Luma lwa K",
                  "pm": "luma lwa p"
                }
              },
              "stand-alone": {
                "abbreviated": {
                  "am": "Luma lwa K",
                  "pm": "luma lwa p"
                },
                "narrow": {
                  "am": "Luma lwa K",
                  "pm": "luma lwa p"
                },
                "wide": {
                  "am": "Luma lwa K",
                  "pm": "luma lwa p"
                }
              }
            },
            "eras": {
              "eraNames": {
                "0": "Kabla ya Kristo",
                "0-alt-variant": "BCE",
                "1": "Baada ya Kristo",
                "1-alt-variant": "CE"
              },
              "eraAbbr": {
                "0": "KK",
                "0-alt-variant": "BCE",
                "1": "BK",
                "1-alt-variant": "CE"
              },
              "eraNarrow": {
                "0": "KK",
                "0-alt-variant": "BCE",
                "1": "BK",
                "1-alt-variant": "CE"
              }
            },
            "dateFormats": {
              "full": "EEEE, d MMMM y",
              "long": "d MMMM y",
              "medium": "d MMM y",
              "short": "dd/MM/y"
            },
            "timeFormats": {
              "full": "HH:mm:ss zzzz",
              "long": "HH:mm:ss z",
              "medium": "HH:mm:ss",
              "short": "HH:mm"
            },
            "dateTimeFormats": {
              "full": "{1} {0}",
              "long": "{1} {0}",
              "medium": "{1} {0}",
              "short": "{1} {0}",
              "availableFormats": {
                "Bh": "h B",
                "Bhm": "h:mm B",
                "Bhms": "h:mm:ss B",
                "d": "d",
                "E": "ccc",
                "EBhm": "E h:mm B",
                "EBhms": "E h:mm:ss B",
                "Ed": "d, E",
                "Ehm": "E h:mm a",
                "EHm": "E HH:mm",
                "Ehms": "E h:mm:ss a",
                "EHms": "E HH:mm:ss",
                "Gy": "G y",
                "GyMMM": "G y MMM",
                "GyMMMd": "G y MMM d",
                "GyMMMEd": "G y MMM d, E",
                "h": "h a",
                "H": "HH",
                "hm": "h:mm a",
                "Hm": "HH:mm",
                "hms": "h:mm:ss a",
                "Hms": "HH:mm:ss",
                "hmsv": "h:mm:ss a v",
                "Hmsv": "HH:mm:ss v",
                "hmv": "h:mm a v",
                "Hmv": "HH:mm v",
                "M": "L",
                "Md": "M/d",
                "MEd": "E, M/d",
                "MMM": "LLL",
                "MMMd": "MMM d",
                "MMMEd": "E, MMM d",
                "MMMMd": "MMMM d",
                "MMMMEd": "E, MMMM d",
                "MMMMW-count-other": "'week' W 'of' MMMM",
                "ms": "mm:ss",
                "y": "y",
                "yM": "M/y",
                "yMd": "d/M/y",
                "yMEd": "E, M/d/y",
                "yMMM": "MMM y",
                "yMMMd": "d MMM y",
                "yMMMEd": "E, MMM d, y",
                "yMMMM": "MMMM y",
                "yQQQ": "QQQ y",
                "yQQQQ": "QQQQ y",
                "yw-count-other": "'week' w 'of' Y"
              },
              "appendItems": {
                "Day": "{0} ({2}: {1})",
                "Day-Of-Week": "{0} {1}",
                "Era": "{1} {0}",
                "Hour": "{0} ({2}: {1})",
                "Minute": "{0} ({2}: {1})",
                "Month": "{0} ({2}: {1})",
                "Quarter": "{0} ({2}: {1})",
                "Second": "{0} ({2}: {1})",
                "Timezone": "{0} {1}",
                "Week": "{0} ({2}: {1})",
                "Year": "{1} {0}"
              },
              "intervalFormats": {
                "intervalFormatFallback": "{0} – {1}",
                "d": {
                  "d": "d–d"
                },
                "h": {
                  "a": "h a – h a",
                  "h": "h–h a"
                },
                "H": {
                  "H": "HH–HH"
                },
                "hm": {
                  "a": "h:mm a – h:mm a",
                  "h": "h:mm–h:mm a",
                  "m": "h:mm–h:mm a"
                },
                "Hm": {
                  "H": "HH:mm–HH:mm",
                  "m": "HH:mm–HH:mm"
                },
                "hmv": {
                  "a": "h:mm a – h:mm a v",
                  "h": "h:mm–h:mm a v",
                  "m": "h:mm–h:mm a v"
                },
                "Hmv": {
                  "H": "HH:mm–HH:mm v",
                  "m": "HH:mm–HH:mm v"
                },
                "hv": {
                  "a": "h a – h a v",
                  "h": "h–h a v"
                },
                "Hv": {
                  "H": "HH–HH v"
                },
                "M": {
                  "M": "MM–MM"
                },
                "Md": {
                  "d": "MM-dd – MM-dd",
                  "M": "MM-dd – MM-dd"
                },
                "MEd": {
                  "d": "MM-dd, E – MM-dd, E",
                  "M": "MM-dd, E – MM-dd, E"
                },
                "MMM": {
                  "M": "LLL–LLL"
                },
                "MMMd": {
                  "d": "MMM d–d",
                  "M": "MMM d – MMM d"
                },
                "MMMEd": {
                  "d": "MMM d, E – MMM d, E",
                  "M": "MMM d, E – MMM d, E"
                },
                "y": {
                  "y": "y–y"
                },
                "yM": {
                  "M": "y-MM – y-MM",
                  "y": "y-MM – y-MM"
                },
                "yMd": {
                  "d": "y-MM-dd – y-MM-dd",
                  "M": "y-MM-dd – y-MM-dd",
                  "y": "y-MM-dd – y-MM-dd"
                },
                "yMEd": {
                  "d": "y-MM-dd, E – y-MM-dd, E",
                  "M": "y-MM-dd, E – y-MM-dd, E",
                  "y": "y-MM-dd, E – y-MM-dd, E"
                },
                "yMMM": {
                  "M": "y MMM–MMM",
                  "y": "y MMM – y MMM"
                },
                "yMMMd": {
                  "d": "y MMM d–d",
                  "M": "y MMM d – MMM d",
                  "y": "y MMM d – y MMM d"
                },
                "yMMMEd": {
                  "d": "y MMM d, E – MMM d, E",
                  "M": "y MMM d, E – MMM d, E",
                  "y": "y MMM d, E – y MMM d, E"
                },
                "yMMMM": {
                  "M": "y MMMM–MMMM",
                  "y": "y MMMM – y MMMM"
                }
              }
            }
          }
        }
      }
    }
  }
}
